movie_id,title,genre,language,country,release_year,runtime_minutes,certificate,imdb_rating,vote_count,popularity_score,budget_usd,revenue_usd,director,lead_actor,user_age_rating,weather,director_favorite_color,data_entry_date
M1290,Echoes of Time,Romance,Malayalam,USA,2020,167.0,UA,6.1,1149,59.0,132000000.0,597242670.0,Arjun Rao,Aarav,29,Cloudy,Blue,2024-06-25
M0121,Dream Catcher,Animation,Telugu,USA,2012,148.0,U,,5734,77.5,95000000.0,84031765.0,John Carter,Rahul,58,Hot,Yellow,2025-07-27
M0840,Wild Frontier,Animation,Hindi,Japan,2016,168.0,PG,4.4,21211,63.6,224000000.0,559859505.0,Raj Mehta,Ananya,51,Rainy,Red,2025-06-11
M1538,City of Dreams 2,Animation,Korean,South Korea,2015,150.0,U,7.2,606,63.8,96000000.0,128774803.0,S. Varma,Meera,36,Hot,Blue,2024-01-18
M2892,Rainy Day 43,Romance,Tamil,USA,2022,171.0,PG,6.9,1179,54.6,127000000.0,47263177.0,John Carter,Alex,63,Cloudy,Blue,2025-01-25
M1728,Broken Compass,Thriller,Hindi,South Korea,2010,159.0,U,5.8,252,35.9,205000000.0,822218294.0,John Carter,Riya,59,Sunny,Blue,2025-08-20
M2625,Kingdom of Ash 80,Thriller,Korean,USA,2010,123.0,A,6.8,289070,61.8,181000000.0,679567319.0,David Miller,Rahul,60,Rainy,Blue,2025-01-17
M2991,Dream Catcher 49,Comedy,Tamil,India,1995,95.0,R,8.6,1987,69.9,218000000.0,728357801.0,Raj Mehta,Sophia,53,Sunny,Blue,2026-09-11
M1761,A New Beginning 28,Fantasy,English,France,2013,97.0,UA,8.5,497,83.6,231000000.0,143639768.0,David Miller,Sophia,61,Sunny,Red,2024-04-19
M0865,Shadow Protocol,Horror,Korean,Japan,1999,183.0,UA,6.7,453,54.4,68000000.0,330510609.0,Ananya Sen,Meera,26,Cloudy,Blue,2025-11-23
M2381,Chasing Tomorrow 51,Mystery,Kannada,Australia,1996,108.0,R,9.6,265225,38.0,202000000.0,969410355.0,S. Varma,Sophia,65,Hot,Yellow,2025-09-22
M1256,Shadow Protocol,Action,Tamil,South Korea,2008,84.0,UA,8.3,78498,100.0,38000000.0,143591490.0,M. Wilson,Sophia,27,Hot,Green,2026-10-24
M2213,Parallel Worlds 78,Sci-Fi,Korean,Canada,2006,151.0,R,9.8,62041,57.9,156000000.0,121840591.0,David Miller,Ananya,26,Hot,Blue,2024-08-04
M3202,The Silent Witness 70,Mystery,Japanese,Japan,2023,101.0,PG-13,5.8,97741,95.4,234000000.0,599054576.0,M. Wilson,Sophia,16,Cool,Yellow,2024-11-05
M2283,The Silent Witness 72,Sci-Fi,English,USA,2010,161.0,PG-13,5.6,3966,26.4,24000000.0,52465786.0,Arjun Rao,Riya,55,Rainy,Red,2026-10-28
M0033,Love in Monsoon,Romance,Telugu,Australia,2015,163.0,U,7.1,570845,63.5,,3068892.0,Ananya Sen,Riya,42,Rainy,Black,2026-09-18
M2934,Neon Nights 41,Comedy,Tamil,UK,2014,190.0,PG-13,6.5,138,50.8,195000000.0,231658711.0,Arjun Rao,Riya,64,Rainy,Black,2026-03-09
M0466,The Last Horizon,Comedy,Tamil,Canada,1997,113.0,UA,9.1,130116,86.6,171000000.0,393068039.0,Priya Kumar,Aarav,18,Rainy,Green,2026-06-12
M0926,  AFTER THE STORM  ,Crime,Tamil,France,2021,131.0,UA,4.8,866,95.1,107000000.0,75254807.0,S. Varma,Alex,37,Cloudy,Green,2025-07-12
M1917,Parallel Worlds 11,Thriller,Malayalam,Australia,2025,132.0,PG,7.9,133012,52.9,202000000.0,529689843.0,S. Varma,Riya,45,Hot,Yellow,2025-11-01
M1335,Broken Compass,Action,Japanese,France,2005,188.0,UA,7.1,9206,55.2,80000000.0,340423112.0,M. Wilson,Ananya,19,Sunny,Blue,2026-11-22
M0018,Road to Victory 42,Action,English,Australia,2025,82.0,PG-13,8.1,10000000,83.6,149000000.0,88273061.0,David Miller,Aarav,45,Sunny,Red,2024-10-03
M1928,Love in Monsoon 67,,Telugu,Australia,2022,81.0,UA,7.3,2065,41.5,216000000.0,713464302.0,John Carter,Riya,18,Cloudy,Black,2024-04-08
M2529,Family Ties 77,Animation,Japanese,UK,2014,143.0,PG,6.6,275037,41.9,133000000.0,323497803.0,Priya Kumar,Daniel,60,Cloudy,Red,2024-01-14
M1412,A New Beginning 99,Drama,Kannada,USA,2006,164.0,UA,6.3,6283,55.9,245000000.0,420734400.0,Priya Kumar,Meera,26,Cloudy,Yellow,2026-10-19
M1941,Beyond the Valley,Drama,English,USA,2025,81.0,U,5.9,224,61.2,107000000.0,356416435.0,Ananya Sen,Kiran,37,Sunny,Green,2025-10-09
M1744,After the Storm 24,Animation,Telugu,South Korea,1999,104.0,U,6.7,159737,50.0,37000000.0,127911493.0,John Carter,Meera,33,Rainy,Yellow,2024-06-20
M0799,A New Beginning,Fantasy,Japanese,France,2016,89.0,R,6.7,7689,99.1,89000000.0,413193289.0,Ananya Sen,Aarav,31,Cloudy,Yellow,2024-07-02
M2729,A New Beginning 95,Crime,Hindi,India,2005,135.0,PG-13,7.5,114515,52.7,53000000.0,42231348.0,Raj Mehta,Daniel,64,Sunny,Black,2025-07-20
M1179,Shadow Protocol,Animation,Hindi,USA,2004,155.0,PG,6.3,114308,63.7,160000000.0,40915214.0,M. Wilson,Vikram,16,Rainy,Yellow,2026-06-19
M0803,Digital Hearts 22,Horror,Kannada,France,2012,125.0,UA,7.2,2835,34.7,221000000.0,819210861.0,Ananya Sen,Aarav,15,Sunny,Yellow,2024-09-13
M0185,A New Beginning,Horror,Kannada,Australia,2014,124.0,PG-13,6.6,136022,56.5,157000000.0,35254306.0,David Miller,Daniel,52,Cool,Blue,2026-03-11
M2197,Shadow Protocol 48,Thriller,Hindi,Canada,2015,85.0,PG-13,6.9,522,68.0,114000000.0,201598700.0,Priya Kumar,Vikram,57,Cloudy,Red,2026-11-12
M3301,The Great Escape,Comedy,English,Japan,2011,157.0,UA,6.8,15513,43.3,242000000.0,481605539.0,Raj Mehta,Alex,53,Cloudy,Green,2026-08-12
M1227,Kingdom of Ash 24,Horror,Korean,UK,2010,148.0,UA,7.5,278,78.6,69000000.0,249277139.0,,Alex,49,Sunny,Yellow,2025-01-03
M2576,Broken Compass,Drama,Malayalam,South Korea,2005,182.0,PG-13,,2353,54.3,246000000.0,267065094.0,Ananya Sen,Daniel,26,Cool,Black,2024-06-03
M2097,Ocean of Stars,Adventure,Tamil,UK,2002,175.0,A,6.2,54527,74.5,148000000.0,257580345.0,David Miller,Kiran,22,Hot,Black,2024-03-13
M1447,Wild Frontier 9,Adventure,Kannada,USA,1998,106.0,PG-13,5.1,589479,56.3,186000000.0,165979373.0,Arjun Rao,Aarav,31,Cloudy,Blue,2024-05-07
M2242,Kingdom of Ash 9,Animation,Korean,France,1995,132.0,PG-13,8.8,873,77.9,12000000.0,13093773.0,Ananya Sen,Vikram,15,Hot,Blue,2026-09-08
M0495,Golden Promise 12,Comedy,Telugu,Canada,2007,100.0,PG-13,6.8,1499,58.9,161000000.0,542778441.0,David Miller,Alex,56,Hot,Green,2025-08-28
M1133,Beyond the Valley,Animation,English,Canada,2008,89.0,R,4.5,1704,80.7,141000000.0,107879830.0,S. Varma,Sophia,43,Hot,Green,2026-05-27
M1668,The Missing Piece,Romance,English,UK,2018,109.0,PG-13,7.4,21829,63.3,233000000.0,1043754502.0,Priya Kumar,Kiran,38,Cool,Green,2024-10-14
M3411,The Silent Witness,Action,Telugu,India,2011,136.0,UA,6.9,24349,79.2,238000000.0,134551710.0,Arjun Rao,Meera,24,Hot,Green,2024-11-21
M1392,The Silent Witness,Crime,Telugu,India,2005,176.0,PG,5.2,2075,62.1,44000000.0,13016510.0,Arjun Rao,Rahul,35,Cool,Blue,2024-10-05
M0858,Lost in Mumbai 70,Sci-Fi,Tamil,France,2016,188.0,PG,6.9,61623,73.9,176000000.0,99050582.0,M. Wilson,Daniel,65,Hot,Red,2024-07-10
M2963,The Forgotten Code,Fantasy,English,India,2009,182.0,R,8.4,212,78.1,58000000.0,61003970.0,Arjun Rao,Meera,30,Cool,Red,2024-08-12
M0171,Golden Promise 99,Thriller,Hindi,UK,1997,75.0,U,7.6,308278,100.0,242000000.0,1059854783.0,David Miller,Rahul,41,Cool,Yellow,2026-07-04
M0555,Beyond the Valley,Drama,Malayalam,Canada,2013,97.0,PG-13,4.6,1304,90.2,17000000.0,21710400.0,John Carter,Ananya,56,Sunny,Yellow,2026-05-22
M1396,Digital Hearts,Drama,Hindi,USA,2012,184.0,UA,8.0,2323,37.0,218000000.0,1116241646.0,David Miller,Riya,24,Sunny,Green,2026-05-17
M2124,Mystery Lake,Crime,Japanese,India,2012,147.0,U,6.8,52578,45.4,229000000.0,758023974.0,Priya Kumar,Vikram,24,Sunny,Red,2024-07-23
M0701,Mystery Lake 71,Sci-Fi,Kannada,USA,2009,127.0,UA,7.2,118370,79.4,106000000.0,276451258.0,M. Wilson,Rahul,36,Rainy,Yellow,2026-03-18
M1948,Parallel Worlds,Crime,Kannada,Australia,2012,103.0,A,,14826,47.2,123000000.0,292798786.0,David Miller,Riya,27,Cloudy,Red,2024-08-11
M2442,A New Beginning,Thriller,English,Australia,2017,190.0,PG,6.8,6261,83.1,110000000.0,352250031.0,David Miller,Riya,15,Hot,Green,2024-05-27
M0777,Parallel Worlds 65,Drama,Tamil,UK,2003,173.0,UA,7.1,1205,42.0,202000000.0,1026751822.0,Raj Mehta,Ananya,20,Sunny,Red,2026-09-28
M1961,Golden Promise,Drama,Kannada,Canada,2003,113.0,R,6.9,481748,100.0,25000000.0,10549152.0,Arjun Rao,Rahul,30,Cool,Yellow,2024-09-25
M1092,Starlight 54,Action,Malayalam,Canada,2017,91.0,PG,8.0,156,69.9,44000000.0,68747019.0,Ananya Sen,Aarav,40,Rainy,Yellow,2026-07-07
M3310,The Last Letter 9,Sci-Fi,Japanese,France,2013,131.0,A,6.2,146,56.1,73000000.0,230806388.0,John Carter,Vikram,45,Hot,Red,2024-08-22
M3270,Secret Agent,Thriller,Japanese,South Korea,2003,103.0,PG-13,4.1,28658,51.2,176000000.0,663756050.0,Ananya Sen,Daniel,62,Hot,Black,2026-09-18
M0745,Mystery Lake 56,Fantasy,Korean,France,2024,162.0,PG,7.2,350669,74.3,183000000.0,772477989.0,Raj Mehta,Kiran,14,Hot,Blue,2024-10-10
M0027,Road to Victory 5,Comedy,Malayalam,UK,2015,140.0,PG-13,7.9,137026,71.6,103000000.0,122448595.0,John Carter,Aarav,19,Cool,Black,2025-12-26
M1770,Road to Victory 21,Comedy,Telugu,France,2016,137.0,R,6.3,318,79.8,32000000.0,85851025.0,John Carter,Kiran,36,Hot,Red,2025-02-03
M0933,Secret Agent 62,Drama,Kannada,UK,2025,162.0,U,9.0,26102,65.0,100000000.0,118919168.0,John Carter,Sophia,24,Hot,Green,2025-02-06
M1643,Ocean of Stars 30,Comedy,English,India,2017,152.0,R,,712427,59.7,160000000.0,507855380.0,S. Varma,Daniel,28,Rainy,Red,2024-07-21
M2023,Code Zero,Action,Telugu,Japan,2008,138.0,U,8.3,337,45.7,156000000.0,272041670.0,David Miller,Aarav,20,Cool,Red,2026-12-24
M1422,Shadow Protocol 22,Sci-Fi,English,India,2024,77.0,U,7.7,128,100.0,168000000.0,253222900.0,Ananya Sen,Rahul,36,Sunny,Blue,2024-05-10
M0782,Secret Agent 17,Animation,English,Australia,2013,155.0,R,7.1,629796,81.4,141000000.0,375701612.0,M. Wilson,Sophia,30,Rainy,Yellow,2025-04-11
M0535,Journey Home,Horror,Japanese,USA,1998,116.0,UA,8.4,2135,92.9,133000000.0,77149710.0,S. Varma,Rahul,18,Sunny,Blue,2025-03-16
M0403,A New Beginning,Adventure,Korean,France,1995,105.0,PG,8.3,1082,79.4,111000000.0,34521920.0,S. Varma,Kiran,26,Rainy,Black,2024-04-18
M0292,Mystery Lake 84,Animation,Telugu,UK,2001,170.0,UA,8.5,132,83.5,190000000.0,980765731.0,Ananya Sen,Alex,29,Rainy,Blue,2024-11-26
M0316,A New Beginning,Thriller,Telugu,France,2025,99.0,PG-13,6.4,197184,100.0,117000000.0,522996061.0,Arjun Rao,Kiran,17,Cool,Green,2025-02-26
M1030,Beyond the Valley,Adventure,Malayalam,Canada,2016,159.0,R,6.8,33137,23.3,49000000.0,142395135.0,Priya Kumar,Kiran,48,Cloudy,Red,2025-10-17
M2520,Kingdom of Ash,Action,English,South Korea,2003,175.0,R,6.0,896,91.6,62000000.0,251953810.0,Arjun Rao,Meera,32,Cloudy,Red,2025-09-15
M2551,Lost in Mumbai,Action,English,South Korea,2022,158.0,A,9.3,161,100.0,185000000.0,427826969.0,Ananya Sen,Rahul,29,Rainy,Black,2025-05-09
M2982,Midnight Train 76,Thriller,Malayalam,Australia,2000,162.0,R,8.3,826,67.1,198000000.0,503928990.0,S. Varma,Alex,60,Cool,Yellow,2024-02-06
M1779,Echoes of Time,Thriller,Japanese,Australia,2023,75.0,PG-13,8.0,236,87.6,48000000.0,244302419.0,Raj Mehta,Daniel,35,Hot,Yellow,2025-03-12
M1836,Dream Catcher,Mystery,,Canada,2023,,PG,8.4,215,74.8,36000000.0,42203764.0,Priya Kumar,Ananya,18,Sunny,Blue,2024-04-22
M0658,Beyond the Valley 96,Horror,Kannada,Canada,2016,145.0,R,7.6,1174,73.4,198000000.0,886540206.0,John Carter,Ananya,50,Hot,Blue,2024-03-21
M0416,The Last Horizon,Comedy,English,France,2000,115.0,U,7.3,155557,52.0,141000000.0,187757044.0,Arjun Rao,Meera,35,Rainy,Green,2025-04-02
M0930,City of Dreams,Fantasy,Korean,UK,2003,189.0,PG,8.9,45989,46.1,187000000.0,349833803.0,Ananya Sen,Meera,32,Cool,Green,2025-04-19
M3199,Broken Compass 76,Mystery,,USA,2013,173.0,PG-13,5.8,206,51.2,75000000.0,238314646.0,Priya Kumar,Meera,48,Hot,Yellow,2024-09-28
M1703,The Last Letter 57,Sci-Fi,Hindi,Canada,2005,111.0,U,7.8,62500,81.3,63000000.0,236107792.0,Priya Kumar,Kiran,16,Sunny,Blue,2026-12-18
M1515,Echoes of Time 11,Sci-Fi,Japanese,Japan,2022,104.0,R,6.7,241,67.3,12000000.0,35905571.0,S. Varma,Daniel,38,Rainy,Red,2026-10-28
M2309,Dream Catcher 5,Action,Tamil,South Korea,2014,130.0,UA,7.6,843,77.8,216000000.0,373665183.0,John Carter,Daniel,51,Cool,Black,2025-12-23
M3059,Secret Agent 27,,Korean,USA,2011,83.0,A,6.1,631868,51.1,163000000.0,375700044.0,Raj Mehta,Meera,20,Sunny,Black,2025-02-13
M0568,Shadow Protocol 58,Romance,Kannada,India,2006,78.0,U,6.6,3881,50.1,143000000.0,78628860.0,Ananya Sen,Ananya,31,Rainy,Red,2025-12-06
M2341,Code Zero,Fantasy,Tamil,Canada,2013,187.0,UA,6.6,151,60.1,119000000.0,468514861.0,Raj Mehta,Rahul,18,Cloudy,Green,2024-06-15
M2760,Wild Frontier,Crime,English,UK,2018,180.0,U,4.7,470,53.0,169000000.0,-500000.0,Ananya Sen,Riya,19,Hot,Black,2026-05-14
M0315,Journey Home 96,Adventure,Hindi,USA,2007,126.0,PG-13,6.4,139,58.0,151000000.0,619542532.0,John Carter,Kiran,50,Cloudy,Green,2025-04-20
M2343,Code Zero 98,Fantasy,English,Australia,2007,185.0,U,8.1,1440,72.8,136000000.0,282554731.0,Arjun Rao,Vikram,51,Rainy,Red,2026-07-04
M2108,Code Zero 10,Crime,Japanese,India,1999,98.0,PG-13,6.5,9053,49.5,1000000.0,430005.0,John Carter,Vikram,47,Hot,Green,2026-02-14
M2842,Shadow Protocol,Action,Japanese,Canada,2016,148.0,U,5.7,2375,59.5,97000000.0,108615330.0,M. Wilson,Aarav,50,Cool,Blue,2025-07-18
M0922,The Last Letter,Drama,Telugu,Japan,2006,118.0,U,7.9,289,79.4,207000000.0,41433701.0,Arjun Rao,Ananya,50,Cloudy,Yellow,2026-11-18
M0765,Digital Hearts 9,Action,Tamil,France,2008,136.0,R,7.1,18514,85.9,78000000.0,425146763.0,Raj Mehta,Kiran,43,Sunny,Black,2025-12-05
M0034,The Last Letter,Adventure,Korean,Australia,2014,115.0,UA,4.4,1293,64.5,244000000.0,96502200.0,M. Wilson,Meera,29,Rainy,Green,2026-08-21
M2488,After the Storm 85,Thriller,,India,2002,175.0,PG-13,7.1,4110,67.7,227000000.0,555016108.0,Arjun Rao,Vikram,20,Sunny,Green,2024-08-06
M0882,Journey Home,Crime,Japanese,South Korea,2012,146.0,U,4.4,129,91.4,190000000.0,625335159.0,Arjun Rao,Ananya,23,Cloudy,Black,2026-10-16
M3551,The Great Escape,Adventure,English,Japan,2020,173.0,PG-13,8.7,90556,72.6,197000000.0,588212282.0,Arjun Rao,Kiran,20,Sunny,Yellow,2026-05-06
M0595,The Last Horizon 60,Romance,Hindi,South Korea,2007,158.0,R,7.6,23556,43.6,81000000.0,142972924.0,Priya Kumar,Aarav,17,Rainy,Black,2025-10-16
M2819,Code Zero 19,Romance,Tamil,Canada,2004,127.0,U,7.4,146951,69.2,33000000.0,151511396.0,S. Varma,Sophia,28,Rainy,Green,2024-12-12
M0671,Kingdom of Ash 90,Thriller,Hindi,India,2005,136.0,U,5.5,26604,37.9,40000000.0,78818592.0,Arjun Rao,Kiran,31,Sunny,Yellow,2025-03-01
M0110,The Forgotten Code 48,Comedy,English,France,2008,98.0,PG,6.8,28615,75.0,171000000.0,664757036.0,Raj Mehta,Rahul,36,Cloudy,Blue,2025-02-12
M3023,Midnight Train,Comedy,English,India,2004,152.0,PG-13,7.3,2575,66.5,201000000.0,460070143.0,Arjun Rao,Rahul,38,Cloudy,Yellow,2025-05-11
M1238,Kingdom of Ash,Sci-Fi,Malayalam,UK,2000,120.0,U,8.2,183848,83.9,149000000.0,799314723.0,Ananya Sen,Daniel,47,Hot,Yellow,2026-09-08
M0180,A New Beginning 88,Crime,Telugu,Japan,2002,132.0,U,6.9,52370,79.5,96000000.0,488567685.0,M. Wilson,Riya,31,Hot,Blue,2024-12-05
M1612,A New Beginning,Romance,,France,2003,166.0,U,8.0,38323,71.0,205000000.0,512594095.0,M. Wilson,Meera,13,Sunny,Green,2024-10-08
M1957,Golden Promise,Comedy,Hindi,UK,2001,125.0,R,8.4,19405,84.2,237000000.0,496131636.0,Priya Kumar,Rahul,41,Rainy,Yellow,2025-12-02
M0212,Mystery Lake,Adventure,English,Japan,1995,104.0,U,6.1,117,49.4,139000000.0,701363930.0,S. Varma,Daniel,19,Rainy,Yellow,2024-07-16
M0622,Wild Frontier 48,Mystery,Telugu,Canada,2001,183.0,U,4.8,5077,74.2,100000000.0,334587295.0,S. Varma,Aarav,47,Hot,Green,2024-05-27
M0496,Neon Nights,Horror,Malayalam,Canada,2018,92.0,U,5.5,79570,43.6,67000000.0,30495521.0,S. Varma,Sophia,24,Hot,Black,2026-04-01
M1861,The Final Mission,Thriller,Kannada,South Korea,2013,171.0,A,6.2,17629,52.8,21000000.0,51328738.0,S. Varma,Alex,43,Rainy,Yellow,2025-06-11
M0264,Starlight 94,Comedy,Malayalam,Canada,1999,86.0,PG,7.6,110613,100.0,200000000.0,153399477.0,John Carter,Daniel,42,Sunny,Blue,2024-01-28
M2257,Starlight 76,Mystery,Korean,Japan,2002,96.0,A,9.5,7101,84.6,25000000.0,56895816.0,Arjun Rao,Aarav,21,Cloudy,Blue,2025-07-14
M2251,Code Zero,Adventure,English,India,2002,178.0,PG-13,7.2,16356,48.3,59000000.0,184857423.0,John Carter,Vikram,54,Rainy,Green,2024-04-24
M3397,Lost in Mumbai,Animation,Kannada,Australia,2011,,PG-13,6.6,103,87.2,37000000.0,86162619.0,Ananya Sen,Alex,58,Cool,Blue,2024-08-01
M2026,Shadow Protocol,Thriller,Telugu,South Korea,2021,133.0,PG-13,6.4,22532,24.5,78000000.0,423208915.0,M. Wilson,Ananya,50,Hot,Red,2025-03-12
M3160,Crimson Sky 21,Animation,Hindi,India,2010,113.0,R,7.2,49040,81.2,134000000.0,500934654.0,M. Wilson,Aarav,63,Cloudy,Black,2024-06-11
M1085,The Great Escape,Sci-Fi,English,,2006,77.0,PG,8.4,125,42.9,171000000.0,659589494.0,Arjun Rao,Vikram,19,Cool,Yellow,08-21-2025
M0071,Beyond the Valley,Mystery,English,South Korea,2018,173.0,PG,6.9,12886,52.0,169000000.0,604745962.0,Raj Mehta,Alex,36,Rainy,Blue,2025-06-24
M2074,The Final Mission,Horror,Korean,South Korea,1995,100.0,A,8.1,5272,80.3,27000000.0,107927753.0,M. Wilson,Vikram,61,Rainy,Black,2025-11-16
M2792,Kingdom of Ash,Adventure,English,Canada,2008,139.0,UA,6.6,6877,29.4,169000000.0,381714262.0,Priya Kumar,Ananya,37,Cool,Green,2026-03-12
M2659,The Final Mission,Drama,Japanese,,2016,100.0,PG,7.3,557596,64.2,40000000.0,77776981.0,M. Wilson,Riya,50,Cloudy,Blue,2026-04-02
M1053,Wild Frontier 39,Horror,Japanese,India,2009,124.0,PG,5.9,294,75.4,228000000.0,127293579.0,Arjun Rao,Sophia,34,Rainy,Green,2026-03-01
M3225,Digital Hearts 9,Mystery,Malayalam,Australia,2016,155.0,PG,7.1,7798,91.0,189000000.0,874249512.0,David Miller,Sophia,58,Cool,Black,2024-12-03
M0539,Hidden Truth,Thriller,Malayalam,Canada,2020,150.0,UA,7.5,3159,65.1,108000000.0,43921317.0,M. Wilson,Aarav,20,Cool,Green,2024-01-14
M2531,Secret Agent,Sci-Fi,Tamil,,2010,92.0,UA,3.6,293,68.0,79000000.0,190275917.0,David Miller,Riya,29,Rainy,Blue,2024-02-18
M0184,Ocean of Stars,Animation,Telugu,Japan,2001,110.0,A,6.9,20314,86.9,193000000.0,446739865.0,Ananya Sen,Meera,20,Cloudy,Black,2026-11-11
M0094,The Missing Piece 46,Horror,Telugu,Canada,2011,156.0,U,8.4,1774,65.4,30000000.0,148388193.0,David Miller,Daniel,25,Rainy,Yellow,2024-11-03
M3487,The Great Escape 87,Adventure,Japanese,Australia,1996,114.0,U,4.8,2808,71.6,6000000.0,4274732.0,Ananya Sen,Sophia,29,Hot,Black,2025-04-02
M3055,Parallel Worlds 2,Comedy,English,UK,2005,81.0,PG,6.8,130430,75.5,184000000.0,160849457.0,Priya Kumar,Sophia,42,Hot,Green,2025-06-14
M2518,Parallel Worlds 33,Mystery,Korean,Japan,2001,190.0,R,7.6,131706,34.1,233000000.0,211321603.0,Ananya Sen,Vikram,50,Cool,Green,2025-12-18
M2770,Chasing Tomorrow,Fantasy,English,UK,2017,171.0,UA,7.5,2928,43.5,89000000.0,481237066.0,Raj Mehta,Riya,42,Hot,Blue,2026-01-14
M2527,The Great Escape,Adventure,Korean,France,2019,179.0,PG,8.3,118879,96.8,103000000.0,159195281.0,John Carter,Meera,38,Sunny,Yellow,2025-03-01
M3165,Shadow Protocol 98,Horror,English,South Korea,2022,167.0,U,9.5,370,58.3,209000000.0,246971883.0,John Carter,Aarav,25,Hot,Red,2025-09-15
M0230,Hidden Truth 95,Sci-Fi,Telugu,France,1998,167.0,PG,5.4,405509,86.1,1000000.0,5346608.0,S. Varma,Sophia,47,Hot,Blue,2025-10-21
M3455,Code Zero 67,Comedy,Kannada,USA,2004,78.0,R,8.3,139300,60.1,174000000.0,708998178.0,S. Varma,Riya,55,Cool,Blue,2026-09-27
M0810,Chasing Tomorrow,Action,Kannada,France,2008,114.0,U,7.5,84791,89.6,190000000.0,191112907.0,John Carter,Ananya,61,Cool,Black,2026-08-11
M3341,Rainy Day,Adventure,Korean,USA,2003,103.0,PG,6.6,18859,50.6,201000000.0,196873569.0,David Miller,Vikram,57,Rainy,Black,2026-08-05
M2247,Midnight Train,,Malayalam,India,2002,105.0,R,7.1,233,48.2,3000000.0,12593089.0,S. Varma,Ananya,34,Sunny,Black,2026-06-05
M1296,City of Dreams 39,Adventure,Japanese,France,1998,151.0,U,6.2,30721,43.4,176000000.0,101145796.0,David Miller,Vikram,53,Sunny,Black,2026-10-12
M0280,Road to Victory 59,Comedy,Tamil,France,2004,101.0,UA,7.0,128515,79.2,193000000.0,531149213.0,John Carter,Aarav,37,Hot,Black,2026-06-18
M1610,Code Zero,,Kannada,USA,2019,152.0,PG,6.7,108,77.3,19000000.0,48349049.0,Ananya Sen,Vikram,47,Cool,Green,2024-05-12
M1671,Echoes of Time,Horror,Kannada,South Korea,2011,94.0,PG,7.6,4166,66.6,76000000.0,146892277.0,,Rahul,22,Rainy,Red,2025-12-05
M1028,Beyond the Valley 13,Adventure,Japanese,Japan,2017,146.0,PG-13,7.8,221742,56.4,237000000.0,1007878058.0,Arjun Rao,Daniel,53,Cloudy,Green,2025-10-17
M1223,Chasing Tomorrow,,Hindi,USA,1998,114.0,U,9.2,10585,85.5,248000000.0,116851941.0,M. Wilson,Alex,44,Hot,Blue,2025-01-01
M3271,Starlight 52,Mystery,Hindi,Australia,2013,102.0,PG,7.5,1354,56.0,184000000.0,218854164.0,S. Varma,Daniel,59,Cloudy,Yellow,2026-01-18
M1038,Crimson Sky 31,Comedy,Hindi,France,2004,130.0,R,9.8,6294,70.3,149000000.0,684231484.0,M. Wilson,Meera,22,Hot,Yellow,2025-01-18
M0677,Digital Hearts 76,Adventure,Korean,Canada,2012,143.0,R,7.2,183,64.0,211000000.0,622263322.0,Arjun Rao,Ananya,36,Sunny,Red,2024-06-18
M1042,Wild Frontier 31,Thriller,Kannada,South Korea,2024,129.0,PG,,1137,94.1,23000000.0,34927719.0,David Miller,Vikram,27,Cool,Yellow,2026-09-26
M0150,Crimson Sky 50,Sci-Fi,Hindi,UK,2015,,R,6.0,534,55.3,96000000.0,164256421.0,Priya Kumar,Riya,24,Cool,Black,2026-03-24
M0479,Golden Promise,Adventure,Hindi,South Korea,2002,106.0,U,6.3,5724,46.6,61000000.0,254295554.0,Priya Kumar,Vikram,14,Cool,Green,2024-08-22
M1642,Code Zero 43,Comedy,,South Korea,2023,152.0,R,3.8,19869,78.7,3000000.0,2018632.0,Priya Kumar,Vikram,37,Sunny,Black,2025-07-19
M1045,Neon Nights 62,Sci-Fi,Telugu,Canada,2015,175.0,U,7.2,5247,22.3,201000000.0,977573051.0,Ananya Sen,Alex,58,Sunny,Blue,2024-05-27
M3533,Midnight Train,Adventure,Hindi,Canada,2019,179.0,R,8.6,281739,49.1,158000000.0,35964962.0,David Miller,Vikram,60,Sunny,Yellow,2024-03-02
M2911,The Last Letter,Romance,Japanese,UK,2006,146.0,U,6.6,372265,62.1,225000000.0,212268652.0,Ananya Sen,Riya,40,Cool,Red,2024-07-21
M1926,Broken Compass 14,Crime,Tamil,South Korea,2019,154.0,PG-13,4.9,171,64.8,46000000.0,88557713.0,Arjun Rao,Kiran,58,Sunny,Blue,2024-09-03
M0135,Broken Compass 80,Fantasy,English,UK,2008,94.0,PG-13,6.7,638,44.3,106000000.0,225846807.0,Ananya Sen,Kiran,33,Hot,Yellow,Aug 21 2025
M2621,Chasing Tomorrow 23,Horror,Malayalam,France,2018,170.0,PG,7.1,5047,77.1,40000000.0,175461344.0,Raj Mehta,Riya,55,Hot,Green,2024-03-28
M3323,Echoes of Time,Thriller,Tamil,South Korea,2023,107.0,R,7.4,144,68.0,160000000.0,811187221.0,Priya Kumar,Aarav,22,Hot,Black,2025-11-06
M3510,The Great Escape,Horror,Korean,UK,2012,97.0,U,6.4,1868,81.8,164000000.0,63298151.0,David Miller,Alex,59,Cloudy,Yellow,2024-10-24
M1152,Ocean of Stars,Comedy,Korean,Canada,2024,188.0,U,5.4,458992,93.4,100000000.0,166050391.0,Arjun Rao,Ananya,65,Cool,Green,2024-01-03
M0444,Digital Hearts 36,Animation,Korean,South Korea,2025,164.0,U,7.8,541692,89.5,54000000.0,30535784.0,Arjun Rao,Sophia,35,Hot,Black,2026-09-27
M1609,Parallel Worlds 5,Fantasy,Korean,UK,2012,152.0,UA,6.3,311600,50.1,1000000.0,5351883.0,Priya Kumar,Riya,13,Hot,Black,2025-02-25
M2271,Mystery Lake 53,Crime,Kannada,UK,2019,186.0,U,6.8,57367,57.8,60000000.0,263349577.0,David Miller,Riya,56,Cloudy,Black,2024-04-17
M2715,Kingdom of Ash,Animation,Malayalam,South Korea,2021,94.0,U,6.4,107657,69.5,202000000.0,438038945.0,Ananya Sen,Meera,54,Hot,Green,2025-04-20
M1252,Chasing Tomorrow,Horror,Tamil,India,1998,125.0,U,7.4,534,94.9,162000000.0,194016166.0,S. Varma,Vikram,24,Sunny,Red,2024-05-06
M0252,After the Storm 14,Fantasy,Telugu,South Korea,2000,182.0,R,,36096,71.7,169000000.0,527202946.0,David Miller,Sophia,54,Sunny,Red,2025-04-24
M3458,Mystery Lake 42,Action,Hindi,France,1998,177.0,PG-13,6.3,16097,63.6,81000000.0,57445416.0,Ananya Sen,Vikram,49,Hot,Green,2025-02-03
M0052,Broken Compass,Thriller,Hindi,UK,2014,169.0,UA,6.5,1084,49.9,26000000.0,38821772.0,David Miller,Kiran,17,Rainy,Blue,2025-08-23
M3594,Broken Compass,Drama,Japanese,Canada,2000,134.0,UA,8.6,402170,58.9,129000000.0,435541675.0,David Miller,Meera,62,Hot,Black,2025-05-25
M0326,After the Storm,Action,Korean,USA,2010,113.0,R,8.2,694,88.7,65000000.0,239986044.0,David Miller,Aarav,26,Cloudy,Black,2026-02-15
M3017,Crimson Sky 78,Crime,Japanese,Japan,2004,127.0,PG,6.6,363,62.6,249000000.0,922157408.0,Priya Kumar,Vikram,33,Cloudy,Green,2024-05-11
M1476,Midnight Train 81,Crime,Telugu,USA,2013,89.0,PG,9.8,156363,43.5,147000000.0,163154481.0,John Carter,Aarav,16,Hot,Yellow,2026-12-25
M3342,  CHASING TOMORROW 84  ,Action,Telugu,France,2008,88.0,U,7.8,335599,81.8,5000000.0,1224879.0,David Miller,Kiran,54,Cloudy,Black,2025-12-11
M1371,Chasing Tomorrow,Fantasy,English,France,2007,99.0,U,7.5,18318,68.0,85000000.0,260367878.0,,Riya,29,Cloudy,Yellow,2025-04-09
M2015,The Silent Witness,Animation,Japanese,Canada,2011,174.0,R,7.2,4471,74.5,124000000.0,364671218.0,Arjun Rao,Daniel,64,Rainy,Green,2026-06-26
M2096,Wild Frontier,Sci-Fi,Tamil,Japan,2003,172.0,R,7.8,4871,55.3,30000000.0,137758075.0,Arjun Rao,Rahul,42,Hot,Green,2024-04-05
M1789,Lost in Mumbai 8,Romance,English,India,2010,114.0,U,5.6,57746,62.7,118000000.0,43096788.0,S. Varma,Kiran,33,Hot,Green,2025-02-16
M2526,The Last Horizon 55,Animation,Tamil,USA,2017,123.0,U,6.8,110,67.0,100000000.0,109990098.0,S. Varma,Daniel,36,Hot,Black,2025-11-15
M3042,Kingdom of Ash 68,Fantasy,Japanese,Japan,2020,170.0,UA,6.4,749970,52.4,218000000.0,827454171.0,Ananya Sen,Alex,50,Cool,Black,2024-07-19
M0197,Golden Promise,Romance,Korean,USA,1996,125.0,R,5.0,32627,49.4,161000000.0,380972868.0,Arjun Rao,Aarav,26,Hot,Blue,2024-10-08
M1666,Midnight Train,Comedy,Kannada,UK,2022,178.0,A,6.6,2180,86.2,220000000.0,205194329.0,John Carter,Alex,14,Hot,Red,2025-03-02
M2477,The Great Escape,Fantasy,English,India,1998,96.0,UA,7.2,32083,66.3,119000000.0,43217088.0,John Carter,Ananya,61,Hot,Green,2024-12-27
M0140,The Silent Witness 62,Fantasy,Tamil,South Korea,2025,145.0,A,4.9,6387,92.3,238000000.0,990459841.0,John Carter,Aarav,62,Sunny,Yellow,2024-09-24
M2342,Parallel Worlds,Fantasy,Tamil,Japan,2022,158.0,U,6.5,420828,87.9,96000000.0,319544167.0,Priya Kumar,Vikram,39,Sunny,Red,2025-01-24
M1776,Parallel Worlds,Crime,Malayalam,Japan,2008,95.0,U,6.5,123591,94.3,43000000.0,199721907.0,Raj Mehta,Daniel,39,Rainy,Green,2024-07-19
M2139,The Forgotten Code,Drama,Japanese,India,2013,106.0,PG,6.6,414,54.8,238000000.0,924719851.0,Priya Kumar,Aarav,41,Hot,Blue,2024-03-28
M3286,Dream Catcher,Horror,English,USA,1995,113.0,PG,7.5,302,31.6,65000000.0,250777612.0,Priya Kumar,Aarav,34,Hot,Black,2025-06-17
M3080,Kingdom of Ash 20,Comedy,Tamil,Japan,2002,93.0,R,6.3,205444,75.7,72000000.0,67517427.0,M. Wilson,Alex,40,Cloudy,Black,2024-09-01
M2705,Mystery Lake 15,Mystery,English,South Korea,2000,,PG-13,7.0,741814,100.0,148000000.0,800834619.0,S. Varma,Riya,15,Hot,Black,2026-01-24
M3247,Ocean of Stars,Animation,English,Australia,1997,119.0,U,6.1,2230,74.4,218000000.0,923173009.0,David Miller,Meera,59,Rainy,Yellow,2026-03-27
M3584,Dream Catcher 68,Fantasy,Hindi,India,1995,175.0,U,6.6,49015,71.4,98000000.0,195214812.0,John Carter,Alex,32,Sunny,Blue,2025-04-27
M0804,The Silent Witness 5,Romance,Tamil,India,2020,137.0,A,7.1,528,43.1,11000000.0,18444890.0,Arjun Rao,Rahul,54,Hot,Red,2026-05-28
M0299,Echoes of Time,Fantasy,Kannada,,2016,186.0,UA,9.0,779,73.7,248000000.0,1359181299.0,M. Wilson,Ananya,17,Cloudy,Green,2024-01-22
M3029,After the Storm 65,Horror,Kannada,Australia,2001,166.0,A,7.2,1366,65.9,215000000.0,948164479.0,David Miller,Aarav,29,Sunny,Green,2025-03-26
M2187,The Great Escape 45,Sci-Fi,Telugu,Canada,2015,119.0,R,8.1,282,44.6,209000000.0,492422652.0,,Meera,44,Sunny,Blue,2025-06-07
M2766,Love in Monsoon,Mystery,Kannada,Japan,2024,98.0,PG,5.8,3432,78.7,106000000.0,57231184.0,John Carter,Sophia,47,Hot,Blue,2026-12-01
M3145,The Final Mission 11,Action,Kannada,India,2008,163.0,UA,7.6,3292,57.3,176000000.0,146296533.0,Arjun Rao,Rahul,43,Cool,Blue,2024-09-17
M1033,Starlight,Romance,Malayalam,India,2013,,PG,6.6,224299,71.8,71000000.0,63753781.0,M. Wilson,Alex,19,Hot,Black,2025-06-04
M1222,The Forgotten Code 10,Animation,Tamil,UK,2008,180.0,R,4.2,18243,58.7,39000000.0,191556426.0,M. Wilson,Aarav,15,Sunny,Green,2025-07-14
M2872,The Great Escape,Mystery,Kannada,India,2010,182.0,A,6.2,172,75.3,90000000.0,131119630.0,Priya Kumar,Kiran,28,Cool,Black,2025-01-01
M1136,Broken Compass,Animation,Telugu,USA,2021,167.0,UA,5.4,90713,8.2,41000000.0,69460858.0,M. Wilson,Daniel,34,Cloudy,Black,2024-02-09
M0388,Lost in Mumbai,Action,Tamil,Japan,2011,113.0,A,7.5,100615,80.2,145000000.0,37477526.0,Arjun Rao,Vikram,30,Sunny,Green,2025-11-18
M1424,Lost in Mumbai,Crime,Korean,Australia,2019,91.0,UA,7.4,220,31.2,30000000.0,71772818.0,Priya Kumar,Rahul,62,Rainy,Red,2024-02-20
M3439,Midnight Train 52,Adventure,Japanese,Australia,2012,168.0,UA,4.4,249,63.2,102000000.0,54307292.0,Raj Mehta,Riya,19,Sunny,Red,2024-11-12
M2584,The Great Escape,Comedy,Malayalam,USA,2025,161.0,U,5.4,116,30.9,4000000.0,18073590.0,Priya Kumar,Aarav,41,Cloudy,Green,2024-09-09
M1337,Parallel Worlds,Drama,Korean,Australia,2001,121.0,A,7.2,410,84.2,209000000.0,1107781866.0,John Carter,Meera,16,Sunny,Black,2024-11-06
M2481,Journey Home,Mystery,Telugu,Japan,twenty20,121.0,PG,6.3,181986,52.9,209000000.0,404119261.0,Arjun Rao,Riya,39,Sunny,Green,2026-10-19
M1557,The Last Letter 54,Sci-Fi,English,South Korea,2007,96.0,A,6.5,420774,62.2,213000000.0,697065229.0,Raj Mehta,Alex,36,Hot,Red,2024-02-16
M1685,Mystery Lake 39,Thriller,Korean,Australia,2019,155.0,PG-13,7.7,378,21.9,69000000.0,286726961.0,John Carter,Aarav,61,Rainy,Black,2026-07-10
M2321,The Great Escape,Sci-Fi,Hindi,Canada,2006,147.0,A,6.9,17098,93.5,54000000.0,254932480.0,Arjun Rao,Meera,29,Cool,Blue,2026-06-08
M1012,Ocean of Stars 17,Sci-Fi,Kannada,France,2019,162.0,U,8.1,437138,77.1,19000000.0,5827881.0,John Carter,Sophia,37,Cloudy,Red,2025-07-20
M1616,Broken Compass,Adventure,Tamil,Japan,2008,165.0,R,6.3,1000,99.4,154000000.0,186215495.0,S. Varma,Vikram,25,Sunny,Red,2026-08-10
M2763,The Final Mission,Horror,Korean,Japan,2002,85.0,PG,5.6,45710,40.6,186000000.0,381685484.0,Arjun Rao,Rahul,38,Cloudy,Black,2026-11-04
M2623,Hidden Truth,Mystery,Kannada,South Korea,2014,81.0,U,8.5,102775,60.8,37000000.0,187719956.0,M. Wilson,Aarav,16,Cool,Green,2024-06-19
M1234,Code Zero,Action,Malayalam,India,2025,160.0,PG-13,6.0,1035,56.9,239000000.0,535553039.0,Priya Kumar,Ananya,58,Sunny,Green,not available
M1955,Digital Hearts 32,Horror,Korean,France,2022,117.0,R,7.9,4160,74.6,223000000.0,952134825.0,M. Wilson,Riya,35,Cloudy,Green,2025-07-01
M0645,The Missing Piece,Drama,Hindi,Japan,2025,96.0,UA,7.2,100,55.3,173000000.0,416549208.0,Priya Kumar,Aarav,40,Hot,Black,2024-06-04
M1750,Shadow Protocol,Comedy,Tamil,Australia,2012,149.0,A,9.7,35624,100.0,198000000.0,445770282.0,Ananya Sen,Rahul,51,Cool,Blue,2025-06-18
M0552,Ocean of Stars 87,Fantasy,Hindi,Japan,2020,187.0,PG,7.2,307,57.2,167000000.0,736355857.0,Priya Kumar,Rahul,24,Sunny,Blue,2025-06-07
M2589,City of Dreams 81,Crime,English,Japan,2022,124.0,U,8.3,48503,70.4,137000000.0,42767045.0,David Miller,Daniel,15,Hot,Green,2024-02-22
M0694,Family Ties 96,Fantasy,Hindi,South Korea,2005,118.0,PG,5.8,1140,51.2,155000000.0,234370351.0,Raj Mehta,Kiran,22,Hot,Red,2026-04-11
M1065,Mystery Lake,Comedy,English,UK,2016,180.0,A,4.2,261,63.3,180000000.0,945546346.0,Priya Kumar,Riya,15,Cool,Blue,2024-10-01
M0322,Road to Victory 46,Sci-Fi,Telugu,Australia,2008,136.0,U,8.2,613,44.2,241000000.0,908375247.0,M. Wilson,Sophia,57,Sunny,Blue,2026-04-13
M0545,Lost in Mumbai 93,Action,Malayalam,France,2000,82.0,U,7.6,5236,75.0,158000000.0,284773863.0,Priya Kumar,Vikram,39,Cloudy,Green,2025-02-02
M3320,Neon Nights 4,Animation,Korean,India,2021,167.0,R,9.1,565,67.1,192000000.0,738912486.0,S. Varma,Alex,21,Cloudy,Red,2024-07-02
M0271,City of Dreams 54,Action,English,USA,2005,90.0,PG-13,5.0,435,21.0,128000000.0,564798797.0,John Carter,Kiran,48,Rainy,Black,2025-06-27
M1790,After the Storm 13,Crime,English,UK,2021,179.0,PG,6.6,559765,61.7,116000000.0,449360522.0,Arjun Rao,Rahul,51,Cool,Yellow,2026-12-07
M0300,The Great Escape 60,Action,English,Japan,2001,141.0,U,6.8,600,67.4,233000000.0,886613856.0,John Carter,Daniel,50,Cool,Yellow,2024-07-21
M1081,Starlight,Animation,Japanese,USA,2009,118.0,PG,8.3,3100,72.6,32000000.0,28832774.0,John Carter,Riya,35,Sunny,Green,2024-07-26
M1740,The Great Escape 66,Thriller,Telugu,UK,2024,126.0,PG,6.6,15432,73.8,54000000.0,38005180.0,Arjun Rao,Meera,22,Hot,Black,2024-11-12
M1341,Shadow Protocol,Romance,Korean,USA,2014,113.0,PG,5.7,4279,67.0,59000000.0,278622156.0,David Miller,Aarav,25,Sunny,Red,2025-10-12
M1922,The Last Horizon 79,Thriller,Malayalam,USA,2004,180.0,U,5.8,12491,22.9,33000000.0,42198362.0,David Miller,Ananya,63,Cool,Black,2026-04-27
M1784,Starlight 90,Animation,Korean,Australia,2007,77.0,R,8.3,134198,64.8,243000000.0,577289159.0,Arjun Rao,Ananya,37,Sunny,Green,2026-11-09
M3369,Shadow Protocol 72,Fantasy,Tamil,Australia,2020,134.0,PG-13,6.7,2929,46.1,27000000.0,88062859.0,Arjun Rao,Sophia,39,Sunny,Black,2024-02-24
M0053,Midnight Train 92,Thriller,Japanese,USA,2014,135.0,R,6.7,303206,71.8,75000000.0,265877603.0,Ananya Sen,Daniel,63,Cool,Red,2025-02-18
M1514,Rainy Day 39,Animation,Hindi,Canada,2002,148.0,U,4.8,6671,46.9,36000000.0,61688590.0,Raj Mehta,Daniel,19,Hot,Yellow,2024-01-11
M0753,Dream Catcher 22,,Tamil,Japan,2009,187.0,R,7.5,713,46.0,186000000.0,624049959.0,S. Varma,Kiran,17,Rainy,Red,2025-11-24
M1963,Golden Promise,Thriller,Tamil,South Korea,1995,121.0,UA,8.2,879,69.6,84000000.0,406925353.0,S. Varma,Kiran,43,Hot,Blue,2025-07-26
M0928,Digital Hearts,Adventure,Tamil,Australia,2012,115.0,A,8.6,256928,15.2,27000000.0,147865909.0,Raj Mehta,Meera,52,Hot,Black,2026-07-03
M0323,The Great Escape,Thriller,Telugu,South Korea,2013,87.0,UA,6.0,244589,100.0,84000000.0,95667086.0,John Carter,Meera,52,Cloudy,Green,2024-08-14
M2006,The Last Letter,Fantasy,Kannada,Australia,2022,131.0,U,8.4,2632,46.0,227000000.0,1047912316.0,Ananya Sen,Alex,49,Hot,Red,2025-04-16
M1834,Family Ties,Crime,Kannada,South Korea,2009,132.0,R,8.3,697,40.8,59000000.0,196565650.0,Priya Kumar,Aarav,28,Cool,Blue,2024-07-05
M2753,Neon Nights 46,Comedy,Kannada,USA,1996,124.0,PG,7.8,705240,38.8,166000000.0,76357333.0,M. Wilson,Sophia,17,Cool,Red,2025-09-09
M3446,Mystery Lake,Comedy,English,France,2012,172.0,A,6.6,639,77.1,230000000.0,717562508.0,S. Varma,Ananya,24,Rainy,Black,2025-10-03
M2590,Parallel Worlds,Fantasy,Hindi,USA,2010,156.0,PG,5.7,811,56.7,183000000.0,914834244.0,Raj Mehta,Rahul,30,Cool,Green,2025-10-14
M2543,Mystery Lake 37,Horror,English,Canada,2011,113.0,R,6.6,28039,62.7,49000000.0,97154954.0,Ananya Sen,Vikram,45,Sunny,Yellow,2026-10-20
M0998,Journey Home,Adventure,Malayalam,Canada,2024,186.0,PG-13,8.5,73938,71.3,53000000.0,181979315.0,John Carter,Sophia,42,Sunny,Red,2026-05-07
M2821,After the Storm 91,Fantasy,Tamil,Australia,2015,135.0,PG,5.4,1022,73.7,130000000.0,348493934.0,Ananya Sen,Aarav,50,Hot,Black,2024-10-21
M0145,Kingdom of Ash 17,Fantasy,Malayalam,UK,2003,158.0,PG,8.9,120283,82.6,93000000.0,264282159.0,John Carter,Riya,53,Cloudy,Green,2026-04-08
M1279,The Great Escape,Comedy,Japanese,Japan,2025,189.0,A,7.7,261,52.2,147000000.0,637642827.0,Priya Kumar,Riya,42,Hot,Black,2025-12-03
M0352,The Last Letter,Horror,Kannada,Japan,2016,95.0,PG,7.6,701,73.3,137000000.0,96898338.0,S. Varma,Sophia,51,Rainy,Yellow,2026-04-13
M1212,Beyond the Valley 5,Thriller,Hindi,UK,2007,114.0,U,5.6,681,49.1,196000000.0,466296736.0,David Miller,Meera,16,Hot,Blue,2025-10-06
M2217,Secret Agent,Romance,Malayalam,UK,1998,189.0,UA,7.5,249603,59.6,148000000.0,467476984.0,S. Varma,Meera,47,Cool,Red,2026-12-16
M0077,Kingdom of Ash,Comedy,Kannada,Japan,2001,131.0,U,9.5,4342,85.6,114000000.0,172479063.0,S. Varma,Daniel,25,Sunny,Black,2024-11-07
M1139,City of Dreams 89,Fantasy,Hindi,Japan,2021,186.0,R,8.0,15229,56.7,196000000.0,573914190.0,Ananya Sen,Riya,24,Rainy,Green,2025-06-02
M2966,The Final Mission 2,Sci-Fi,,Canada,2000,167.0,PG-13,6.6,798,55.4,174000000.0,854628089.0,S. Varma,Sophia,30,Cool,Black,2025-01-06
M1076,Midnight Train,Mystery,Malayalam,France,2003,113.0,A,6.3,500,62.5,229000000.0,521834735.0,Raj Mehta,Kiran,27,Sunny,Red,2025-04-13
M3300,Journey Home 60,Thriller,Hindi,Japan,2024,95.0,UA,6.7,314,79.5,178000000.0,443813816.0,Priya Kumar,Kiran,65,Rainy,Red,2026-09-15
M1269,Broken Compass 17,Action,Hindi,India,2013,146.0,UA,6.5,313652,72.6,237000000.0,177375027.0,Ananya Sen,Vikram,13,Sunny,Blue,2026-09-13
M0464,Golden Promise 17,Romance,Telugu,UK,2019,118.0,R,7.2,161712,50.0,45000000.0,99730171.0,Ananya Sen,Daniel,21,Rainy,Red,2024-07-23
M0512,Midnight Train 61,Mystery,Tamil,UK,2015,129.0,PG,6.4,135695,50.0,24000000.0,77564587.0,Arjun Rao,Daniel,42,Hot,Blue,2025-05-05
M0651,Journey Home,Mystery,Malayalam,USA,2023,79.0,PG,6.1,20198,93.4,42000000.0,155541772.0,M. Wilson,Kiran,44,Rainy,Green,2025-09-24
M2114,Broken Compass,Thriller,Kannada,South Korea,2004,76.0,A,7.1,27204,55.7,64000000.0,76914662.0,Arjun Rao,Aarav,37,Sunny,Black,2025-05-19
M0411,Echoes of Time,Horror,Telugu,South Korea,2014,97.0,R,6.5,289566,59.5,233000000.0,844111772.0,Ananya Sen,Meera,24,Cool,Blue,2025-02-05
M0830,Lost in Mumbai 26,Thriller,Tamil,UK,2003,92.0,A,6.0,5349,60.4,145000000.0,229615792.0,John Carter,Meera,29,Sunny,Black,2025-10-12
M1035,Hidden Truth 45,Crime,Malayalam,South Korea,2008,101.0,PG,6.7,161,66.5,11000000.0,44028208.0,Ananya Sen,Ananya,27,Cool,Yellow,2026-05-18
M3392,Shadow Protocol 44,Romance,English,Japan,2013,127.0,UA,5.8,56913,63.8,9000000.0,20577744.0,David Miller,Sophia,40,Rainy,Green,2026-09-18
M3022,The Last Horizon,Action,English,USA,2002,155.0,UA,4.8,101,58.9,94000000.0,297774138.0,S. Varma,Rahul,31,Hot,Blue,2026-07-03
M0125,Broken Compass,Sci-Fi,English,Australia,2013,108.0,R,9.4,264032,100.0,167000000.0,390522684.0,John Carter,Daniel,43,Rainy,Black,2025-08-03
M1601,Midnight Train,Adventure,Hindi,Canada,2016,104.0,A,7.7,776,79.3,219000000.0,1114224605.0,Arjun Rao,Aarav,26,Cool,Yellow,2025-06-05
M2677,The Final Mission,Adventure,Telugu,Japan,2024,159.0,R,5.3,491,73.8,139000000.0,670965327.0,Arjun Rao,Riya,18,Cool,Blue,2024-06-20
M0977,Lost in Mumbai 97,Fantasy,Kannada,Australia,2003,-20,A,6.2,460,60.6,215000000.0,187653159.0,M. Wilson,Sophia,47,Rainy,Red,2026-03-02
M1095,A New Beginning 29,Thriller,Hindi,India,2018,84.0,R,4.1,354853,61.8,176000000.0,565921674.0,Ananya Sen,Riya,57,Sunny,Black,2024-06-07
M3589,The Last Letter 17,Mystery,Tamil,UK,2005,111.0,U,8.9,9026,58.2,129000000.0,439001940.0,David Miller,Aarav,38,Sunny,Red,2026-11-05
M3395,Kingdom of Ash 76,Comedy,Korean,France,1998,155.0,PG,7.6,3078,69.6,1000000.0,4255508.0,M. Wilson,Aarav,52,Cloudy,Red,2024-09-27
M3506,The Final Mission,Mystery,Tamil,USA,1996,92.0,U,6.6,490,41.8,89000000.0,330125470.0,Ananya Sen,Vikram,13,Cloudy,Blue,2026-01-08
M0440,Secret Agent,Drama,Kannada,South Korea,2012,171.0,UA,6.2,254885,33.1,4000000.0,18648991.0,Arjun Rao,Aarav,43,Cloudy,Red,2026-08-28
M1443,Broken Compass,Romance,Kannada,France,1997,98.0,PG-13,7.3,10433,69.0,186000000.0,152602098.0,Arjun Rao,Riya,49,Rainy,Yellow,2025-09-03
M0359,After the Storm 52,Mystery,Tamil,Canada,2019,92.0,UA,7.1,272287,33.9,124000000.0,452556606.0,Arjun Rao,Daniel,62,Hot,Green,2026-10-03
M0031,The Last Letter,Animation,Japanese,UK,2005,134.0,R,5.0,293,56.6,114000000.0,226787086.0,Arjun Rao,Daniel,45,Cool,Green,2024-04-22
M0204,Secret Agent 53,Comedy,Telugu,South Korea,2017,139.0,U,7.2,4414,40.0,197000000.0,971438533.0,John Carter,Riya,45,Rainy,Red,2026-06-13
M1812,Road to Victory,Drama,Tamil,Japan,2020,114.0,R,8.4,252,67.8,219000000.0,1138364137.0,John Carter,Riya,34,Cool,Yellow,2024-10-22
M1848,The Great Escape 12,Action,Telugu,Australia,2008,188.0,PG,6.8,324,88.1,158000000.0,614615830.0,Arjun Rao,Riya,33,Sunny,Black,2024-11-19
M0064,The Last Letter 60,Action,Telugu,France,1998,186.0,R,7.4,242248,75.3,217000000.0,1093717959.0,David Miller,Riya,43,Cloudy,Green,2026-12-13
M1622,Parallel Worlds 64,Sci-Fi,Korean,UK,2018,106.0,PG,4.6,503255,72.3,148000000.0,690428845.0,David Miller,Ananya,33,Cool,Black,2024-06-08
M0894,Secret Agent 13,Animation,Kannada,Australia,2006,170.0,A,5.2,287391,80.5,82000000.0,405666849.0,Arjun Rao,Meera,14,Sunny,Black,2025-07-28
M3516,Echoes of Time,Horror,English,UK,2004,88.0,U,7.7,144,71.5,107000000.0,61969665.0,David Miller,Vikram,34,Rainy,Blue,2024-04-18
M0574,Broken Compass 50,Crime,Telugu,Japan,2022,105.0,A,7.6,662294,40.2,102000000.0,346648367.0,Arjun Rao,Vikram,61,Sunny,Green,2025-09-12
M1069,The Forgotten Code 17,Drama,Hindi,Australia,2017,94.0,UA,7.5,455,56.8,10000000.0,47258972.0,David Miller,Riya,31,Cloudy,Green,2026-04-23
M1054,After the Storm 5,Animation,Tamil,Japan,1998,93.0,U,7.2,4790,68.4,191000000.0,158806102.0,M. Wilson,Rahul,34,Cool,Black,2025-10-11
M0193,Kingdom of Ash 43,Romance,Korean,Australia,2017,185.0,UA,7.0,631,62.1,34000000.0,41161927.0,John Carter,Rahul,37,Hot,Blue,2026-02-13
M2695,  PARALLEL WORLDS 93  ,Drama,Tamil,UK,2014,94.0,PG-13,7.9,142,58.8,46000000.0,250070168.0,Raj Mehta,Rahul,24,Cloudy,Red,2026-10-09
M3421,Shadow Protocol 49,Animation,Korean,India,1996,100.0,UA,6.0,9661,68.5,127000000.0,80902532.0,S. Varma,Daniel,21,Rainy,Black,2024-12-27
M2227,The Forgotten Code 48,Action,,USA,2003,78.0,UA,8.4,104,88.4,200000000.0,1083963860.0,S. Varma,Daniel,61,Sunny,Red,2025-09-21
M0843,Love in Monsoon,Sci-Fi,English,UK,1997,119.0,A,7.7,3625,70.8,176000000.0,340034101.0,David Miller,Alex,45,Hot,Black,2024-08-21
M0290,The Last Letter 86,Action,Japanese,UK,1997,111.0,PG-13,5.5,16412,59.4,196000000.0,755416209.0,Ananya Sen,Vikram,60,Hot,Yellow,2025-11-05
M0167,Road to Victory,Action,Telugu,Japan,2016,110.0,U,4.3,6395,44.8,231000000.0,415176931.0,Ananya Sen,Alex,22,Hot,Blue,2025-03-19
M2698,The Last Letter,Animation,Korean,Japan,2014,76.0,PG,4.1,192,90.4,79000000.0,314802683.0,Arjun Rao,Rahul,63,Cool,Yellow,2026-07-21
M0786,Midnight Train,Action,Telugu,USA,2018,87.0,UA,6.5,628067,60.2,33000000.0,139400259.0,S. Varma,Rahul,35,Rainy,Black,2026-09-08
M1074,Starlight 52,Animation,Tamil,France,1999,117.0,R,7.6,33081,81.2,175000000.0,179479699.0,Raj Mehta,Meera,59,Cool,Yellow,2025-09-25
M2961,Parallel Worlds 90,Romance,Japanese,India,1997,92.0,UA,6.3,117,77.2,153000000.0,532715706.0,S. Varma,Sophia,41,Cool,Blue,2025-10-13
M1583,Parallel Worlds 67,Adventure,Malayalam,Canada,2011,95.0,U,6.5,64792,84.4,246000000.0,1246460029.0,David Miller,Riya,42,Cool,Blue,2025-08-17
M3459,Chasing Tomorrow,Comedy,Korean,India,2017,160.0,PG-13,7.4,6272,78.4,102000000.0,252431347.0,S. Varma,Vikram,62,Cloudy,Yellow,2025-02-08
M3106,Journey Home 77,,Malayalam,India,2013,125.0,PG,5.4,126,66.5,114000000.0,115125269.0,John Carter,Riya,53,Rainy,Green,2026-11-22
M0565,Starlight,Animation,English,France,1999,82.0,A,7.7,77650,75.3,61000000.0,58383497.0,Ananya Sen,Ananya,53,Rainy,Blue,2025-04-22
M2252,Journey Home 99,Romance,Hindi,Canada,2009,76.0,PG-13,6.8,406336,54.9,69000000.0,159199346.0,John Carter,Sophia,38,Sunny,Red,2025-11-16
M2580,Neon Nights,Sci-Fi,Telugu,Japan,2018,171.0,UA,6.7,2179,97.2,90000000.0,217561970.0,Raj Mehta,Vikram,18,Rainy,Blue,2024-07-15
M0195,Lost in Mumbai,Horror,Telugu,Australia,2001,138.0,A,6.5,11136,95.1,69000000.0,174986936.0,Raj Mehta,Aarav,19,Hot,Blue,2024-03-15
M2421,Starlight,Comedy,Hindi,Japan,2001,119.0,PG,7.7,1852,96.7,64000000.0,21406008.0,Priya Kumar,Aarav,50,Rainy,Black,2024-01-20
M1499,A New Beginning,Thriller,Malayalam,USA,2020,97.0,U,6.5,21207,89.7,5000000.0,3375784.0,Arjun Rao,Alex,44,Rainy,Yellow,2026-02-17
M1019,City of Dreams 48,Adventure,Korean,India,2000,92.0,R,7.7,50071,79.7,34000000.0,180808143.0,Priya Kumar,Kiran,19,Hot,Black,2024-05-14
M1056,The Last Letter,Mystery,Malayalam,UK,2007,117.0,UA,6.1,137,71.6,170000000.0,929891602.0,Ananya Sen,Riya,52,Hot,Green,2025-04-02
M0606,Wild Frontier,Adventure,Kannada,Australia,2000,99.0,R,7.0,202373,66.0,196000000.0,63710449.0,Priya Kumar,Aarav,54,Hot,Black,2026-04-08
M3288,A New Beginning 10,Crime,Hindi,India,2002,77.0,PG,6.4,3163,39.0,16000000.0,65815610.0,M. Wilson,Riya,60,Rainy,Black,2024-06-19
M2837,Mystery Lake 7,Thriller,Kannada,South Korea,2017,110.0,U,6.4,154580,67.5,113000000.0,516660716.0,David Miller,Vikram,53,Hot,Blue,2025-10-20
M2707,Love in Monsoon,Adventure,Korean,UK,2011,181.0,A,,196,51.2,163000000.0,95976360.0,John Carter,Riya,14,Hot,Black,2026-08-18
M2579,Broken Compass 50,Mystery,English,India,2015,89.0,A,4.7,179,72.8,46000000.0,21371102.0,Ananya Sen,Vikram,29,Sunny,Yellow,2024-03-22
M2131,The Final Mission 76,Mystery,Tamil,Japan,2007,78.0,R,5.4,76621,65.6,240000000.0,552841508.0,Raj Mehta,Meera,64,Cool,Yellow,2025-06-17
M0722,After the Storm,Fantasy,English,France,2006,,A,8.1,4195,100.0,21000000.0,51941504.0,M. Wilson,Meera,54,Sunny,Green,2026-02-01
M0600,The Last Horizon 64,Comedy,Tamil,India,2005,98.0,R,6.5,8388,45.1,114000000.0,267071865.0,David Miller,Ananya,21,Sunny,Red,2026-09-27
M1831,Dream Catcher 69,Fantasy,English,South Korea,1999,78.0,UA,7.3,238,91.4,221000000.0,686097579.0,David Miller,Rahul,62,Cool,Yellow,2024-11-27
M3025,Chasing Tomorrow,Animation,Japanese,Canada,2021,166.0,U,8.1,5397,63.4,34000000.0,58140533.0,M. Wilson,Ananya,23,Sunny,Black,2025-06-27
M0433,Neon Nights 7,Action,Kannada,South Korea,2025,135.0,UA,7.7,119683,84.1,128000000.0,376515327.0,S. Varma,Daniel,34,Cool,Black,2024-02-24
M1979,Secret Agent 95,Fantasy,Malayalam,USA,2022,118.0,UA,6.4,212,73.1,47000000.0,129689004.0,S. Varma,Rahul,50,Sunny,Blue,2024-11-05
M3513,Shadow Protocol,Horror,English,France,2018,75.0,PG,5.8,48281,78.1,83000000.0,170241632.0,S. Varma,Daniel,34,Sunny,Blue,2025-10-21
M0415,Parallel Worlds,Thriller,Korean,Australia,2003,117.0,R,7.0,697035,39.1,70000000.0,361770972.0,Ananya Sen,Alex,62,Rainy,Yellow,2025/08/21
M0890,Digital Hearts,Horror,Japanese,Canada,2008,94.0,PG-13,5.3,17082,67.2,67000000.0,299409020.0,Priya Kumar,Alex,22,Rainy,Red,2024-05-06
M1573,The Missing Piece 7,Adventure,Japanese,France,2021,89.0,U,6.8,43929,78.8,3000000.0,12978402.0,John Carter,Ananya,36,Hot,Black,2024-06-02
M3467,The Great Escape 95,Animation,Kannada,India,2000,150.0,PG-13,7.5,359788,55.1,238000000.0,1073227896.0,Ananya Sen,Ananya,23,Hot,Blue,2024-05-11
M2103,Family Ties 31,Adventure,Japanese,Canada,2016,154.0,PG-13,6.7,149253,99.6,151000000.0,794196512.0,Priya Kumar,Meera,50,Cloudy,Green,2024-10-21
M0081,The Missing Piece 84,Action,English,Australia,2024,185.0,PG,8.8,30118,36.4,169000000.0,74378801.0,S. Varma,Riya,44,Hot,Blue,2024-06-20
M0762,Hidden Truth 16,Crime,Japanese,South Korea,2011,114.0,R,7.2,1662,93.6,103000000.0,377805300.0,Raj Mehta,Aarav,34,Hot,Green,2024-06-25
M0296,After the Storm 84,Crime,Hindi,South Korea,2019,114.0,UA,9.0,208,69.0,125000000.0,64983255.0,Ananya Sen,Daniel,59,Sunny,Blue,2024-09-21
M1887,Secret Agent 13,Comedy,Korean,USA,2014,,A,7.7,531,64.0,113000000.0,608320261.0,S. Varma,Daniel,13,Cool,Yellow,2025-02-10
M2759,Rainy Day,Action,Kannada,India,1995,99.0,PG-13,5.8,764,55.8,56000000.0,150274485.0,Arjun Rao,Aarav,34,Hot,Red,2025-11-17
M1463,After the Storm 97,Sci-Fi,Malayalam,France,2025,134.0,UA,5.2,15630,27.9,8000000.0,1848664.0,David Miller,Vikram,36,Sunny,Black,2025-03-06
M1175,Beyond the Valley 80,Thriller,Telugu,Canada,2013,125.0,R,6.8,500,71.1,51000000.0,251075166.0,David Miller,Kiran,60,Cool,Green,2025-04-28
M3007,Starlight,Comedy,,France,2024,162.0,U,6.6,603640,25.4,45000000.0,169307461.0,Raj Mehta,Rahul,62,Hot,Yellow,2026-09-03
M3433,The Silent Witness 9,Crime,Tamil,UK,2009,104.0,U,8.1,12246,57.1,113000000.0,100720189.0,Priya Kumar,Rahul,59,Cool,Red,2024-01-12
M1243,Ocean of Stars,Drama,Malayalam,India,2019,169.0,PG-13,7.1,181,26.0,124000000.0,663971844.0,Raj Mehta,Rahul,42,Cool,Red,2024-05-03
M2836,Shadow Protocol 89,Comedy,Hindi,Japan,2007,76.0,R,5.9,15161,100.0,134000000.0,68024508.0,Priya Kumar,Rahul,40,Sunny,Red,2026-05-01
M0458,Code Zero 87,Thriller,Korean,UK,2003,113.0,PG,7.6,175,100.0,245000000.0,714484689.0,Ananya Sen,Aarav,20,Cloudy,Black,2024-10-24
M2855,Secret Agent 59,Adventure,Korean,Australia,2002,94.0,A,7.7,14398,77.4,225000000.0,627609183.0,S. Varma,Alex,34,Cool,Yellow,2024-10-21
M0880,Golden Promise 41,Horror,Kannada,Japan,2024,184.0,PG,8.1,432,98.1,214000000.0,307990515.0,John Carter,Rahul,49,Hot,Black,2024-07-02
M1481,The Forgotten Code 98,Adventure,Telugu,Canada,2025,,UA,8.0,1108,64.7,218000000.0,518005734.0,M. Wilson,Ananya,42,Cool,Yellow,2026-12-15
M2122,Neon Nights 96,Horror,Korean,,2018,121.0,A,7.6,282,64.2,153000000.0,797925877.0,M. Wilson,Meera,51,Cool,Blue,2024-11-07
M3408,A New Beginning 59,Fantasy,Telugu,USA,2008,144.0,U,6.4,50223,79.0,60000000.0,251437654.0,M. Wilson,Vikram,42,Cloudy,Blue,2024-06-19
M1583,Parallel Worlds 67,Adventure,Malayalam,Canada,2011,95.0,U,6.5,64792,84.4,246000000.0,1246460029.0,David Miller,Riya,42,Cool,Blue,2025-08-17
M1518,The Great Escape,Fantasy,Hindi,Japan,1998,92.0,A,5.4,830,63.6,60000000.0,308536257.0,John Carter,Vikram,37,Sunny,Yellow,2025-03-08
M0941,Crimson Sky 38,Mystery,English,India,2012,136.0,UA,7.7,120,60.1,157000000.0,294154839.0,Arjun Rao,Daniel,50,Cool,Yellow,2024-11-11
M2868,Midnight Train 82,Drama,Malayalam,Australia,2007,97.0,A,6.1,1267,48.6,102000000.0,384451284.0,Priya Kumar,Meera,52,Cool,Yellow,2026-10-06
M2019,Hidden Truth,Thriller,Korean,France,2022,164.0,UA,7.1,761,63.9,18000000.0,61999936.0,M. Wilson,Sophia,54,Sunny,Blue,2025-03-13
M0258,The Silent Witness 7,Thriller,Malayalam,Australia,2011,150.0,R,7.5,208880,87.2,79000000.0,378936081.0,Priya Kumar,Rahul,56,Rainy,Green,2025-06-25
M2928,Midnight Train 93,Sci-Fi,Malayalam,Japan,1996,188.0,A,6.7,169666,53.3,76000000.0,25134533.0,M. Wilson,Rahul,46,Rainy,Green,2026-09-26
M1722,Code Zero,Adventure,English,UK,2012,153.0,PG,5.7,6436,86.3,109000000.0,368091024.0,John Carter,Alex,26,Sunny,Red,2024-05-13
M2803,The Great Escape 78,Drama,Telugu,Canada,2008,160.0,R,6.3,1362,29.5,233000000.0,335046809.0,Priya Kumar,Sophia,21,Cool,Green,2026-08-22
M2230,Mystery Lake,Drama,Japanese,Japan,2019,164.0,UA,7.2,96011,35.3,122000000.0,424872554.0,Raj Mehta,Aarav,20,Hot,Blue,2026-08-07
M2941,Wild Frontier,Romance,Korean,Australia,2015,122.0,U,6.5,1373,84.2,217000000.0,312990046.0,John Carter,Daniel,63,Hot,Black,2025-02-09
M1578,Hidden Truth 73,Sci-Fi,Hindi,France,1998,163.0,R,8.3,4887,50.5,117000000.0,323642807.0,M. Wilson,Aarav,39,Hot,Red,2024-01-25
M1966,The Final Mission,Fantasy,Telugu,UK,2016,84.0,A,5.5,685,64.0,210000000.0,113778127.0,Priya Kumar,Meera,45,Cloudy,Black,2025-02-08
M0239,The Final Mission 95,Comedy,Hindi,France,2021,155.0,PG-13,6.2,4411,94.1,38000000.0,156149075.0,S. Varma,Kiran,33,Cloudy,Yellow,2025-01-26
M0806,Wild Frontier 4,Thriller,Malayalam,Australia,2004,175.0,UA,5.4,2896,69.4,83000000.0,367522422.0,Arjun Rao,Daniel,54,Cool,Black,2025-05-14
M1124,Journey Home 99,Romance,Hindi,France,2023,106.0,A,4.2,75351,65.6,133000000.0,52478953.0,Ananya Sen,Vikram,56,Sunny,Red,2026-07-20
M0394,Rainy Day,Drama,Hindi,South Korea,2025,165.0,PG-13,5.1,6212,32.7,206000000.0,898281062.0,Priya Kumar,Kiran,41,Sunny,Red,2024-08-22
M3248,Golden Promise,Drama,Korean,Canada,2021,163.0,A,6.6,172672,74.2,153000000.0,185313448.0,Ananya Sen,Daniel,50,Rainy,Black,2024-09-19
M2406,Neon Nights 76,Mystery,Telugu,France,2008,93.0,U,3.9,27719,65.4,168000000.0,740213601.0,David Miller,Rahul,63,Sunny,Blue,2026-07-17
M2620,Chasing Tomorrow 59,Adventure,Korean,Japan,2019,133.0,A,5.0,89777,72.2,196000000.0,360763832.0,M. Wilson,Ananya,44,Cloudy,Yellow,2026-12-12
M0603,Code Zero 50,Sci-Fi,Hindi,South Korea,2019,94.0,PG-13,7.7,10830,79.4,210000000.0,1128303385.0,David Miller,Kiran,59,Rainy,Green,2025-08-10
M2893,Rainy Day 90,Romance,Japanese,USA,2005,157.0,UA,6.1,128528,81.2,211000000.0,364513723.0,John Carter,Rahul,60,Rainy,Blue,2026-01-16
M0175,Beyond the Valley 79,Adventure,Tamil,Australia,2005,130.0,A,6.5,129394,45.4,209000000.0,207863534.0,David Miller,Rahul,33,Cloudy,Black,2026-04-11
M2416,Code Zero,Action,Kannada,France,2002,172.0,PG-13,6.3,10178,49.8,143000000.0,474820797.0,David Miller,Kiran,64,Hot,Green,2024-04-11
M0215,Journey Home 76,Comedy,Telugu,USA,2002,84.0,UA,7.1,22073,84.7,242000000.0,901376038.0,M. Wilson,Meera,33,Hot,Blue,2026-06-25
M0158,After the Storm 28,Horror,Malayalam,India,2020,172.0,UA,6.0,2059,65.9,151000000.0,137772065.0,Ananya Sen,Riya,60,Hot,Red,2026-10-23
M0683,After the Storm,Comedy,Japanese,Australia,2007,98.0,A,5.2,114,81.6,211000000.0,1121376687.0,S. Varma,Rahul,23,Sunny,Green,2026-07-07
M3403,Wild Frontier 14,Thriller,Tamil,UK,2003,88.0,A,7.9,390752,52.8,128000000.0,315611842.0,Raj Mehta,Alex,38,Cloudy,Red,2026-07-27
M3229,Kingdom of Ash 20,Thriller,Malayalam,USA,2024,171.0,R,8.3,12353,86.2,248000000.0,1213144976.0,S. Varma,Meera,37,Rainy,Blue,2026-08-24
M1663,Code Zero,Crime,Japanese,UK,2008,156.0,A,5.1,184248,34.6,17000000.0,62036027.0,Priya Kumar,Vikram,48,Cloudy,Blue,2024-06-13
M2373,Love in Monsoon,Sci-Fi,Japanese,France,2025,132.0,PG,5.8,14665,71.6,134000000.0,230778368.0,Ananya Sen,Daniel,64,Rainy,Blue,2026-04-10
M0795,Midnight Train,Mystery,English,Canada,2001,182.0,UA,6.7,6156,52.3,143000000.0,578082105.0,S. Varma,Ananya,56,Rainy,Green,2025-03-16
M0103,The Silent Witness,Action,Korean,Japan,2014,178.0,R,5.0,148740,36.9,232000000.0,1211136850.0,Ananya Sen,Meera,52,Cloudy,Black,2024-09-08
M2638,Parallel Worlds 52,Mystery,Malayalam,South Korea,2014,149.0,PG,5.8,54817,99.9,18000000.0,75754052.0,John Carter,Sophia,22,Rainy,Yellow,2024-01-09
M2252,Journey Home 99,Romance,Hindi,Canada,2009,76.0,PG-13,6.8,406336,54.9,69000000.0,159199346.0,John Carter,Sophia,38,Sunny,Red,2025-11-16
M0240,The Missing Piece,Comedy,Korean,UK,2017,154.0,UA,6.3,2421,59.4,151000000.0,260077365.0,Arjun Rao,Riya,49,Sunny,Green,2026-06-14
M2323,A New Beginning 5,Action,Hindi,USA,2020,137.0,U,6.6,7975,63.3,218000000.0,454271540.0,,Alex,19,Cloudy,Green,2026-01-10
M3597,Chasing Tomorrow,Romance,Kannada,France,2002,114.0,PG,7.0,121017,77.8,203000000.0,225262115.0,David Miller,Vikram,62,Cool,Yellow,2026-07-27
M1645,The Last Letter 73,Horror,English,Canada,2010,78.0,PG,,34393,31.5,237000000.0,78422275.0,Raj Mehta,Sophia,52,Cloudy,Red,2026-09-26
M1827,The Last Letter 62,Adventure,Malayalam,India,1999,108.0,R,4.5,1418,77.3,180000000.0,735665364.0,Priya Kumar,Meera,63,Sunny,Green,2025-07-22
M0898,Lost in Mumbai 5,Horror,English,Australia,2006,182.0,U,5.3,207,82.9,68000000.0,371326479.0,David Miller,Rahul,15,Cool,Black,2026-12-17
M2767,Starlight 33,Thriller,English,Canada,2017,116.0,A,7.7,137921,52.2,219000000.0,284163356.0,John Carter,Daniel,22,Hot,Yellow,2026-06-19
M3178,Journey Home,Mystery,Tamil,UK,2006,78.0,A,7.4,1544,83.3,28000000.0,10887461.0,S. Varma,Meera,52,Hot,Green,2026-07-27
M0965,Neon Nights 40,Mystery,Korean,UK,2023,122.0,U,7.3,19725,73.4,18000000.0,37286015.0,Ananya Sen,Sophia,31,Sunny,Green,2026-08-01
M0045,City of Dreams 43,Drama,Japanese,Canada,2016,123.0,A,7.1,2105,80.6,87000000.0,178420534.0,John Carter,Sophia,30,Cool,Green,2026-01-17
M0046,Kingdom of Ash,Fantasy,Tamil,Australia,2025,99.0,R,7.5,289986,70.9,22000000.0,95333488.0,M. Wilson,Meera,63,Sunny,Blue,2025-04-13
M0528,Parallel Worlds 98,Sci-Fi,Kannada,Canada,-1,96.0,UA,8.0,50450,73.5,22000000.0,54529963.0,S. Varma,Ananya,21,Hot,Black,2025-08-28
M0333,Neon Nights,Fantasy,Korean,South Korea,1999,164.0,A,8.8,3285,48.1,139000000.0,358352591.0,M. Wilson,Kiran,27,Sunny,Black,2025-06-14
M2786,The Last Horizon,Action,English,South Korea,2020,160.0,R,4.7,136,85.9,206000000.0,632564198.0,Priya Kumar,Kiran,57,Hot,Red,2025-03-22
M2719,Digital Hearts,Adventure,Hindi,Australia,2010,148.0,U,7.2,683,64.9,177000000.0,427390888.0,M. Wilson,Daniel,58,Sunny,Blue,2024-12-09
M0267,Love in Monsoon 77,Fantasy,Japanese,UK,1996,183.0,PG-13,6.2,1495,68.9,41000000.0,162085794.0,S. Varma,Sophia,52,Sunny,Red,2025-08-04
M2079,Dream Catcher,Animation,Korean,South Korea,2025,141.0,PG-13,6.4,263481,49.1,103000000.0,130683579.0,John Carter,Kiran,17,Hot,Blue,2026-04-13
M3569,The Great Escape 13,Comedy,Kannada,South Korea,2005,105.0,UA,6.7,4834,36.1,228000000.0,820053487.0,John Carter,Aarav,18,Cloudy,Blue,2026-12-09
M2072,Love in Monsoon 45,Comedy,Tamil,UK,2022,146.0,A,7.2,25420,60.4,163000000.0,402975649.0,Arjun Rao,Meera,50,Sunny,Green,2025-08-02
M0409,Rainy Day 6,Adventure,Malayalam,South Korea,2008,120.0,U,6.3,419173,48.2,246000000.0,342053834.0,M. Wilson,Alex,23,Cool,Blue,2026-05-26
M1746,Lost in Mumbai 58,Drama,Telugu,UK,1995,180.0,U,8.2,121466,43.5,219000000.0,387080315.0,S. Varma,Daniel,20,Cloudy,Black,2026-01-20
M0059,After the Storm 38,Fantasy,Japanese,USA,1996,101.0,U,5.7,209924,34.7,69000000.0,129698377.0,Ananya Sen,Vikram,32,Cool,Blue,2026-07-03
M0487,Beyond the Valley 37,Mystery,Telugu,India,2001,95.0,R,7.6,1037,87.2,70000000.0,350569356.0,M. Wilson,Aarav,16,Sunny,Green,2026-05-28
M0719,Ocean of Stars,Mystery,Korean,France,2012,110.0,A,5.9,257,39.8,184000000.0,253646744.0,Priya Kumar,Ananya,25,Sunny,Black,2025-01-09
M0412,Family Ties,Sci-Fi,Korean,Canada,2014,180.0,R,7.9,230146,53.3,40000000.0,187461039.0,M. Wilson,Vikram,26,Cool,Green,2024-11-09
M2025,The Great Escape,Comedy,Hindi,France,2005,143.0,UA,6.9,12816,78.7,247000000.0,652939043.0,M. Wilson,Riya,31,Cool,Red,2024-08-11
M1879,Ocean of Stars,Adventure,Telugu,Japan,2009,178.0,PG-13,5.2,542667,95.7,70000000.0,136420686.0,Arjun Rao,Daniel,44,Hot,Red,2024-12-06
M2627,Crimson Sky,Crime,Tamil,Canada,1999,141.0,R,5.5,11921,68.4,46000000.0,96186927.0,Raj Mehta,Daniel,19,Cool,Blue,2025-02-26
M2045,Mystery Lake,Horror,Tamil,South Korea,2002,180.0,PG-13,9.3,123277,65.2,188000000.0,618519780.0,John Carter,Riya,52,Hot,Blue,2025-12-16
M2404,The Final Mission,Action,Korean,Japan,1995,141.0,R,6.7,245659,88.3,155000000.0,270530316.0,John Carter,Sophia,65,Rainy,Green,2026-04-27
M3190,Starlight,Adventure,Hindi,South Korea,1996,84.0,R,5.7,770756,66.9,224000000.0,1110070509.0,Ananya Sen,Sophia,26,Cloudy,Green,2024-06-21
M3151,Journey Home,Mystery,Kannada,USA,1995,165.0,unknown,7.0,210211,67.6,107000000.0,267162396.0,Ananya Sen,Rahul,48,Cool,Yellow,2024-07-12
M3054,Love in Monsoon 96,Horror,Korean,France,1995,136.0,U,6.9,352017,74.5,91000000.0,408145951.0,S. Varma,Rahul,59,Hot,Black,2024-02-24
M0310,Parallel Worlds,Sci-Fi,Tamil,France,2013,121.0,PG-13,6.3,607719,42.6,157000000.0,246192829.0,M. Wilson,Vikram,36,Cool,Yellow,2025-05-10
M2081,Journey Home,Action,Japanese,USA,2014,100.0,U,8.4,4328,66.6,208000000.0,255458937.0,Arjun Rao,Meera,19,Cool,Black,2024-01-09
M1466,The Great Escape 71,Crime,English,India,1999,83.0,A,6.3,40904,69.3,147000000.0,349067629.0,M. Wilson,Meera,51,Cloudy,Blue,2024-02-16
M1910,After the Storm,Crime,Japanese,Australia,2014,190.0,A,4.1,10755,73.3,233000000.0,855932713.0,M. Wilson,Sophia,52,Cloudy,Green,2026-04-10
M1660,Echoes of Time,Romance,Tamil,France,2024,112.0,PG-13,7.6,251705,35.0,2000000.0,10988389.0,S. Varma,Aarav,45,Rainy,Green,2025-01-24
M3496,Echoes of Time,Comedy,Telugu,USA,2012,167.0,PG,5.6,355,61.8,210000000.0,955860456.0,Raj Mehta,Rahul,55,Rainy,Yellow,2024-04-03
M1293,Neon Nights 31,Sci-Fi,Malayalam,France,2001,145.0,UA,6.1,187,81.6,78000000.0,39009005.0,Raj Mehta,Sophia,34,Sunny,Black,2025-05-23
M1570,Secret Agent,Thriller,Tamil,Australia,2004,137.0,PG-13,6.7,267854,36.0,217000000.0,649796147.0,John Carter,Daniel,26,Hot,Blue,2025-12-13
M1460,The Final Mission,Action,Malayalam,USA,2007,92.0,R,6.2,88423,62.0,90000000.0,473618551.0,David Miller,Ananya,18,Cool,Blue,2026-11-12
M1018,Neon Nights,Action,Malayalam,UK,2002,75.0,UA,6.8,444231,67.2,100000000.0,180794338.0,Priya Kumar,Alex,44,Rainy,Black,2026-02-04
M0451,Lost in Mumbai 96,Animation,Kannada,South Korea,1999,133.0,PG,7.8,593,39.9,238000000.0,760707583.0,John Carter,Alex,55,Rainy,Yellow,2026-08-11
M1755,Golden Promise 65,Drama,Kannada,India,2007,112.0,PG-13,8.3,56991,64.4,69000000.0,193159177.0,John Carter,Vikram,28,Rainy,Green,2024-04-10
M0747,Parallel Worlds,Mystery,Hindi,Japan,1996,85.0,PG-13,5.5,7075,73.0,15000000.0,59953570.0,Arjun Rao,Daniel,49,Hot,Green,2024-02-24
M3232,Love in Monsoon,Drama,Kannada,USA,2023,101.0,UA,8.4,1989,6.8,58000000.0,96648340.0,M. Wilson,Rahul,38,Rainy,Green,2024-05-26
M1743,Family Ties 20,Action,Japanese,France,2020,172.0,UA,8.0,16527,58.9,26000000.0,65764172.0,Ananya Sen,Kiran,59,Sunny,Blue,2025-11-06
M0369,Shadow Protocol 20,Adventure,English,Japan,2012,143.0,PG,5.8,219,38.4,243000000.0,1255307980.0,S. Varma,Daniel,41,Cloudy,Red,2024-02-05
M0737,Code Zero 89,Animation,English,UK,2019,159.0,PG,4.5,77777777,77.4,220000000.0,452706942.0,Ananya Sen,Vikram,35,Hot,Blue,2024-10-24
M0841,A New Beginning,Mystery,Tamil,UK,2024,180.0,PG,7.9,2200,67.1,1000000.0,4084900.0,Ananya Sen,Aarav,26,Cloudy,Black,2024-06-13
M0189,Road to Victory 60,Crime,Japanese,USA,1996,110.0,PG-13,3.4,372156,63.9,58000000.0,122999884.0,Arjun Rao,Daniel,62,Cool,Green,2026-01-25
M1437,Ocean of Stars,Romance,Tamil,,2013,178.0,UA,6.9,191811,50.7,102000000.0,559296723.0,John Carter,Rahul,53,Hot,Green,2025-01-20
M2943,Road to Victory 43,Drama,Kannada,France,1996,156.0,R,5.4,617666,51.3,213000000.0,863583854.0,Ananya Sen,Meera,29,Cloudy,Yellow,2025-06-11
M3302,Starlight,Drama,Kannada,Australia,2013,119.0,UA,7.5,2703,74.3,16000000.0,67718471.0,Ananya Sen,Vikram,60,Rainy,Blue,2024-08-01
M2175,Beyond the Valley,Crime,Tamil,France,1998,153.0,U,7.3,13088,68.3,238000000.0,1016859670.0,Priya Kumar,Alex,40,Rainy,Black,2025-11-03
M2539,Beyond the Valley,Romance,Japanese,UK,2014,115.0,U,6.4,7761,35.3,220000000.0,1013692286.0,David Miller,Riya,62,Cloudy,Blue,2026-01-21
M1071,The Final Mission 65,Fantasy,Korean,Japan,1996,182.0,PG,6.6,1285,69.2,219000000.0,379205766.0,David Miller,Sophia,60,Hot,Green,2026-12-06
M1468,Midnight Train,Fantasy,Hindi,France,2021,123.0,PG,4.5,3153,56.4,145000000.0,685606025.0,David Miller,Vikram,20,Sunny,Green,2025-12-25
M0562,Love in Monsoon 88,Action,Japanese,Japan,2020,129.0,PG-13,5.8,1474,73.1,226000000.0,474869456.0,Ananya Sen,Riya,19,Sunny,Yellow,2026-02-19
M0502,A New Beginning,Drama,English,UK,2014,123.0,A,3.4,1726,78.6,78000000.0,195261970.0,David Miller,Kiran,44,Cloudy,Black,2024-02-11
M0355,Golden Promise 53,Crime,Tamil,,2002,107.0,R,5.8,4691,97.8,208000000.0,832679776.0,Priya Kumar,Meera,24,Hot,Yellow,2024-10-21
M0241,Family Ties,Fantasy,English,UK,2003,124.0,A,5.5,145,49.6,168000000.0,49514951.0,S. Varma,Vikram,52,Cool,Black,2024-07-11
M0643,The Forgotten Code 9,Comedy,Malayalam,Australia,2018,105.0,U,8.3,102273,43.6,242000000.0,888054970.0,S. Varma,Kiran,59,Rainy,Black,2025-09-22
M2964,Family Ties,Action,Telugu,USA,2008,78.0,unknown,6.2,5503,97.6,206000000.0,378137866.0,M. Wilson,Ananya,42,Rainy,Red,2026-08-26
M1718,Golden Promise 62,Comedy,Telugu,Australia,2024,150.0,R,6.6,440791,47.6,39000000.0,119911301.0,S. Varma,Ananya,60,Cool,Red,2025-05-07
M1002,Broken Compass 83,Adventure,English,,2009,188.0,UA,7.6,479,67.5,205000000.0,553447171.0,Raj Mehta,Riya,18,Rainy,Black,2026-12-18
M1567,The Last Horizon 39,Animation,Kannada,Canada,2009,147.0,PG,6.3,12550,31.6,195000000.0,724856148.0,David Miller,Rahul,48,Cool,Blue,2025-12-15
M3522,The Last Letter,Thriller,English,,1998,154.0,R,6.3,114,35.1,168000000.0,816548005.0,Priya Kumar,Alex,44,Cloudy,Yellow,2024-05-22
M2948,Family Ties,Fantasy,Malayalam,UK,2006,103.0,A,5.6,590,65.0,123000000.0,337272072.0,M. Wilson,Riya,39,Cloudy,Yellow,2024-10-04
M3538,The Silent Witness,Action,Hindi,Japan,2002,127.0,UA,7.1,23718,98.4,129000000.0,294822652.0,M. Wilson,Alex,39,Cool,Green,2025-07-06
M2258,The Missing Piece 87,Action,Korean,Australia,2023,169.0,UA,4.5,8796,46.0,167000000.0,438449972.0,John Carter,Meera,39,Hot,Blue,2025-10-19
M0462,Family Ties 22,Comedy,Tamil,UK,2011,111.0,PG-13,6.4,699041,33.7,96000000.0,411999947.0,Ananya Sen,Ananya,63,Cool,Yellow,2026-09-28
M1870,Starlight 63,Comedy,Tamil,India,2009,96.0,U,7.3,93132,94.1,33000000.0,32811003.0,Arjun Rao,Meera,57,Cool,Black,2026-01-28
M2261,After the Storm,Horror,Malayalam,France,2004,75.0,A,6.4,3265,100.0,52000000.0,114014551.0,S. Varma,Sophia,25,Sunny,Black,2024-09-16
M2642,Wild Frontier 33,Comedy,Korean,USA,2003,164.0,UA,7.7,103,57.1,218000000.0,67892062.0,John Carter,Aarav,60,Hot,Yellow,2026-03-26
M3131,Midnight Train 53,Horror,Hindi,South Korea,2015,153.0,U,6.7,31304,62.7,21000000.0,101350796.0,Ananya Sen,Daniel,25,Sunny,Black,2025-09-21
M0153,Midnight Train 31,,Tamil,India,1996,106.0,UA,6.1,464,80.1,190000000.0,711323722.0,John Carter,Ananya,65,Cool,Green,2026-10-25
M3255,Family Ties,Action,English,India,2021,77.0,A,6.1,24803,43.4,227000000.0,160520076.0,M. Wilson,Aarav,18,Cool,Black,2025-04-25
M1284,After the Storm,Adventure,Malayalam,India,2011,95.0,U,7.9,128,45.7,236000000.0,516651939.0,Arjun Rao,Meera,46,Cool,Red,2024-12-09
M2577,Family Ties 81,Comedy,Hindi,Australia,2005,111.0,R,6.7,336258,57.2,185000000.0,271326349.0,Raj Mehta,Kiran,41,Sunny,Red,2025-03-18
M1115,Road to Victory 35,Horror,Telugu,UK,1997,118.0,U,6.9,1024,80.4,,64797494.0,S. Varma,Meera,26,Rainy,Red,2026-11-03
M2340,Neon Nights,Sci-Fi,English,Australia,2023,86.0,PG-13,9.1,84579,97.8,6000000.0,17414500.0,Arjun Rao,Alex,33,Sunny,Black,2025-09-09
M0257,Lost in Mumbai,Animation,Tamil,India,2025,76.0,R,7.7,1102,100.0,229000000.0,1112193214.0,Raj Mehta,Ananya,27,Cloudy,Green,2024-02-13
M1615,City of Dreams,Animation,English,UK,2025,110.0,PG,7.4,1784,59.8,161000000.0,503510026.0,Priya Kumar,Vikram,51,Cloudy,Blue,2025-05-23
M0439,The Last Horizon 7,Action,Japanese,India,2025,94.0,PG,7.0,1465,29.6,234000000.0,1213430399.0,S. Varma,Meera,64,Sunny,Black,2025-04-03
M0347,The Missing Piece,Action,Telugu,UK,2005,89.0,U,7.0,157531,75.9,25000000.0,122157356.0,Ananya Sen,Riya,44,Rainy,Blue,2024-10-21
M3265,Mystery Lake 35,Mystery,Malayalam,South Korea,2009,154.0,PG,6.5,6172,77.2,131000000.0,707684189.0,Raj Mehta,Daniel,65,Sunny,Green,2025-01-11
M2782,The Last Letter 82,Horror,English,USA,2017,146.0,PG-13,8.1,275353,93.3,86000000.0,284306264.0,John Carter,Meera,26,Hot,Black,2026-07-05
M0812,Shadow Protocol 56,Fantasy,Telugu,Australia,2000,100.0,UA,5.6,850,51.6,113000000.0,566661453.0,S. Varma,Rahul,13,Cloudy,Blue,2025-05-24
M1351,Rainy Day,Romance,Japanese,Japan,2016,82.0,PG,9.8,851,58.9,131000000.0,577443015.0,Arjun Rao,Sophia,59,Cloudy,Black,2024-06-11
M2401,Neon Nights 91,Crime,Telugu,Canada,1996,89.0,UA,6.9,782,88.6,210000000.0,177366277.0,M. Wilson,Riya,41,Cool,Green,2025-09-04
M1613,The Last Horizon,Horror,Malayalam,USA,2023,181.0,PG-13,6.9,1289,44.3,206000000.0,92581415.0,John Carter,Aarav,61,Rainy,Yellow,2026-09-05
M0848,A New Beginning 12,,Hindi,UK,1996,143.0,R,4.4,157,47.8,190000000.0,91134614.0,David Miller,Meera,40,Cloudy,Green,2025-12-20
M0788,Starlight 2,Crime,Kannada,Australia,1999,168.0,PG,5.3,808,44.2,47000000.0,41703033.0,Priya Kumar,Meera,24,Cool,Yellow,2025-02-08
M1973,Wild Frontier,Drama,Kannada,Japan,1996,137.0,R,6.0,1157,59.0,140000000.0,645184692.0,Arjun Rao,Rahul,58,Rainy,Blue,2026-06-19
M1678,Midnight Train,Action,Japanese,UK,2024,126.0,UA,6.0,3796,88.3,100000000.0,228651399.0,M. Wilson,Vikram,50,Cool,Red,2025-09-20
M1730,The Silent Witness,Action,Telugu,France,2004,158.0,PG,8.2,317860,53.6,231000000.0,680654683.0,Arjun Rao,Rahul,47,Sunny,Blue,2026-10-02
M1285,The Forgotten Code 55,Comedy,Korean,Japan,2017,132.0,U,5.5,163026,72.2,62000000.0,89631284.0,M. Wilson,Riya,16,Cloudy,Yellow,2026-12-25
M0953,Hidden Truth,Crime,Hindi,Canada,2007,75.0,R,9.5,253020,88.8,145000000.0,472410369.0,Raj Mehta,Alex,47,Sunny,Blue,2026-08-19
M0179,Chasing Tomorrow,Sci-Fi,Hindi,India,2015,126.0,U,7.1,9430,42.5,248000000.0,853295447.0,John Carter,Ananya,45,Cool,Yellow,2026-12-19
M3346,Golden Promise 98,Romance,Hindi,Canada,2019,169.0,R,6.2,223308,100.0,120000000.0,241754803.0,John Carter,Vikram,58,Cool,Blue,2024-03-10
M1007,Family Ties,Sci-Fi,Kannada,France,2019,112.0,U,5.2,1119,70.7,38000000.0,47607017.0,John Carter,Vikram,34,Cloudy,Black,2025-09-28
M2094,Family Ties,Fantasy,Tamil,France,2003,142.0,A,4.9,11464,77.6,32000000.0,94161387.0,Priya Kumar,Rahul,17,Cool,Red,2024-02-25
M2296,The Great Escape,Romance,Kannada,Canada,2019,94.0,U,6.6,8036,82.6,3000000.0,15346023.0,Ananya Sen,Riya,45,Cloudy,Green,2025-01-11
M2158,Hidden Truth 38,Action,Malayalam,Canada,2015,88.0,UA,7.2,1014,59.2,186000000.0,260414304.0,S. Varma,Kiran,50,Cloudy,Black,2026-07-15
M1661,Kingdom of Ash 7,Crime,Malayalam,South Korea,1997,132.0,UA,5.0,756,98.4,6000000.0,-500000.0,Ananya Sen,Kiran,54,Hot,Blue,2024-01-26
M2009,Parallel Worlds 53,Adventure,English,France,2013,104.0,PG-13,6.2,3551,64.1,65000000.0,209819745.0,John Carter,Ananya,56,Sunny,Black,2026-06-21
M1765,Echoes of Time 38,Horror,Tamil,UK,2014,178.0,R,8.5,329378,38.1,231000000.0,246887576.0,Ananya Sen,Riya,37,Hot,Black,2026-02-10
M3268,Echoes of Time 80,Mystery,Japanese,Australia,2002,188.0,R,7.1,5436,84.7,239000000.0,1029302300.0,Arjun Rao,Riya,46,Sunny,Blue,2026-12-13
M3069,The Final Mission 46,Mystery,Hindi,Japan,2018,114.0,U,7.7,66840,58.1,73000000.0,273715831.0,Ananya Sen,Alex,29,Rainy,Black,2026-10-03
M2354,Kingdom of Ash,Action,Kannada,,2017,79.0,PG-13,7.8,570046,69.6,146000000.0,534957964.0,John Carter,Meera,26,Cool,Green,2025-08-20
M2615,Lost in Mumbai 75,Fantasy,Tamil,France,2002,78.0,PG,7.8,248942,72.5,88000000.0,287616011.0,S. Varma,Aarav,43,Cloudy,Blue,2024-06-19
M0015,Hidden Truth,Mystery,Hindi,India,2009,185.0,PG,6.2,1248,86.1,187000000.0,575266088.0,Priya Kumar,Riya,28,Rainy,Red,2026-08-05
M2454,Digital Hearts 41,Mystery,Japanese,Japan,2014,158.0,UA,7.2,3920,27.4,186000000.0,307153955.0,Arjun Rao,Riya,23,Hot,Green,2026-07-08
M0174,Family Ties,Romance,Japanese,USA,2003,106.0,UA,8.1,270,54.8,185000000.0,866946472.0,John Carter,Aarav,38,Cloudy,Yellow,2025-06-15
M0904,Journey Home,Crime,Korean,Australia,2010,184.0,UA,7.9,1844,74.0,89000000.0,336897384.0,M. Wilson,Alex,29,Cool,Black,2024-12-09
M3549,Hidden Truth,Romance,Telugu,Canada,2021,136.0,PG-13,8.3,19109,55.9,13000000.0,29509728.0,M. Wilson,Meera,26,Rainy,Green,2024-02-01
M0332,Rainy Day 18,Drama,Telugu,India,2004,104.0,U,6.6,1848,65.3,64000000.0,137103752.0,Priya Kumar,Sophia,43,Hot,Yellow,2025-09-15
M1379,Mystery Lake,Horror,Tamil,India,2010,153.0,UA,8.0,113534,92.5,157000000.0,811478083.0,John Carter,Sophia,26,Sunny,Blue,2024-04-24
M0431,Midnight Train,Adventure,Japanese,USA,2002,97.0,R,8.1,1130,76.9,157000000.0,717923614.0,John Carter,Sophia,39,Sunny,Yellow,2024-04-04
M1498,Crimson Sky 16,Drama,Hindi,Japan,2008,187.0,R,5.9,103330,45.4,190000000.0,114055775.0,S. Varma,Daniel,51,Cloudy,Red,2025-05-19
M1682,Digital Hearts 92,Thriller,Malayalam,India,2016,187.0,A,,544,100.0,190000000.0,549452697.0,Priya Kumar,Kiran,47,Rainy,Blue,2024-05-03
M1162,The Forgotten Code,Crime,Telugu,USA,2021,,R,7.2,39313,43.1,164000000.0,397285704.0,Ananya Sen,Daniel,46,Hot,Red,2026-09-11
M1174,Midnight Train 17,Drama,Malayalam,UK,2005,162.0,R,6.2,466239,45.7,117000000.0,236110864.0,Priya Kumar,Sophia,30,Cloudy,Red,2026-07-15
M0480,Starlight,Thriller,English,Australia,2022,129.0,PG-13,8.3,2373,95.4,146000000.0,680312116.0,Raj Mehta,Sophia,37,Cool,Black,2025-10-04
M3035,Neon Nights 77,Comedy,English,Japan,1996,185.0,R,5.4,116203,59.4,197000000.0,166836338.0,Priya Kumar,Meera,49,Cool,Yellow,2024-06-25
M3588,Echoes of Time,Mystery,Telugu,France,2023,96.0,UA,5.6,61481,84.5,76000000.0,238788338.0,Ananya Sen,Sophia,24,Rainy,Blue,2026-08-21
M1236,Dream Catcher,Mystery,Korean,UK,1998,174.0,A,7.2,1185,54.3,239000000.0,857357909.0,Raj Mehta,Alex,39,Cloudy,Yellow,2025-07-18
M1430,Love in Monsoon 66,Horror,Japanese,Japan,2017,184.0,PG-13,6.4,3197,38.2,81000000.0,409188175.0,Arjun Rao,Meera,17,Sunny,Green,2024-09-28
M3413,Beyond the Valley 10,Romance,English,India,1996,102.0,U,8.7,5471,78.2,16000000.0,8319023.0,Arjun Rao,Ananya,17,Cloudy,Black,2025-05-06
M1457,Shadow Protocol 27,Action,Korean,USA,1999,183.0,U,5.7,15218,64.8,126000000.0,360958782.0,S. Varma,Daniel,62,Sunny,Red,2025-04-19
M1462,Kingdom of Ash,Mystery,Hindi,India,2003,122.0,PG-13,6.3,52541,45.1,200000000.0,633722941.0,M. Wilson,Alex,32,Sunny,Red,2024-05-18
M1627,A New Beginning 81,Adventure,Korean,India,2015,180.0,UA,6.8,1526,75.3,48000000.0,101841169.0,M. Wilson,Sophia,65,Hot,Green,2026-06-09
M3245,Road to Victory,Animation,Japanese,UK,2009,143.0,R,7.5,3812,51.5,40000000.0,192974349.0,David Miller,Aarav,61,Rainy,Blue,2025-02-02
M0325,Crimson Sky 96,Drama,Japanese,India,2002,146.0,UA,9.8,246271,63.8,111000000.0,357889713.0,S. Varma,Meera,21,Cool,Yellow,2026-06-26
M1850,Starlight 81,Drama,Telugu,USA,1997,170.0,PG-13,6.7,80414,87.2,14000000.0,48762824.0,Ananya Sen,Rahul,49,Sunny,Green,2025-04-22
M1809,Road to Victory 8,Comedy,Malayalam,France,2016,93.0,U,7.3,12696,63.0,6000000.0,10354568.0,Priya Kumar,Riya,50,Sunny,Yellow,2025-05-07
M1767,The Forgotten Code,Fantasy,Korean,France,2024,88.0,R,6.6,511398,71.2,236000000.0,126328949.0,S. Varma,Sophia,16,Cloudy,Red,2026-08-21
M3370,Code Zero,Romance,Japanese,Canada,2010,102.0,U,6.4,757988,64.2,97000000.0,298834036.0,John Carter,Aarav,57,Rainy,Blue,2026-12-27
M3104,Mystery Lake 28,Horror,English,USA,2016,188.0,PG,8.4,292845,58.5,227000000.0,339931801.0,David Miller,Rahul,21,Cloudy,Blue,2024-05-27
M0062,Family Ties,Fantasy,Japanese,Japan,2004,182.0,A,6.9,265745,42.1,151000000.0,623037124.0,S. Varma,Meera,33,Rainy,Red,2026-07-08
M1316,  DIGITAL HEARTS 21  ,Action,Malayalam,USA,2004,143.0,A,6.1,3854,55.6,33000000.0,168659783.0,John Carter,Meera,30,Rainy,Red,2026-09-24
M2304,Code Zero 35,Fantasy,Korean,Australia,2011,98.0,PG,7.6,307036,56.8,131000000.0,161000217.0,S. Varma,Rahul,58,Sunny,Yellow,2024-09-18
M0255,Chasing Tomorrow,Drama,Kannada,India,2019,85.0,U,6.2,210057,69.5,125000000.0,353034574.0,M. Wilson,Daniel,26,Rainy,Yellow,2024-08-26
M2468,Neon Nights 46,Horror,Kannada,Japan,2012,159.0,UA,5.3,1620,69.5,72000000.0,357833618.0,Priya Kumar,Daniel,31,Sunny,Black,2026-12-19
M3585,Echoes of Time 74,Sci-Fi,Malayalam,UK,2000,146.0,PG-13,3.3,1872,63.3,39000000.0,141231875.0,Priya Kumar,Kiran,53,Hot,Blue,2025-08-05
M2845,A New Beginning 22,Crime,Kannada,Australia,2013,139.0,R,7.1,5969,87.4,116000000.0,115196656.0,John Carter,Meera,30,Cloudy,Blue,2026-01-21
M2679,Beyond the Valley 71,Adventure,Japanese,France,2018,162.0,PG,7.8,91659,55.6,59000000.0,104697087.0,S. Varma,Rahul,15,Hot,Red,2026-09-19
M0222,Digital Hearts 37,Action,Japanese,Japan,1995,115.0,PG-13,8.2,260,50.9,153000000.0,91529227.0,Ananya Sen,Vikram,19,Rainy,Red,2025-09-27
M3505,After the Storm,Fantasy,English,Canada,2018,180.0,R,6.9,65725,54.1,177000000.0,761038352.0,David Miller,Vikram,19,Hot,Black,2025-10-20
M3440,Echoes of Time,Animation,Tamil,Japan,2000,162.0,UA,8.2,385355,54.0,240000000.0,1188667735.0,David Miller,Ananya,42,Hot,Green,2024-05-10
M0089,Hidden Truth,Thriller,Japanese,France,2000,171.0,PG,7.9,73968,71.1,159000000.0,708893380.0,M. Wilson,Rahul,30,Rainy,Yellow,2024-06-14
M0706,Hidden Truth,Crime,Korean,UK,2015,125.0,R,6.2,36074,93.9,213000000.0,336381095.0,S. Varma,Vikram,38,Cloudy,Yellow,2024-07-08
M2593,Ocean of Stars,Horror,Telugu,South Korea,2009,131.0,PG-13,6.7,169,78.1,107000000.0,434966978.0,S. Varma,Aarav,19,Hot,Blue,2026-03-26
M3241,Family Ties,Thriller,English,India,2009,111.0,R,7.3,1944,75.2,70000000.0,212719343.0,Ananya Sen,Aarav,63,Cool,Yellow,2026-03-06
M1310,Neon Nights,Adventure,Telugu,Australia,2016,177.0,A,4.3,16164,8.4,226000000.0,1143290340.0,Priya Kumar,Kiran,24,Sunny,Green,2025-08-01
M1165,Echoes of Time,Action,Kannada,India,2011,174.0,PG,6.7,9102,71.8,207000000.0,1039684376.0,David Miller,Riya,55,Rainy,Red,2024-11-12
M2608,Broken Compass,Mystery,Hindi,South Korea,2007,96.0,R,5.7,3618,79.0,79000000.0,228455305.0,S. Varma,Aarav,40,Hot,Yellow,2025-02-24
M3126,The Last Horizon,Fantasy,Tamil,India,2022,118.0,R,5.2,129,83.2,50000000.0,119930128.0,Ananya Sen,Aarav,27,Cool,Yellow,2025-01-04
M3274,Love in Monsoon,Sci-Fi,Hindi,Canada,2013,186.0,U,6.7,9044,31.3,216000000.0,317009594.0,M. Wilson,Kiran,28,Hot,Red,2024-09-23
M0791,The Final Mission,Comedy,Tamil,South Korea,2023,96.0,UA,6.8,1514,48.0,74000000.0,235768760.0,Arjun Rao,Ananya,48,Cool,Red,2024-10-02
M1603,Hidden Truth 31,Horror,Tamil,India,2017,158.0,PG-13,6.0,9349,100.0,39000000.0,44264341.0,M. Wilson,Rahul,40,Cool,Blue,2026-05-18
M3050,Mystery Lake 35,Romance,Japanese,UK,1997,170.0,R,8.6,121903,26.0,226000000.0,880234069.0,Raj Mehta,Meera,33,Hot,Yellow,2024-12-04
M2424,Hidden Truth,Comedy,English,South Korea,2003,177.0,UA,7.6,4901,51.3,28000000.0,34099031.0,M. Wilson,Alex,43,Cloudy,Yellow,2024-06-09
M0756,Lost in Mumbai,Adventure,Tamil,USA,2010,161.0,UA,5.5,132,25.7,122000000.0,192242132.0,S. Varma,Rahul,17,Sunny,Yellow,2025-02-02
M2214,The Missing Piece,Action,Japanese,USA,2018,162.0,A,6.1,181,73.0,82000000.0,440604231.0,Raj Mehta,Kiran,39,Rainy,Red,2024-04-10
M0284,A New Beginning 30,Romance,Kannada,Japan,2008,144.0,A,6.2,21975,16.5,138000000.0,240922010.0,John Carter,Ananya,61,Cool,Yellow,2025-09-27
M0275,The Missing Piece,Animation,Korean,Australia,1999,138.0,PG-13,4.9,692712,51.2,2000000.0,4738940.0,David Miller,Alex,24,Rainy,Blue,2025-11-20
M1878,Secret Agent,Romance,Hindi,UK,2002,118.0,PG,6.1,487933,100.0,178000000.0,169196148.0,John Carter,Ananya,51,Rainy,Red,2025-06-04
M1619,After the Storm 8,Horror,Telugu,France,2005,143.0,UA,8.1,1501,61.2,71000000.0,49781552.0,David Miller,Riya,20,Cool,Black,2024-05-15
M1737,Wild Frontier,,Korean,USA,1996,127.0,PG,6.6,789,46.6,153000000.0,448980512.0,John Carter,Sophia,34,Rainy,Green,2024-11-16
M0808,City of Dreams 31,Fantasy,Kannada,Australia,2009,103.0,PG-13,6.1,42253,74.7,148000000.0,202563544.0,Arjun Rao,Daniel,34,Rainy,Blue,2024-09-06
M0424,Love in Monsoon,Horror,Japanese,USA,2017,124.0,R,5.8,548841,78.0,230000000.0,494519775.0,M. Wilson,Ananya,21,Sunny,Red,2024-12-19
M1488,Journey Home 22,Romance,Kannada,Australia,2024,120.0,U,5.1,14701,79.5,164000000.0,491372207.0,Raj Mehta,Daniel,18,Rainy,Yellow,2024-09-05
M0507,Love in Monsoon,Action,Malayalam,USA,2019,138.0,PG,6.9,29851,98.9,174000000.0,100213689.0,Priya Kumar,Alex,19,Cloudy,Red,2024-02-15
M2648,The Last Letter,Thriller,Korean,Australia,2008,190.0,PG-13,6.9,177113,60.0,146000000.0,684104685.0,John Carter,Kiran,43,Cool,Yellow,2026-10-14
M2630,Kingdom of Ash,Fantasy,Korean,Australia,2024,83.0,PG,8.6,711234,93.3,9000000.0,20786659.0,M. Wilson,Meera,28,Hot,Green,2025-07-10
M2995,Mystery Lake,Thriller,Hindi,UK,1997,140.0,U,8.2,175385,68.6,7000000.0,11863771.0,Raj Mehta,Meera,29,Sunny,Green,2026-06-03
M3130,Crimson Sky 54,Romance,Telugu,Australia,2014,95.0,UA,9.6,37674,68.8,145000000.0,251064084.0,David Miller,Daniel,27,Hot,Blue,2024-11-28
M0550,After the Storm,Sci-Fi,Tamil,Japan,1998,181.0,R,6.2,7179,62.9,36000000.0,110809090.0,Priya Kumar,Daniel,61,Hot,Green,2024-11-11
M0558,Ocean of Stars,Romance,Telugu,Japan,2017,129.0,A,7.5,17319,77.9,246000000.0,1295694265.0,Arjun Rao,Riya,14,Hot,Black,2024-10-26
M2858,Starlight 25,Action,Tamil,USA,2023,131.0,PG,5.8,8459,59.7,166000000.0,802143450.0,Arjun Rao,Ananya,19,Hot,Black,2026-01-11
M0443,The Great Escape 84,Animation,Hindi,Canada,2009,154.0,UA,6.0,24085,74.4,11000000.0,10091142.0,Priya Kumar,Ananya,47,Sunny,Black,2026-10-28
M2728,Crimson Sky,Horror,Japanese,Australia,2006,180.0,UA,7.4,352,63.7,203000000.0,672547918.0,S. Varma,Riya,62,Sunny,Red,2026-05-01
M0219,The Silent Witness,Sci-Fi,Korean,Australia,1996,134.0,U,5.6,16245,86.1,13000000.0,35399872.0,S. Varma,Rahul,24,Cloudy,Red,2024-05-09
M2983,Chasing Tomorrow,Drama,English,Canada,2016,174.0,PG,7.2,950,42.7,43000000.0,84682606.0,Arjun Rao,Aarav,48,Cool,Blue,2024-06-16
M3026,Love in Monsoon 59,Action,Korean,USA,2019,190.0,U,6.5,623472,55.1,103000000.0,325493968.0,M. Wilson,Riya,26,Cloudy,Blue,2026-03-12
M3136,Journey Home 14,Sci-Fi,Kannada,UK,2004,132.0,PG,8.1,435236,76.0,232000000.0,1123894349.0,S. Varma,Ananya,43,Sunny,Blue,2026-11-17
M3468,Lost in Mumbai 29,Horror,Korean,Canada,2001,169.0,R,7.7,372053,31.3,245000000.0,465383147.0,John Carter,Ananya,17,Hot,Blue,2026-11-21
M3217,Mystery Lake 13,Fantasy,Telugu,France,1996,99.0,UA,6.4,65462,67.3,216000000.0,114144408.0,Ananya Sen,Aarav,47,Sunny,Green,2026-11-21
M3078,Shadow Protocol 45,Fantasy,Korean,South Korea,2015,75.0,U,7.7,25968,53.2,31000000.0,143907907.0,Priya Kumar,Riya,26,Cool,Yellow,2025-06-26
M2645,Lost in Mumbai 55,Mystery,Korean,USA,2018,134.0,PG,6.8,226,46.9,29000000.0,25617663.0,S. Varma,Kiran,50,Cloudy,Blue,2026-04-14
M2412,Love in Monsoon 97,Thriller,Korean,Australia,1996,138.0,UA,9.1,246,22.2,92000000.0,472922054.0,Priya Kumar,Kiran,20,Cool,Red,2026-02-16
M3170,Journey Home,Adventure,Telugu,South Korea,2014,121.0,PG-13,6.4,1573,56.1,206000000.0,1091051920.0,S. Varma,Meera,26,Hot,Blue,2026-07-16
M2356,Journey Home,Drama,Korean,South Korea,2010,93.0,UA,8.8,721,72.4,221000000.0,475601950.0,Priya Kumar,Riya,45,Cloudy,Red,2025-06-21
M1404,Midnight Train 24,Thriller,Tamil,Canada,1998,75.0,PG-13,6.4,7835,94.1,83000000.0,358802348.0,Raj Mehta,Sophia,48,Rainy,Black,2026-03-22
M2906,Beyond the Valley,Horror,Tamil,India,2022,159.0,PG-13,6.3,181,67.4,85000000.0,265598615.0,Priya Kumar,Sophia,57,Cool,Black,2025-10-26
M2567,Hidden Truth,Thriller,Japanese,UK,2000,135.0,UA,7.1,1195,57.2,247000000.0,630176515.0,Ananya Sen,Daniel,53,Cloudy,Black,2025-07-04
M1282,Rainy Day 7,Horror,Korean,UK,2012,119.0,U,7.3,970,76.7,175000000.0,97406478.0,David Miller,Vikram,36,Hot,Blue,2026-10-01
M1651,Love in Monsoon 22,,Hindi,USA,2003,189.0,A,5.6,216,53.7,98000000.0,390513481.0,John Carter,Kiran,34,Rainy,Green,2024-01-23
M0979,Echoes of Time 3,Sci-Fi,Telugu,UK,2005,123.0,PG-13,8.0,199,22.9,223000000.0,49549139.0,David Miller,Ananya,19,Sunny,Black,2025-03-09
M0579,The Forgotten Code 26,Sci-Fi,Korean,Canada,2021,134.0,PG,7.3,1146,54.8,88000000.0,249258745.0,M. Wilson,Kiran,14,Cloudy,Red,2026-03-10
M2553,The Silent Witness 8,Mystery,Japanese,Japan,2011,105.0,R,8.3,280456,68.1,82000000.0,86107178.0,M. Wilson,Riya,16,Cool,Red,2024-09-25
M0001,Parallel Worlds 19,Adventure,Hindi,USA,2015,89.0,PG-13,7.4,71951,62.2,7000000.0,23610229.0,S. Varma,Aarav,14,Sunny,Red,2024-09-20
M3427,Rainy Day 29,Horror,Malayalam,Japan,2010,116.0,A,6.3,168,63.6,219000000.0,1037642459.0,M. Wilson,Alex,42,Sunny,Black,2026-12-02
M3495,Rainy Day,Comedy,Japanese,Australia,2018,147.0,R,4.6,16588,64.0,63000000.0,163401489.0,Ananya Sen,Ananya,31,Rainy,Blue,2026-08-04
M1508,After the Storm,Comedy,Japanese,UK,1998,129.0,UA,6.4,275,80.4,8000000.0,38489056.0,Ananya Sen,Alex,61,Cool,Black,2025-08-16
M0872,Chasing Tomorrow 36,Animation,Hindi,India,2015,87.0,PG,4.4,17243,67.9,244000000.0,469363119.0,Ananya Sen,Ananya,29,Rainy,Red,2024-12-23
M1299,Love in Monsoon,Adventure,Tamil,UK,1996,181.0,PG,6.5,22837,83.7,127000000.0,449465573.0,Raj Mehta,Sophia,58,Cool,Green,2026-01-08
M0248,Parallel Worlds 50,Horror,Japanese,South Korea,2025,114.0,UA,8.6,52075,53.6,183000000.0,185863639.0,M. Wilson,Daniel,56,Cool,Yellow,2025-10-04
M1362,Mystery Lake 91,Sci-Fi,Tamil,Japan,1997,89.0,UA,6.7,401484,69.8,226000000.0,697790996.0,Raj Mehta,Sophia,50,Hot,Blue,2024-06-12
M3438,Dream Catcher 23,Drama,Japanese,South Korea,2016,80.0,PG-13,7.8,32520,88.5,239000000.0,356516491.0,Priya Kumar,Kiran,49,Rainy,Black,2025-05-06
M2180,Love in Monsoon 11,Romance,English,Australia,2022,83.0,PG-13,7.7,707845,92.8,205000000.0,620745241.0,David Miller,Kiran,44,Cool,Blue,2025-07-03
M2921,Golden Promise 36,Fantasy,Tamil,UK,2017,113.0,A,8.4,9319,69.3,33000000.0,166890314.0,Priya Kumar,Aarav,62,Hot,Green,2024-10-22
M2216,Family Ties 69,Horror,Telugu,Japan,2018,75.0,PG-13,7.0,2406,74.5,216000000.0,733887107.0,Priya Kumar,Daniel,35,Cloudy,Blue,2024-10-25
M0176,A New Beginning 74,Romance,Telugu,India,2007,110.0,R,,64620,46.6,210000000.0,755597315.0,M. Wilson,Ananya,41,Cloudy,Blue,2025-11-16
M0279,City of Dreams 8,Mystery,English,Canada,1995,141.0,A,7.6,325,91.6,28000000.0,10426885.0,David Miller,Daniel,56,Cloudy,Red,2024-12-26
M1164,City of Dreams 91,Crime,Korean,France,2013,171.0,R,8.1,141,90.4,116000000.0,249600166.0,Arjun Rao,Meera,43,Sunny,Black,2025-04-13
M1537,The Last Letter 44,Drama,Japanese,UK,2008,166.0,PG-13,7.7,210590,52.7,108000000.0,298107118.0,John Carter,Sophia,26,Cool,Black,2025-10-24
M1584,Crimson Sky,Thriller,Tamil,USA,2022,75.0,A,5.2,10431,57.4,99000000.0,496271510.0,Raj Mehta,Riya,37,Cloudy,Yellow,2026-11-05
M3407,Starlight,Adventure,English,Japan,1996,115.0,R,5.4,83002,42.8,52000000.0,163858246.0,Priya Kumar,Aarav,52,Cloudy,Red,2026-11-03
M3149,The Forgotten Code 11,Drama,English,South Korea,2007,137.0,A,7.2,630,53.2,10000000.0,49419847.0,,Riya,23,Sunny,Yellow,2024-07-05
M3304,The Great Escape,Sci-Fi,Kannada,India,2003,145.0,PG-13,6.7,5815,52.8,64000000.0,114774350.0,S. Varma,Alex,21,Rainy,Black,2026-01-24
M0417,Hidden Truth,Mystery,Tamil,USA,1995,154.0,R,8.3,72475,65.4,24000000.0,73772572.0,Arjun Rao,Riya,51,Rainy,Black,2026-11-19
M2919,Hidden Truth 65,Crime,Hindi,Australia,2021,99.0,U,8.2,771689,68.9,66000000.0,190953425.0,Ananya Sen,Meera,49,Rainy,Blue,2025-02-26
M0218,Beyond the Valley 53,Horror,Hindi,South Korea,2021,174.0,U,6.0,1339,36.9,57000000.0,118848727.0,Raj Mehta,Riya,25,Hot,Red,2024-06-04
M1652,The Last Letter 91,Drama,Telugu,Canada,1997,98.0,PG-13,7.6,3339,45.4,176000000.0,423034734.0,John Carter,Meera,32,Rainy,Red,2025-07-23
M0713,Broken Compass,Comedy,Tamil,India,2011,172.0,A,6.5,14449,48.0,40000000.0,114664084.0,David Miller,Ananya,18,Rainy,Green,2025-08-07
M1024,Ocean of Stars 11,Crime,Telugu,Canada,2022,140.0,R,6.5,85567,79.9,38000000.0,188254851.0,S. Varma,Sophia,27,Cloudy,Black,2024-07-02
M2602,Golden Promise 39,Drama,Hindi,,2017,90.0,U,7.6,313,49.7,190000000.0,142600906.0,M. Wilson,Sophia,29,Cool,Green,2025-10-11
M0970,Love in Monsoon 24,Horror,Hindi,UK,2020,91.0,PG-13,7.0,767,96.8,207000000.0,772641260.0,Ananya Sen,Riya,17,Sunny,Blue,2026-06-28
M3178,Journey Home,Mystery,Tamil,UK,2006,78.0,A,7.4,1544,83.3,28000000.0,10887461.0,S. Varma,Meera,52,Hot,Green,2026-07-27
M1211,City of Dreams,Romance,Japanese,USA,2017,149.0,UA,8.3,13378,34.5,128000000.0,110836545.0,John Carter,Ananya,40,Cloudy,Yellow,2025-09-12
M3348,The Missing Piece,Sci-Fi,English,USA,2018,75.0,U,7.8,59401,53.6,211000000.0,1139933822.0,S. Varma,Rahul,33,Cool,Yellow,2025-09-22
M0450,Midnight Train,Horror,Telugu,Japan,2000,101.0,PG,4.8,71196,54.4,144000000.0,777725939.0,David Miller,Kiran,32,Sunny,Blue,2025-08-25
M3177,The Missing Piece,Crime,Hindi,India,2002,115.0,PG-13,7.3,92962,78.8,106000000.0,315121405.0,Priya Kumar,Kiran,44,Hot,Black,2024-12-16
M3186,Journey Home,Romance,Tamil,Japan,2024,168.0,PG,5.1,24705,75.8,245000000.0,864820877.0,John Carter,Vikram,14,Sunny,Yellow,2025-05-26
M3535,Midnight Train,Drama,Kannada,India,2006,135.0,U,8.4,493,62.5,29000000.0,30264050.0,David Miller,Kiran,31,Rainy,Red,2025-02-16
M0908,Echoes of Time,Animation,English,Japan,2006,142.0,PG-13,7.2,206759,45.2,154000000.0,67526405.0,Ananya Sen,Kiran,23,Cloudy,Red,2024-11-06
M0434,The Silent Witness,Fantasy,Hindi,USA,1996,143.0,UA,5.4,1909,61.1,46000000.0,115013921.0,M. Wilson,Alex,50,Cloudy,Black,2024-12-22
M2098,Dream Catcher,Crime,Kannada,UK,2023,152.0,UA,5.5,67913,44.0,62000000.0,87920837.0,Priya Kumar,Vikram,52,Hot,Green,2025-05-22
M0372,Broken Compass 58,Crime,Japanese,Japan,2018,160.0,PG,6.9,3059,63.0,52000000.0,252369722.0,Ananya Sen,Rahul,38,Sunny,Yellow,2026-07-24
M2985,Love in Monsoon 52,Fantasy,Korean,USA,2006,188.0,PG,8.1,51447,60.8,227000000.0,55146242.0,S. Varma,Vikram,49,Hot,Green,2026-07-28
M2185,Code Zero 19,Sci-Fi,Kannada,UK,1999,175.0,PG,7.7,3960,88.3,114000000.0,563808360.0,David Miller,Kiran,42,Hot,Blue,2026-04-05
M1273,Neon Nights 37,Horror,Korean,Australia,2021,171.0,U,6.6,127413,46.7,104000000.0,98730615.0,Priya Kumar,Aarav,57,Sunny,Black,2025-11-13
M2635,Secret Agent,Animation,Tamil,South Korea,2008,95.0,R,4.2,42984,89.4,28000000.0,13856777.0,David Miller,Meera,57,Cool,Black,2024-01-06
M1214,The Missing Piece,Comedy,Kannada,Japan,1999,185.0,A,6.0,184,79.6,73000000.0,137210210.0,David Miller,Aarav,27,Cloudy,Blue,2024-01-04
M3001,Secret Agent,Romance,English,UK,2013,136.0,UA,7.5,146734,23.3,225000000.0,303108376.0,Raj Mehta,Daniel,22,Rainy,Red,2024-12-17
M1367,Broken Compass,Mystery,Malayalam,USA,2010,167.0,UA,5.8,117,66.5,240000000.0,178166532.0,David Miller,Riya,13,Cool,Black,2024-01-23
M2397,Parallel Worlds 89,Thriller,Korean,Japan,2002,79.0,R,8.4,288,79.2,38000000.0,175408384.0,Priya Kumar,Riya,49,Sunny,Red,2026-01-10
M1237,Wild Frontier 59,Animation,Malayalam,UK,2002,167.0,U,5.7,429039,45.7,68000000.0,22481843.0,M. Wilson,Aarav,22,Cool,Green,2024-07-05
M0247,Secret Agent 89,,Japanese,UK,2016,101.0,R,6.0,168,88.8,69000000.0,368200831.0,David Miller,Alex,64,Sunny,Red,2025-10-26
M3206,Wild Frontier 83,Sci-Fi,Korean,France,2024,,A,6.5,3455,58.2,229000000.0,252258722.0,M. Wilson,Riya,14,Hot,Yellow,2024-06-06
M0506,Neon Nights,Adventure,Malayalam,Canada,2001,186.0,PG-13,9.5,512871,61.5,73000000.0,246991897.0,Raj Mehta,Kiran,62,Cool,Red,2025-02-08
M2476,Hidden Truth 56,Thriller,Tamil,UK,2024,162.0,UA,7.0,468242,71.6,50000000.0,156945827.0,Arjun Rao,Daniel,35,Hot,Green,2024-09-26
M1423,Midnight Train 37,Mystery,Kannada,France,2004,107.0,PG-13,9.5,14962,51.3,34000000.0,140623005.0,S. Varma,Sophia,23,Cloudy,Blue,2025-03-26
M1851,Code Zero 5,Horror,Telugu,Australia,2009,130.0,PG,6.4,116702,91.9,200000000.0,530204226.0,,Meera,54,Cloudy,Green,2026-12-20
M3133,Kingdom of Ash 32,Fantasy,Malayalam,Canada,2003,98.0,PG,7.1,228823,83.7,222000000.0,62537240.0,Ananya Sen,Kiran,15,Sunny,Red,2024-09-09
M2320,Journey Home,Sci-Fi,Kannada,Australia,2019,184.0,UA,6.3,4515,43.9,105000000.0,221636568.0,M. Wilson,Rahul,42,Hot,Yellow,2025-08-16
M2335,The Great Escape,Crime,Tamil,UK,2001,168.0,R,7.8,524902,81.0,137000000.0,66706993.0,Arjun Rao,Ananya,39,Cool,Black,2025-12-17
M1565,City of Dreams,Fantasy,Tamil,UK,2011,145.0,A,5.5,40015,57.9,113000000.0,192860256.0,David Miller,Aarav,23,Cloudy,Yellow,2025/08/21
M2541,Kingdom of Ash,Mystery,Kannada,India,2001,155.0,PG-13,7.3,125,42.4,203000000.0,470429016.0,David Miller,Daniel,25,Rainy,Black,2024-06-08
M2794,Dream Catcher,Thriller,Korean,USA,2015,151.0,UA,5.7,354254,45.8,77000000.0,280355959.0,S. Varma,Riya,29,Cool,Yellow,2024-11-13
M2186,Code Zero 30,Thriller,Japanese,USA,1995,139.0,R,6.4,70482,73.9,234000000.0,1052621267.0,Raj Mehta,Rahul,24,Cool,Red,2024-05-21
M0544,Crimson Sky 16,,Telugu,South Korea,2022,142.0,UA,5.3,14493,67.9,82000000.0,251824911.0,David Miller,Daniel,62,Sunny,Red,2025-07-22
M1107,Family Ties,Romance,Korean,Japan,2017,168.0,U,7.6,71472,95.6,2000000.0,8559314.0,Arjun Rao,Kiran,50,Rainy,Yellow,2025-01-14
M3169,Ocean of Stars,Horror,Hindi,India,2011,100.0,A,4.6,1440,40.4,114000000.0,114884261.0,Arjun Rao,Ananya,38,Hot,Black,2025-07-16
M2922,  DIGITAL HEARTS 58  ,Crime,Hindi,UK,2014,78.0,U,8.1,379,73.0,86000000.0,407062208.0,M. Wilson,Vikram,60,Sunny,Yellow,2025-08-18
M1742,Neon Nights 91,Animation,Japanese,USA,2025,128.0,U,6.6,23125,40.8,221000000.0,854580195.0,Raj Mehta,Rahul,39,Cool,Yellow,2024-11-09
M0613,The Last Horizon,Action,Hindi,Canada,1996,109.0,PG-13,7.4,3273,87.8,193000000.0,728167879.0,Raj Mehta,Rahul,51,Cool,Green,2025-08-25
M1098,Shadow Protocol,Drama,Malayalam,South Korea,2004,101.0,UA,8.5,138792,79.2,106000000.0,495943274.0,S. Varma,Aarav,43,Cool,Blue,2026-08-12
M3238,Mystery Lake 15,Thriller,Hindi,USA,2010,129.0,R,7.0,712,90.9,180000000.0,553459262.0,Arjun Rao,Aarav,54,Sunny,Green,2026-08-28
M2664,Lost in Mumbai 54,Sci-Fi,Hindi,Canada,2018,179.0,PG-13,7.1,264493,96.8,66000000.0,203331661.0,S. Varma,Sophia,53,Cloudy,Blue,2026-01-23
M0486,Kingdom of Ash 16,Drama,Tamil,India,2000,107.0,UA,7.4,251414,68.6,176000000.0,749785223.0,John Carter,Meera,44,Cool,Black,2025-11-02
M2111,The Last Horizon,Drama,Telugu,Canada,1995,101.0,A,9.0,14907,67.4,108000000.0,553371554.0,Raj Mehta,Vikram,60,Cool,Red,2024-12-07
M3204,The Silent Witness 40,Mystery,Malayalam,South Korea,2010,99.0,U,6.8,134,52.2,158000000.0,423846153.0,M. Wilson,Ananya,53,Sunny,Yellow,2025-02-18
M2409,The Forgotten Code 77,Fantasy,Telugu,France,2010,175.0,PG-13,6.8,216,45.3,13000000.0,69400377.0,David Miller,Riya,19,Cool,Green,2025-11-21
M0259,A New Beginning 30,Adventure,Telugu,Canada,2001,96.0,R,7.8,52758,75.1,243000000.0,924553299.0,Raj Mehta,Alex,45,Rainy,Blue,2025-12-21
M2030,Secret Agent,Mystery,English,India,2004,135.0,PG-13,4.6,107440,68.1,149000000.0,465889934.0,John Carter,Aarav,51,Sunny,Black,2026-06-16
M3519,Ocean of Stars 46,Romance,Kannada,Japan,2016,112.0,UA,6.0,438168,49.8,147000000.0,618176881.0,David Miller,Kiran,58,Hot,Green,2024-03-01
M1426,The Great Escape,Crime,Korean,Japan,2016,175.0,UA,4.2,5244,64.6,84000000.0,398314197.0,Arjun Rao,Ananya,47,Rainy,Green,2024-08-27
M1512,Wild Frontier,Comedy,Tamil,Japan,2016,120.0,R,7.6,461217,72.5,17000000.0,75938913.0,David Miller,Riya,33,Sunny,Blue,2025-05-27
M2624,Beyond the Valley 55,Crime,Kannada,Australia,2017,85.0,A,5.6,19847,66.6,241000000.0,1042444718.0,Ananya Sen,Kiran,34,Sunny,Red,2026-10-28
M0692,After the Storm 15,Thriller,Korean,UK,2018,176.0,PG-13,9.0,30828,92.6,63000000.0,93411172.0,S. Varma,Riya,27,Hot,Black,2026-02-12
M2024,Digital Hearts,Crime,Japanese,India,2006,91.0,A,7.2,739,57.8,61000000.0,244136569.0,Ananya Sen,Meera,50,Cloudy,Yellow,2024-10-04
M1000,Kingdom of Ash 15,Action,English,India,2012,151.0,U,7.2,1332,100.0,74000000.0,17335321.0,John Carter,Aarav,32,Hot,Black,2026-10-06
M2535,Mystery Lake,Sci-Fi,Korean,Canada,2016,105.0,R,7.2,107,51.4,85000000.0,231119485.0,Ananya Sen,Kiran,58,Cool,Green,2026-12-18
M1967,Family Ties 52,Animation,Kannada,Japan,2005,109.0,PG,9.2,9417,88.3,166000000.0,752086456.0,Ananya Sen,Alex,55,Cloudy,Red,2024-03-18
M2457,The Great Escape,Mystery,English,India,2004,145.0,UA,7.0,5726,82.7,244000000.0,885077204.0,Arjun Rao,Kiran,22,Cloudy,Blue,2026-05-01
M1895,The Missing Piece,Horror,Malayalam,Australia,2019,184.0,R,8.6,45110,59.2,144000000.0,513551813.0,Raj Mehta,Ananya,49,Hot,Yellow,2025-05-11
M0597,Crimson Sky 96,Romance,English,Canada,2014,149.0,U,,60772,97.9,115000000.0,144421710.0,Arjun Rao,Daniel,28,Hot,Red,2026-02-02
M2989,Secret Agent 70,Crime,Japanese,India,2017,178.0,PG,5.7,417852,94.1,81000000.0,56750412.0,John Carter,Alex,56,Rainy,Black,2025-10-26
M2172,Kingdom of Ash,Comedy,Japanese,South Korea,1995,112.0,R,5.9,484,88.6,45000000.0,109498400.0,M. Wilson,Vikram,18,Cloudy,Black,2024-08-06
M0297,A New Beginning,Romance,English,South Korea,1995,179.0,PG-13,6.0,252725,55.3,149000000.0,202913285.0,M. Wilson,Vikram,36,Hot,Red,2026-12-28
M3013,Chasing Tomorrow,Romance,Japanese,USA,2011,97.0,UA,8.0,1873,67.9,237000000.0,215162537.0,S. Varma,Kiran,46,Hot,Blue,2025-02-11
M0508,Code Zero 36,Crime,English,Japan,2021,165.0,U,5.9,6985,38.6,169000000.0,74687581.0,M. Wilson,Sophia,59,Cool,Red,2024-01-26
M0008,Echoes of Time,Mystery,Korean,USA,1996,185.0,PG,6.1,23512,67.2,29000000.0,32009557.0,S. Varma,Alex,42,Cool,Green,2026-01-22
M2549,The Last Letter 29,Adventure,Hindi,UK,2000,189.0,PG-13,5.5,93472,31.3,74000000.0,204051563.0,Raj Mehta,Ananya,41,Sunny,Yellow,2024-03-15
M2788,Dream Catcher 44,Comedy,Telugu,Canada,2009,90.0,A,7.7,699,76.0,151000000.0,241137432.0,Ananya Sen,Ananya,33,Rainy,Black,2025-06-22
M3299,The Final Mission,Sci-Fi,Japanese,India,2000,150.0,PG-13,6.9,9918,81.4,40000000.0,64323834.0,Ananya Sen,Alex,58,Rainy,Green,2024-05-14
M1781,Echoes of Time,Romance,Japanese,UK,2016,182.0,R,6.7,188923,65.6,243000000.0,625799233.0,Raj Mehta,Alex,57,Cloudy,Green,2024-12-13
M2420,Code Zero,Crime,Hindi,Australia,2016,138.0,A,6.8,23869,45.4,186000000.0,308204639.0,Ananya Sen,Riya,21,Cloudy,Red,2025-11-11
M2955,Broken Compass,Horror,Malayalam,UK,2001,146.0,PG-13,8.2,16105,41.6,173000000.0,434633713.0,John Carter,Rahul,28,Hot,Black,2024-05-21
M3502,The Missing Piece 51,Horror,Tamil,South Korea,2002,103.0,PG-13,5.6,5829,86.1,55000000.0,48214824.0,Raj Mehta,Vikram,57,Cloudy,Yellow,2025-07-17
M2546,The Last Letter 30,Horror,Kannada,South Korea,1997,131.0,PG-13,5.7,24008,76.5,33000000.0,133595951.0,Arjun Rao,Daniel,42,Sunny,Red,2025-07-14
M1117,City of Dreams 23,Adventure,Hindi,USA,2016,163.0,R,9.3,445,90.8,7000000.0,15488257.0,Ananya Sen,Meera,64,Sunny,Black,2026-11-12
M1129,  MIDNIGHT TRAIN 83  ,Action,Malayalam,Canada,2016,163.0,UA,6.2,576,77.7,88000000.0,253090700.0,Ananya Sen,Ananya,61,Cloudy,Red,2026-05-19
M0949,Ocean of Stars 80,Horror,Japanese,UK,2007,98.0,PG,6.1,149980,68.6,22000000.0,114062760.0,Raj Mehta,Kiran,62,Rainy,Red,2026-06-02
M3162,The Last Letter 4,Adventure,Telugu,South Korea,2005,99.0,A,5.9,99471,80.7,21000000.0,5607121.0,Priya Kumar,Rahul,51,Hot,Yellow,2024-09-03
M0097,After the Storm,Adventure,English,Australia,2007,134.0,PG-13,8.2,122914,80.8,149000000.0,653361447.0,Ananya Sen,Sophia,51,Hot,Yellow,2024-01-15
M0044,Road to Victory,Fantasy,Korean,South Korea,2011,158.0,A,4.8,230,68.7,70000000.0,346867046.0,Ananya Sen,Riya,30,Hot,Red,2025-10-20
M2829,Love in Monsoon 72,Romance,Japanese,India,2019,91.0,UA,7.5,1469,68.5,137000000.0,288188935.0,M. Wilson,Kiran,34,Rainy,Black,2026-09-25
M1579,The Silent Witness,Mystery,English,Australia,1997,126.0,UA,8.3,1619,95.8,196000000.0,128323103.0,David Miller,Kiran,52,Sunny,Yellow,2026-03-16
M1657,Lost in Mumbai,Mystery,Korean,South Korea,2008,116.0,A,6.0,334,69.2,92000000.0,332783379.0,M. Wilson,Kiran,38,Cloudy,Green,2025-08-12
M0026,Code Zero 60,Horror,Malayalam,Canada,2007,186.0,UA,5.8,50,55.0,10000000.0,44830380.0,Raj Mehta,Ananya,38,Cloudy,Green,2024-05-12
M1555,Neon Nights 86,Mystery,Korean,UK,2019,88.0,A,7.0,445342,37.4,137000000.0,633662114.0,M. Wilson,Vikram,48,Hot,Red,2026-05-06
M0680,Kingdom of Ash 74,Sci-Fi,Telugu,UK,2006,93.0,PG,6.7,1117,36.0,21000000.0,36194483.0,David Miller,Kiran,57,Cloudy,Black,2025-12-11
M2958,Family Ties,Romance,Malayalam,USA,2009,172.0,UA,6.3,1010,79.3,182000000.0,404338067.0,S. Varma,Meera,23,Cool,Black,2025-05-16
M2467,Lost in Mumbai 54,Romance,Kannada,France,2000,132.0,PG,5.9,1838,84.1,21000000.0,79759147.0,Raj Mehta,Vikram,16,Hot,Blue,2025-04-15
M2628,Hidden Truth,Romance,Tamil,India,2023,178.0,PG-13,7.6,358263,80.0,99000000.0,27581386.0,Priya Kumar,Daniel,31,Sunny,Yellow,2026-05-08
M1456,The Last Horizon,Drama,Malayalam,Australia,2003,163.0,A,9.6,544,48.0,194000000.0,866466898.0,Priya Kumar,Sophia,20,Rainy,Green,2026-12-15
M2578,Midnight Train,Action,English,Canada,2025,98.0,R,6.6,382178,63.7,232000000.0,218104209.0,Raj Mehta,Kiran,59,Rainy,Green,2026-12-19
M2171,After the Storm,Adventure,Telugu,USA,2023,136.0,A,6.5,29838,71.7,236000000.0,998923054.0,M. Wilson,Daniel,51,Cool,Green,2025-05-13
M1075,Chasing Tomorrow 77,Mystery,Hindi,Australia,2009,80.0,PG,5.7,2970,67.0,73000000.0,174589545.0,M. Wilson,Alex,49,Rainy,Green,2026-04-15
M1877,Golden Promise,Action,,Australia,2019,183.0,R,7.1,42539,58.1,12000000.0,9714695.0,David Miller,Alex,35,Cloudy,Green,2026-06-17
M0068,Dream Catcher 3,Fantasy,Malayalam,UK,2009,156.0,U,9.7,1313,27.7,66000000.0,219873474.0,M. Wilson,Sophia,50,Cloudy,Black,2026-05-15
M1819,A New Beginning 52,Horror,Telugu,UK,2017,99.0,PG-13,5.8,872,55.8,115000000.0,593568535.0,Raj Mehta,Meera,31,Cool,Yellow,2024-06-19
M2038,Family Ties,Adventure,English,France,1998,126.0,PG,6.5,1141,70.6,159000000.0,272497535.0,Priya Kumar,Daniel,49,Rainy,Yellow,2024-05-08
M3210,Midnight Train 52,Action,Korean,Australia,2003,135.0,R,7.3,171,65.4,30000000.0,83585264.0,Ananya Sen,Meera,42,Cool,Yellow,2026-03-03
M1109,Neon Nights 28,Romance,Telugu,South Korea,2018,80.0,PG,6.4,152731,49.5,188000000.0,632762053.0,Raj Mehta,Meera,27,Cool,Red,2024-02-24
M2426,Lost in Mumbai 41,Animation,Hindi,USA,2002,122.0,U,8.4,168,42.3,115000000.0,589296416.0,Priya Kumar,Meera,15,Rainy,Green,2025-06-13
M0032,Journey Home 7,Romance,Japanese,USA,2004,103.0,PG,6.6,10589,73.1,207000000.0,812682099.0,S. Varma,Alex,25,Hot,Black,2025-04-05
M1745,Midnight Train 13,Action,,Australia,2013,151.0,PG-13,6.8,289,90.6,77000000.0,20966421.0,Arjun Rao,Ananya,36,Sunny,Blue,2024-06-22
M2632,Hidden Truth 81,Romance,Kannada,Japan,1998,88.0,UA,6.4,30069,91.7,231000000.0,1094567265.0,Ananya Sen,Aarav,47,Cool,Red,2024-12-08
M0839,Code Zero,Fantasy,Tamil,USA,2017,102.0,PG,7.2,11866,53.6,234000000.0,403909813.0,David Miller,Sophia,61,Rainy,Black,2025-05-27
M0611,Shadow Protocol 29,Drama,Tamil,India,2010,98.0,R,5.2,581,52.7,129000000.0,122066976.0,David Miller,Ananya,29,Hot,Black,2026-10-04
M1176,Love in Monsoon 23,Thriller,Hindi,Japan,2025,99.0,UA,9.1,691058,58.1,140000000.0,65230109.0,Priya Kumar,Meera,24,Cloudy,Black,2024-10-06
M0571,Wild Frontier,Romance,English,Canada,2006,,PG-13,7.6,157,83.8,154000000.0,90302478.0,John Carter,Vikram,33,Rainy,Blue,2026-05-28
M3366,Road to Victory 94,Drama,Japanese,USA,2022,105.0,A,6.1,239583,36.0,131000000.0,678066685.0,Ananya Sen,Daniel,54,Cloudy,Red,2024-03-27
M0344,Beyond the Valley 7,Fantasy,Japanese,South Korea,2017,,PG-13,6.9,58542,38.3,92000000.0,70513187.0,M. Wilson,Ananya,49,Rainy,Yellow,2025-06-24
M1653,Family Ties 67,Animation,Telugu,UK,2009,170.0,UA,4.0,247,54.6,130000000.0,239336317.0,M. Wilson,Kiran,54,Cool,Black,2024-06-22
M1593,Golden Promise 47,Romance,Korean,South Korea,1999,183.0,PG-13,6.4,570424,69.6,196000000.0,963961232.0,Arjun Rao,Kiran,65,Hot,Green,2025-11-01
M0679,Echoes of Time 5,Adventure,Korean,Japan,1999,90.0,U,4.5,3563,46.4,247000000.0,395364056.0,Arjun Rao,Alex,17,Hot,Yellow,2024-01-05
M1832,Kingdom of Ash,Adventure,Korean,Japan,2015,107.0,PG-13,8.0,28543,78.3,77000000.0,77699796.0,Raj Mehta,Sophia,14,Cloudy,Green,2024-06-24
M2776,Family Ties 25,Fantasy,Japanese,South Korea,1999,121.0,A,6.6,383,58.3,227000000.0,743410190.0,M. Wilson,Sophia,16,Rainy,Blue,2026-09-17
M3492,The Final Mission,Fantasy,Kannada,Australia,2017,154.0,R,7.2,130935,62.8,8000000.0,21042467.0,John Carter,Sophia,37,Cool,Green,2025-03-27
M2280,Ocean of Stars,Thriller,Kannada,UK,2001,,UA,3.8,1623,51.4,36000000.0,93315047.0,Raj Mehta,Alex,62,Cloudy,Blue,2026-01-27
M1062,Hidden Truth 57,Drama,Korean,Australia,1997,174.0,U,7.6,2073,53.9,81000000.0,371455921.0,Priya Kumar,Sophia,20,Cloudy,Red,2025-08-13
M1428,Ocean of Stars,Fantasy,Tamil,UK,2025,86.0,R,5.3,9970,42.6,239000000.0,1239372260.0,M. Wilson,Meera,23,Hot,Green,2026-11-18
M3015,Code Zero,Thriller,Malayalam,Canada,2007,92.0,UA,4.4,198851,61.8,70000000.0,237399247.0,Arjun Rao,Meera,47,Rainy,Black,2024-12-26
M2603,The Silent Witness,Comedy,Malayalam,UK,2010,157.0,R,5.6,1575,78.5,74000000.0,201184212.0,John Carter,Rahul,28,Cool,Blue,2025-02-06
M2349,The Final Mission,Action,Kannada,Canada,2011,181.0,U,6.1,38117,53.1,69000000.0,347046374.0,Ananya Sen,Vikram,53,Sunny,Black,2026-06-14
M1357,Secret Agent 83,Romance,Malayalam,Canada,2010,158.0,U,8.6,2099,56.6,140000000.0,446292929.0,Arjun Rao,Rahul,34,Cloudy,Red,2024-09-22
M0577,Journey Home,Thriller,Malayalam,South Korea,2012,100.0,UA,7.1,879,55.2,86000000.0,342619609.0,David Miller,Kiran,29,Sunny,Green,2025-06-26
M0927,Kingdom of Ash 47,Comedy,Telugu,Japan,2006,190.0,R,6.0,490,59.2,237000000.0,1287592948.0,Ananya Sen,Kiran,50,Rainy,Blue,2026-12-16
M1492,The Great Escape 96,Sci-Fi,Korean,Japan,2025,143.0,UA,8.8,38308,73.3,184000000.0,383512658.0,John Carter,Daniel,37,Sunny,Green,2026-03-05
M3101,Ocean of Stars 86,Drama,Kannada,USA,1998,80.0,UA,7.8,1086,50.1,5000000.0,6531677.0,S. Varma,Vikram,22,Rainy,Yellow,2026-01-03
M3218,Starlight,Adventure,Hindi,USA,1995,143.0,UA,8.4,5769,62.5,228000000.0,225760052.0,Priya Kumar,Kiran,14,Cloudy,Green,2026-04-02
M0529,The Great Escape,Fantasy,Telugu,India,2011,176.0,R,5.3,1568,83.4,175000000.0,766783735.0,Arjun Rao,Riya,34,Cloudy,Black,2024-07-02
M0177,Kingdom of Ash 21,Adventure,Korean,France,1999,156.0,U,7.3,961,100.0,78000000.0,158510723.0,M. Wilson,Alex,43,Cool,Black,2026-09-28
M1898,The Final Mission 54,Adventure,Hindi,Australia,2009,150.0,R,7.5,3578,86.7,138000000.0,403271457.0,Raj Mehta,Rahul,50,Sunny,Blue,2025-10-15
M0423,The Forgotten Code 45,Comedy,Japanese,South Korea,2007,82.0,R,8.3,14561,52.8,162000000.0,36890146.0,Ananya Sen,Vikram,48,Sunny,Black,2026-04-10
M0681,The Last Horizon 21,Action,English,UK,2009,175.0,PG-13,7.1,22701,66.4,166000000.0,100926535.0,David Miller,Aarav,38,Hot,Black,2026-12-27
M1114,Beyond the Valley 25,Animation,Tamil,UK,2007,158.0,UA,8.2,40093,68.7,149000000.0,373632476.0,Raj Mehta,Kiran,51,Cool,Blue,2024-09-18
M1925,Hidden Truth,Animation,Malayalam,USA,2005,187.0,UA,7.7,497613,53.1,160000000.0,147270969.0,S. Varma,Sophia,36,Cool,Blue,2025-08-12
M1339,Journey Home 16,Thriller,English,India,2005,127.0,R,7.4,662093,74.9,49000000.0,140135517.0,Priya Kumar,Vikram,65,Hot,Yellow,2024-01-12
M2802,Beyond the Valley,Comedy,Malayalam,UK,2010,136.0,R,7.5,3468,69.9,22000000.0,25369862.0,Priya Kumar,Riya,59,Cool,Green,2025-02-16
M1262,Digital Hearts 71,Animation,Telugu,South Korea,2001,79.0,PG-13,5.3,60236,70.7,99000000.0,112089631.0,Ananya Sen,Sophia,27,Cloudy,Blue,2024-12-26
M0818,Parallel Worlds,Adventure,Japanese,Canada,2013,173.0,UA,4.2,188537,99.5,219000000.0,230300793.0,Raj Mehta,Ananya,26,Sunny,Yellow,2024-03-06
M2494,Echoes of Time,Thriller,English,UK,2011,104.0,UA,4.1,2566,57.6,34000000.0,160369000.0,Ananya Sen,Rahul,55,Rainy,Black,2025-02-15
M0289,The Last Horizon,Crime,Hindi,India,2016,,R,6.5,134,51.4,137000000.0,84455846.0,Arjun Rao,Sophia,45,Sunny,Green,2026-05-20
M2649,Wild Frontier,Action,Kannada,UK,2018,100.0,PG,7.2,9874,67.3,22000000.0,110950805.0,Raj Mehta,Daniel,58,Rainy,Black,2026-03-06
M2410,A New Beginning 5,Fantasy,Japanese,Canada,2019,169.0,R,4.0,180,73.6,154000000.0,538612643.0,,Alex,36,Hot,Yellow,2026-02-19
M3014,Road to Victory,Comedy,Tamil,Australia,2020,115.0,UA,8.9,268,63.5,125000000.0,306352813.0,Arjun Rao,Daniel,65,Rainy,Blue,2025-11-11
M1361,Lost in Mumbai,Fantasy,Tamil,India,2008,106.0,PG-13,5.7,582,64.7,91000000.0,473378526.0,S. Varma,Daniel,49,Hot,Yellow,2024-08-15
M2495,City of Dreams,Thriller,English,South Korea,2008,179.0,R,9.0,317118,73.6,70000000.0,348546161.0,S. Varma,Sophia,55,Cloudy,Blue,2024-03-18
M0178,Midnight Train,Horror,Hindi,USA,2017,128.0,UA,4.6,6356,94.9,140000000.0,730884237.0,Priya Kumar,Vikram,54,Cool,Blue,2026-11-22
M1453,Lost in Mumbai,Romance,Kannada,South Korea,2017,134.0,PG,5.9,123980,51.8,246000000.0,292889733.0,John Carter,Aarav,36,Sunny,Blue,2024-11-18
M3412,Echoes of Time 82,Horror,Japanese,USA,2002,167.0,UA,6.3,25153,79.1,68000000.0,366472025.0,Arjun Rao,Daniel,36,Hot,Red,2026-06-08
M1863,Beyond the Valley,Sci-Fi,Japanese,Canada,2006,126.0,U,6.7,642053,31.0,28000000.0,55053074.0,Priya Kumar,Sophia,44,Rainy,Black,2024-04-18
M2581,Rainy Day 97,Romance,Telugu,France,2013,119.0,PG,7.6,1768,71.9,186000000.0,412897573.0,Raj Mehta,Riya,60,Sunny,Black,2025-09-04
M0371,Neon Nights,Fantasy,Japanese,UK,2017,158.0,UA,7.3,387676,100.0,96000000.0,272055020.0,Ananya Sen,Ananya,15,Hot,Blue,2025-07-08
M3583,Midnight Train 97,Action,Hindi,USA,2021,102.0,PG-13,8.4,109297,77.9,224000000.0,959076553.0,Arjun Rao,Rahul,49,Rainy,Green,2026-10-04
M0730,Chasing Tomorrow 36,Horror,Hindi,India,2011,130.0,R,7.2,183418,100.0,131000000.0,596489940.0,S. Varma,Rahul,25,Cloudy,Red,2025-03-20
M0599,Rainy Day,Romance,Kannada,Japan,2020,128.0,UA,6.9,1107,45.0,166000000.0,768255502.0,Ananya Sen,Kiran,16,Rainy,Red,2026-07-17
M2209,Code Zero 43,Action,,Canada,2023,139.0,R,3.2,10001,75.9,204000000.0,768137956.0,Ananya Sen,Vikram,14,Rainy,Green,2025-10-12
M1672,Shadow Protocol 66,Crime,English,UK,2002,158.0,UA,7.6,184758,68.3,122000000.0,668079702.0,Ananya Sen,Meera,56,Cool,Blue,2024-12-27
M2479,Ocean of Stars,Thriller,Hindi,USA,1999,101.0,U,7.1,1276,52.0,32000000.0,114959331.0,Raj Mehta,Vikram,14,Hot,Blue,2025-02-08
M1150,Echoes of Time,Animation, Kannada ,Japan,2021,162.0,U,8.4,285211,60.5,226000000.0,149057126.0,John Carter,Ananya,62,Cloudy,Black,2026-03-08
M1432,Rainy Day 61,Comedy,Kannada,South Korea,2009,186.0,R,5.3,499380,60.6,136000000.0,579944685.0,M. Wilson,Ananya,29,Cloudy,Yellow,2024-01-11
M1656,The Last Letter 52,Comedy,English,India,2002,75.0,PG-13,6.0,1233,51.0,220000000.0,192557811.0,David Miller,Rahul,18,Hot,Black,2024-01-04
M2764,Mystery Lake,Thriller,Tamil,France,2001,77.0,A,6.1,1153,40.0,74000000.0,49436249.0,Arjun Rao,Rahul,30,Cloudy,Blue,2026-07-05
M0142,Chasing Tomorrow 84,Animation,Japanese,UK,2014,88.0,PG-13,6.6,11990,45.9,238000000.0,353452293.0,M. Wilson,Daniel,25,Sunny,Green,2024-12-15
M1946,The Silent Witness 23,Adventure,English,USA,2016,98.0,PG-13,8.0,438,66.1,224000000.0,999438496.0,Ananya Sen,Vikram,28,Cloudy,Red,2024-07-17
M0666,City of Dreams 76,Comedy,Korean,South Korea,2000,107.0,R,4.1,326,86.9,249000000.0,1191730813.0,Ananya Sen,Meera,27,Cloudy,Green,2024-10-21
M2611,Hidden Truth 63,Drama,Korean,Canada,1995,107.0,R,,1007,45.1,195000000.0,92933257.0,David Miller,Riya,24,Sunny,Yellow,2025-02-09
M3361,After the Storm 63,Sci-Fi,Kannada,South Korea,2015,178.0,U,7.1,30610,36.8,247000000.0,732524346.0,David Miller,Ananya,32,Hot,Blue,2025-06-04
M0655,City of Dreams,Comedy,English,France,2024,93.0,PG,6.3,10130,70.0,110000000.0,318683193.0,John Carter,Ananya,27,Cloudy,Black,08-21-2025
M0472,Family Ties 93,Crime,Malayalam,France,2021,129.0,A,5.5,276849,73.6,186000000.0,458619334.0,M. Wilson,Alex,38,Hot,Yellow,2025-03-25
M1865,Broken Compass 89,Comedy,Hindi,Australia,2010,129.0,PG,7.7,20033,84.3,53000000.0,136980500.0,Arjun Rao,Daniel,24,Sunny,Green,2024-05-17
M1043,Crimson Sky 99,Romance,Hindi,UK,2001,183.0,U,6.6,106381,71.2,10000000.0,22835455.0,Raj Mehta,Daniel,18,Cool,Green,2025-03-10
M0760,Crimson Sky,Crime,Hindi,UK,1997,131.0,PG-13,7.7,223327,77.2,110000000.0,603617297.0,John Carter,Riya,20,Hot,Red,2024-10-18
M2881,The Last Letter 87,Thriller,English,Japan,2023,132.0,PG,6.3,16119,57.2,113000000.0,404281860.0,Arjun Rao,Meera,34,Rainy,Red,2024-12-16
M3435,Love in Monsoon,Action,English,UK,2013,108.0,U,7.1,360306,51.7,19000000.0,13189763.0,S. Varma,Meera,38,Sunny,Green,2024-07-05
M3512,Rainy Day,Horror,Korean,South Korea,2025,128.0,PG,6.8,1682,54.5,240000000.0,277574386.0,S. Varma,Rahul,50,Cloudy,Green,2026-08-16
M3480,Chasing Tomorrow,Drama,Telugu,Canada,1996,102.0,U,5.8,3763,27.7,131000000.0,521000688.0,,Vikram,52,Cool,Black,2025-09-07
M1188,Wild Frontier,Drama,Hindi,South Korea,2001,156.0,A,7.8,355003,27.8,163000000.0,37942204.0,John Carter,Kiran,46,Cool,Black,2025-10-20
M3103,Dream Catcher 64,Drama,English,South Korea,2021,126.0,A,4.6,36801,85.1,10000000.0,2829307.0,Raj Mehta,Alex,48,Sunny,Black,2026-04-23
M0196,Wild Frontier 90,Drama,Malayalam,UK,2009,75.0,A,8.4,403,23.5,246000000.0,286397896.0,Arjun Rao,Sophia,29,Sunny,Green,2026-11-06
M0533,Golden Promise,Animation,Hindi,India,2003,105.0,A,5.4,4790,56.8,214000000.0,204530278.0,John Carter,Kiran,35,Sunny,Blue,2026-02-15
M2403,The Forgotten Code,Crime,Tamil,Canada,2018,121.0,R,8.0,34708,68.6,229000000.0,622606709.0,Arjun Rao,Meera,50,Rainy,Black,2025-11-16
M2226,The Last Letter,Romance,Korean,Canada,2017,87.0,PG-13,5.9,99999999,74.4,167000000.0,823613686.0,Priya Kumar,Aarav,50,Cloudy,Black,2024-10-07
M0819,Lost in Mumbai 8,Drama,Japanese,France,2010,186.0,R,6.7,845,56.5,1000000.0,462956.0,M. Wilson,Sophia,32,Cool,Blue,2024-09-13
M3385,Journey Home,Crime,English,USA,2013,153.0,A,6.1,35644,38.5,130000000.0,78425576.0,Raj Mehta,Sophia,52,Cloudy,Green,2025-07-03
M1026,Kingdom of Ash,Thriller,Japanese,USA,2019,156.0,PG,6.2,7899,61.3,41000000.0,31888658.0,Raj Mehta,Rahul,17,Cool,Blue,2026-03-25
M0228,A New Beginning,Crime,English,UK,2025,164.0,PG-13,7.8,942,74.2,243000000.0,678930410.0,Priya Kumar,Alex,27,Cool,Blue,2025-03-11
M0556,The Last Horizon,Mystery,English,Japan,2012,188.0,PG,6.1,9898,92.5,117000000.0,328691030.0,S. Varma,Daniel,20,Cool,Black,2025-06-17
M2867,Parallel Worlds,Crime,English,Canada,2009,85.0,PG-13,8.4,15070,83.5,237000000.0,118514067.0,Raj Mehta,Alex,22,Sunny,Blue,2025-12-22
M2749,After the Storm,Horror,Hindi,Canada,2024,84.0,PG-13,7.8,684,71.7,120000000.0,642218771.0,Raj Mehta,Sophia,41,Rainy,Red,2024-04-13
M1883,Journey Home 99,Comedy,Korean,France,2009,136.0,PG-13,7.3,215,79.1,163000000.0,594214868.0,Arjun Rao,Riya,26,Rainy,Yellow,2025-04-14
M1874,Love in Monsoon 41,Crime,Korean,Canada,2022,171.0,PG,6.3,31677,64.2,107000000.0,256137467.0,Arjun Rao,Riya,49,Rainy,Yellow,2026-12-19
M2851,Mystery Lake 21,Horror,Kannada,Japan,2017,90.0,PG,8.7,2125,67.3,49000000.0,56209979.0,Arjun Rao,Kiran,25,Rainy,Black,2026-03-27
M0863,Ocean of Stars 6,Mystery,Korean,Australia,2009,167.0,PG,9.0,37055,47.9,247000000.0,141178565.0,Arjun Rao,Rahul,29,Cool,Blue,2026-10-21
M0632,Shadow Protocol,Romance,Hindi,UK,2021,149.0,PG-13,6.0,3402,91.4,138000000.0,579269401.0,David Miller,Aarav,48,Hot,Green,2024-01-05
M1675,After the Storm,Horror,Korean,UK,2010,152.0,PG,8.3,19265,33.4,15000000.0,46535480.0,Ananya Sen,Kiran,29,Cool,Yellow,2025-07-07
M0811,Lost in Mumbai 63,Animation,Hindi,USA,2025,158.0,PG,4.2,232,53.3,61000000.0,169365985.0,Arjun Rao,Rahul,21,Sunny,Red,2026-12-04
M0163,Echoes of Time 66,Fantasy,Kannada,India,2015,104.0,PG-13,6.9,17467,61.9,18000000.0,83910465.0,M. Wilson,Meera,14,Sunny,Yellow,2026-07-01
M0220,Midnight Train,Crime,Tamil,South Korea,2009,188.0,PG,7.4,72326,68.7,39000000.0,52228176.0,S. Varma,Kiran,43,Sunny,Blue,2025-07-05
M2607,Ocean of Stars 66,Comedy,Telugu,South Korea,2005,169.0,PG,6.2,12068,58.9,51000000.0,242116108.0,John Carter,Ananya,60,Hot,Yellow,2026-11-27
M3449,Family Ties 87,Thriller,Kannada,Canada,2010,126.0,PG,6.4,320,52.3,96000000.0,448104358.0,S. Varma,Aarav,44,Cool,Yellow,2024-04-22
M1838,Shadow Protocol,Animation,Kannada,Australia,2020,-100,UA,5.8,186,58.9,89000000.0,295601121.0,Ananya Sen,Kiran,58,Cloudy,Green,2025-06-03
M3071,The Missing Piece 39,Thriller,Hindi,France,2008,180.0,R,5.9,32387,85.5,237000000.0,1155547010.0,S. Varma,Rahul,19,Sunny,Black,2025-11-05
M1539,Love in Monsoon,Drama,English,UK,1995,160.0,UA,5.7,3024,54.2,184000000.0,925045538.0,Arjun Rao,Sophia,62,Cloudy,Red,2026-01-09
M0548,Echoes of Time 23,Romance,Korean,Australia,2001,175.0,U,9.4,8094,46.6,248000000.0,577698055.0,Raj Mehta,Meera,52,Cloudy,Red,2024-01-16
M2853,Code Zero 49,Sci-Fi,English,South Korea,2019,93.0,R,6.0,550200,61.0,222000000.0,556235033.0,David Miller,Aarav,41,Rainy,Black,2024-03-13
M2996,Broken Compass 21,Fantasy,Korean,UK,2005,129.0,PG,5.8,373517,66.9,149000000.0,349046266.0,John Carter,Meera,27,Cool,Black,2026-04-02
M2141,The Great Escape 45,Crime,,India,2024,107.0,UA,6.3,7718,64.0,95000000.0,271277354.0,S. Varma,Ananya,58,Cloudy,Black,2024-08-16
M0569,Kingdom of Ash 4,Drama,Malayalam,USA,2005,183.0,U,5.8,142762,58.8,142000000.0,741630008.0,David Miller,Rahul,54,Sunny,Green,2024-05-15
M0913,Golden Promise,Animation,Japanese,UK,2002,159.0,U,7.0,15886,83.8,113000000.0,322216814.0,Priya Kumar,Daniel,15,Hot,Green,2024-11-15
M2367,Broken Compass 86,Fantasy,Korean,France,2008,146.0,PG-13,7.6,923,64.3,245000000.0,999042206.0,Raj Mehta,Kiran,65,Cool,Green,2024-05-26
M1638,Journey Home,Drama,Japanese,Canada,2010,105.0,R,7.2,56195,60.2,56000000.0,145901660.0,David Miller,Ananya,49,Hot,Green,2025-01-06
M2646,Crimson Sky 83,Action,Kannada,Japan,2024,170.0,A,7.5,406299,56.9,62000000.0,283908289.0,Arjun Rao,Rahul,20,Sunny,Red,2024-10-11
M1806,Broken Compass 13,Crime,Telugu,USA,2011,139.0,A,7.2,1275,48.7,183000000.0,36835622.0,S. Varma,Meera,49,Sunny,Green,2025-04-23
M0612,The Forgotten Code 50,Comedy,Malayalam,USA,2022,156.0,A,8.4,18078,76.2,43000000.0,42092801.0,Raj Mehta,Alex,28,Hot,Black,2026-02-01
M3336,Beyond the Valley,Crime,Kannada,India,2015,160.0,R,6.3,141820,60.1,221000000.0,202606410.0,Ananya Sen,Kiran,38,Sunny,Red,2026-01-07
M1950,The Last Letter 17,Adventure,Hindi,Australia,2023,95.0,PG,8.1,16251,39.3,110000000.0,297033928.0,John Carter,Sophia,27,Cloudy,Yellow,2025-06-26
M3332,Starlight,Horror,Kannada,France,2017,150.0,A,6.9,354,58.3,195000000.0,1015824365.0,John Carter,Riya,50,Cool,Green,2024-03-09
M1732,Love in Monsoon 77,Comedy,Tamil,France,1996,164.0,U,6.8,2160,78.7,123000000.0,627097997.0,Arjun Rao,Sophia,63,Hot,Blue,2026-02-26
M0743,Crimson Sky 14,Thriller,Malayalam,South Korea,2024,120.0,UA,6.9,2,93.2,64000000.0,240456614.0,S. Varma,Sophia,64,Cool,Red,2026-04-09
M0638,After the Storm 44,Mystery,Hindi,Japan,1998,143.0,A,5.7,308837,38.4,29000000.0,151270366.0,John Carter,Vikram,64,Rainy,Green,2024-02-13
M0875,The Last Horizon,Comedy,Japanese,Canada,2014,137.0,PG-13,5.9,733425,82.1,77000000.0,25916573.0,M. Wilson,Aarav,29,Hot,Yellow,2025-08-21
M3463,Ocean of Stars,Crime,Korean,France,2025,171.0,PG-13,7.1,902,64.1,149000000.0,327019884.0,M. Wilson,Rahul,16,Rainy,Red,2024-07-09
M0582,Golden Promise 15,Mystery,Telugu,India,2013,132.0,R,6.4,188805,68.1,164000000.0,36120276.0,M. Wilson,Aarav,24,Rainy,Blue,2025-05-07
M2078,Rainy Day 14,Drama,Kannada,Canada,2007,157.0,PG,7.5,34808,72.9,86000000.0,407494761.0,Raj Mehta,Rahul,31,Sunny,Blue,2025-08-10
M1004,Midnight Train,Thriller,Malayalam,Australia,1995,148.0,UA,8.0,583,66.0,230000000.0,73506139.0,John Carter,Aarav,55,Cloudy,Red,2024-12-15
M2046,Mystery Lake 17,Sci-Fi,Korean,Canada,2022,171.0,UA,6.6,123,51.9,81000000.0,157618571.0,David Miller,Daniel,39,Rainy,Blue,2025-02-24
M0074,Crimson Sky,Horror,Hindi,Canada,2016,108.0,PG,7.4,3946,82.3,150000000.0,167768984.0,Raj Mehta,Alex,48,Cloudy,Yellow,2024-11-03
M0049,Digital Hearts 40,Action,Telugu,South Korea,2021,99.0,U,9.1,35048,74.5,76000000.0,105535677.0,Raj Mehta,Kiran,31,Rainy,Black,2024-01-19
M3094,A New Beginning 54,Animation,English,Japan,2000,101.0,PG-13,4.7,108,84.8,181000000.0,228271943.0,John Carter,Daniel,63,Cloudy,Red,2025-03-25
M2466,Road to Victory,Romance,Korean,UK,2024,147.0,U,6.4,5602,87.8,28000000.0,131930280.0,Priya Kumar,Daniel,65,Cloudy,Yellow,2024-04-19
M2382,Mystery Lake 96,Drama,Korean,Australia,1995,81.0,R,,4617,64.4,227000000.0,774711444.0,S. Varma,Daniel,53,Cloudy,Yellow,2025-04-14
M1229,The Silent Witness,Mystery,English,South Korea,2008,82.0,U,6.1,31183,65.6,216000000.0,136440769.0,Arjun Rao,Ananya,36,Cool,Yellow,2026-10-17
M3240,The Last Letter,Adventure,Hindi,Japan,1997,92.0,PG,8.3,704,87.7,227000000.0,1229550894.0,Priya Kumar,Ananya,65,Cool,Blue,2026-02-22
M2482,Parallel Worlds,Sci-Fi,Hindi,South Korea,2017,153.0,A,7.7,770,64.6,80000000.0,181201431.0,Priya Kumar,Ananya,41,Cloudy,Yellow,2024-07-17
M0757,The Last Letter,Crime,English,UK,2022,170.0,A,7.2,141,33.7,19000000.0,70951532.0,Arjun Rao,Meera,37,Rainy,Yellow,2026-04-07
M2717,Beyond the Valley,Action,Kannada,India,2008,158.0,A,7.0,1935,72.8,63000000.0,-500000.0,Raj Mehta,Daniel,55,Cool,Black,2026-02-11
M3122,Secret Agent,Fantasy,Korean,South Korea,2007,110.0,PG,7.3,536,88.3,185000000.0,568465695.0,Priya Kumar,Rahul,23,Cloudy,Blue,2026-05-12
M0870,Family Ties,Animation,Japanese,UK,2006,123.0,PG,8.3,4824,67.8,222000000.0,490379035.0,S. Varma,Aarav,55,Sunny,Green,2024-05-07
M1023,Broken Compass 62,Fantasy,Japanese,Canada,2022,136.0,U,4.9,596,52.3,206000000.0,896502166.0,David Miller,Rahul,48,Cool,Blue,2024-11-05
M2237,A New Beginning 50,Adventure,Hindi,USA,1997,113.0,PG-13,6.5,166,37.2,239000000.0,1287258938.0,Ananya Sen,Aarav,61,Cool,Black,2025-05-06
M1147,After the Storm,Adventure,Tamil,Canada,2018,102.0,A,6.3,378,24.9,80000000.0,433493498.0,Priya Kumar,Ananya,46,Rainy,Yellow,2024-05-27
M1489,Love in Monsoon 89,Sci-Fi,Hindi,UK,2012,164.0,R,5.3,236506,79.0,85000000.0,156370537.0,Priya Kumar,Sophia,49,Sunny,Green,2026-07-04
M2789,Family Ties 34,Adventure,Telugu,France,2009,162.0,A,7.6,500963,50.6,124000000.0,495905412.0,M. Wilson,Sophia,16,Rainy,Blue,2024-05-23
M1418,After the Storm,Action,English,UK,2007,126.0,A,6.7,866,50.3,75000000.0,201747217.0,John Carter,Sophia,46,Sunny,Red,2024-09-18
M1833,Road to Victory 61,Drama,English,India,1996,151.0,PG,8.0,124,88.6,45000000.0,107201818.0,Ananya Sen,Daniel,24,Cool,Red,2026-01-23
M0573,Code Zero,Fantasy,Japanese,South Korea,2017,122.0,PG-13,7.8,1798,61.1,135000000.0,367890663.0,S. Varma,Alex,54,Sunny,Red,2024-04-15
M0986,The Last Horizon 81,Fantasy,Telugu,South Korea,2002,103.0,A,6.9,753,66.0,163000000.0,377583416.0,M. Wilson,Sophia,51,Cool,Red,2026-04-20
M2907,Digital Hearts 87,Drama,Japanese,Canada,2025,165.0,PG,7.1,55616,40.1,156000000.0,198609276.0,Priya Kumar,Meera,22,Rainy,Yellow,2026-11-04
M2824,The Last Letter,Adventure, Telugu ,UK,2016,85.0,PG,6.5,227,73.7,5000000.0,20875402.0,Priya Kumar,Vikram,41,Cool,Red,2025-05-13
M1201,Love in Monsoon 48,Sci-Fi,English,Canada,1995,178.0,UA,6.7,3464,47.2,173000000.0,829607481.0,Raj Mehta,Aarav,29,Cool,Black,2026-11-15
M3593,The Final Mission,Sci-Fi,Kannada,Australia,2005,156.0,PG,6.3,119,69.5,129000000.0,517577068.0,Arjun Rao,Ananya,57,Hot,Blue,2025-04-09
M2222,Love in Monsoon 5,Romance,Korean,USA,2012,123.0,U,6.9,95029,59.4,31000000.0,130983643.0,David Miller,Rahul,60,Sunny,Green,2025-06-23
M2316,Wild Frontier,Mystery,English,France,2006,157.0,PG,7.9,3458,45.3,151000000.0,572068702.0,S. Varma,Aarav,30,Cool,Green,2024-02-06
M2528,Chasing Tomorrow,Drama,Korean,South Korea,2011,160.0,A,7.8,1819,86.5,189000000.0,584215477.0,Priya Kumar,Vikram,17,Hot,Green,2024-05-19
M2548,Digital Hearts,Crime,English,,2001,188.0,UA,9.4,442,95.9,66000000.0,154075782.0,M. Wilson,Alex,60,Cool,Yellow,2026-06-17
M3327,Hidden Truth,Mystery,Tamil,France,2009,148.0,PG,6.6,2432,42.4,46000000.0,130042235.0,Arjun Rao,Rahul,54,Rainy,Blue,2024-08-27
M2660,Dream Catcher,Fantasy,Hindi,UK,2006,126.0,R,7.5,192,40.0,129000000.0,597859119.0,S. Varma,Sophia,22,Cloudy,Yellow,2025-09-20
M1105,Beyond the Valley 29,Romance,Kannada,USA,2016,145.0,U,6.5,100,58.3,113000000.0,46115839.0,John Carter,Aarav,50,Hot,Blue,2025-11-19
M2756,The Final Mission,Fantasy,English,USA,2020,93.0,U,7.3,366842,87.4,33000000.0,47171282.0,Arjun Rao,Daniel,46,Sunny,Red,2026-12-15
M1913,Broken Compass,Romance,English,India,2005,171.0,U,7.9,4285,71.5,121000000.0,608434368.0,Raj Mehta,Alex,30,Sunny,Black,2025-07-12
M3352,Dream Catcher,Comedy,English,South Korea,1995,136.0,R,9.3,924,65.9,5000000.0,16912530.0,M. Wilson,Kiran,40,Sunny,Blue,2025-01-17
M0260,The Final Mission,Crime,English,India,2020,79.0,R,8.5,415,78.0,97000000.0,472255657.0,Arjun Rao,Aarav,16,Sunny,Black,2025-07-04
M3387,Journey Home 37,Romance,Tamil,France,1997,177.0,U,7.2,121,58.3,180000000.0,258422527.0,Priya Kumar,Meera,29,Rainy,Red,2024-12-04
M1873,Lost in Mumbai 33,Comedy,Korean,Canada,2010,102.0,U,5.8,598,57.1,162000000.0,537001991.0,David Miller,Alex,42,Cloudy,Green,2025-03-24
M3277,Family Ties,Drama,Tamil,USA,2008,100.0,PG,5.4,3432,45.8,35000000.0,31458544.0,John Carter,Aarav,21,Cool,Blue,2024-07-01
M0813,Parallel Worlds 80,Horror,Telugu,UK,2024,187.0,A,4.0,93024,22.6,174000000.0,177272710.0,Ananya Sen,Alex,58,Cloudy,Yellow,2026-05-16
M3159,Code Zero,Crime,Malayalam,UK,2004,79.0,A,6.7,130136,37.7,43000000.0,138268270.0,Raj Mehta,Riya,38,Cloudy,Black,2025-06-11
M2743,Rainy Day 91,Fantasy,Telugu,India,2008,186.0,R,1.9,6028,70.7,204000000.0,263126588.0,John Carter,Ananya,45,Cool,Blue,2025-12-14
M2348,The Last Letter,Animation,Tamil,France,1995,99.0,A,9.5,226,84.1,31000000.0,84065016.0,Ananya Sen,Riya,40,Hot,Yellow,2025-12-20
M2772,Rainy Day,Crime,Hindi,India,1998,187.0,R,6.9,124320,40.4,215000000.0,535996106.0,Ananya Sen,Vikram,28,Sunny,Yellow,2025-11-24
M2818,Shadow Protocol 50,Horror,Kannada,South Korea,2005,111.0,U,5.8,336822,67.4,90000000.0,450695008.0,Priya Kumar,Alex,17,Cool,Red,2025-05-06
M2016,Shadow Protocol 87,Crime,Korean,South Korea,2008,97.0,A,8.5,115014,50.2,148000000.0,628320903.0,Arjun Rao,Rahul,13,Rainy,Red,2024-09-18
M1072,The Silent Witness,Sci-Fi,Hindi,Australia,1995,186.0,A,5.1,13348,33.0,201000000.0,210519911.0,David Miller,Aarav,21,Rainy,Yellow,2026-08-09
M3298,Crimson Sky 89,Action,Malayalam,India,2005,151.0,R,6.9,76394,99.6,8000000.0,40069077.0,Arjun Rao,Daniel,32,Sunny,Red,2025-06-06
M3079,Broken Compass 3,Animation,Tamil,Australia,N/A,95.0,UA,3.9,396319,71.0,232000000.0,90975849.0,Arjun Rao,Meera,33,Rainy,Green,2024-11-23
M1962,The Missing Piece,Horror,Japanese,South Korea,2016,172.0,PG,9.8,390491,66.9,63000000.0,29014031.0,M. Wilson,Rahul,35,Hot,Green,2026-01-16
M2132,Starlight,Mystery,Japanese,Japan,2022,115.0,PG,5.9,8765,37.0,116000000.0,234147419.0,Arjun Rao,Rahul,43,Cool,Green,2024-05-22
M2690,Family Ties 56,Action,Tamil,South Korea,1996,97.0,R,6.3,4748,53.8,195000000.0,542769729.0,Priya Kumar,Rahul,25,Rainy,Red,2026-10-05
M1058,Digital Hearts 23,Mystery,Japanese,USA,2010,175.0,U,6.9,230303,100.0,17000000.0,81429814.0,M. Wilson,Sophia,52,Cloudy,Black,2025-10-18
M2544,Beyond the Valley 2,Thriller,Tamil,USA,2020,134.0,U,6.7,331,65.8,7000000.0,26864409.0,Raj Mehta,Meera,43,Sunny,Yellow,2024-04-22
M2065,Midnight Train,Comedy,Telugu,India,2011,147.0,A,9.8,504522,92.9,189000000.0,941579440.0,Arjun Rao,Rahul,38,Hot,Blue,2026-09-26
M2859,Broken Compass,Animation,Tamil,Canada,2002,113.0,UA,6.4,141,76.3,11000000.0,51626172.0,Arjun Rao,Sophia,63,Sunny,Yellow,2024-02-13
M1787,The Missing Piece,Adventure,English,India,2006,175.0,UA,6.2,126052,59.2,231000000.0,167367285.0,Raj Mehta,Daniel,29,Sunny,Blue,2025-01-09
M2790,The Forgotten Code 62,Fantasy,Hindi,UK,2015,150.0,PG-13,7.2,3258,82.2,113000000.0,277588631.0,Raj Mehta,Rahul,18,Cool,Yellow,2024-08-27
M2463,Ocean of Stars 29,Crime,Hindi,Canada,2010,134.0,PG-13,6.7,16705,55.9,169000000.0,818975347.0,M. Wilson,Vikram,15,Cloudy,Yellow,2025-04-02
M1566,Ocean of Stars,Drama,Tamil,South Korea,2003,173.0,A,8.9,5491,98.4,69000000.0,319568577.0,S. Varma,Sophia,63,Rainy,Yellow,2025-10-09
M0868,Rainy Day 90,Drama,Telugu,South Korea,2017,131.0,PG,7.1,44065,97.6,173000000.0,427453052.0,John Carter,Ananya,14,Rainy,Yellow,2025-03-19
M1903,Midnight Train,Horror,English,Canada,2009,90.0,PG-13,4.7,3424,57.1,77000000.0,173646622.0,Priya Kumar,Meera,40,Rainy,Black,2025-09-26
M1503,The Last Horizon,Romance,Japanese,UK,2018,142.0,U,8.2,7281,69.2,109000000.0,596359771.0,S. Varma,Aarav,16,Rainy,Red,2024-12-07
M2762,The Silent Witness 36,Crime,Malayalam,Japan,2001,125.0,PG-13,9.5,56707,86.1,199000000.0,757221042.0,Arjun Rao,Vikram,37,Sunny,Yellow,2024-01-08
M2986,Hidden Truth 48,Romance,Korean,Australia,2018,99.0,UA,5.8,111699,69.5,99000000.0,540044084.0,David Miller,Aarav,52,Rainy,Red,2025-05-12
M0109,Shadow Protocol,Fantasy,English,Canada,2014,133.0,R,7.1,194,65.3,17000000.0,53302271.0,David Miller,Daniel,40,Sunny,Yellow,2025-04-19
M1875,Hidden Truth 23,Adventure,English,USA,2015,149.0,UA,5.7,35703,51.6,228000000.0,548556660.0,Raj Mehta,Meera,17,Hot,Black,2025-04-26
M2091,Neon Nights 8,Action,English,USA,1995,154.0,U,6.4,806,41.6,237000000.0,719163507.0,Raj Mehta,Riya,65,Cloudy,Black,2024-07-03
M1451,  MIDNIGHT TRAIN  ,Animation,Tamil,Australia,2004,106.0,PG,7.3,9652,74.1,101000000.0,144872354.0,David Miller,Meera,14,Rainy,Yellow,2026-07-25
M3283,The Silent Witness 8,Animation,Japanese,India,2006,183.0,A,4.7,182467,96.0,163000000.0,663138159.0,S. Varma,Kiran,63,Rainy,Red,2025-06-12
M0319,Chasing Tomorrow 24,Fantasy,Kannada,Japan,2004,86.0,UA,7.7,1713,63.4,103000000.0,297499482.0,John Carter,Vikram,60,Rainy,Black,2026-04-08
M0817,Echoes of Time 29,Thriller,Telugu,South Korea,2016,100.0,PG-13,7.4,157,100.0,20000000.0,7700624.0,Arjun Rao,Vikram,64,Cool,Yellow,2026-07-11
M0060,Shadow Protocol 17,Mystery,Telugu,Australia,2002,182.0,R,7.1,450709,40.1,234000000.0,910016153.0,John Carter,Kiran,58,Cloudy,Black,2025-08-08
M0938,Chasing Tomorrow,Mystery,Korean,Australia,2014,94.0,U,5.4,1589,81.7,157000000.0,542008099.0,Arjun Rao,Sophia,28,Cloudy,Red,2024-08-07
M1611,The Final Mission 11,Animation,Kannada,India,2007,99.0,A,6.9,2096,52.9,249000000.0,674592081.0,Priya Kumar,Kiran,60,Sunny,Blue,2025-08-09
M2345,Starlight,Action,Japanese,USA,2009,76.0,U,9.8,11688,38.4,86000000.0,163847738.0,S. Varma,Sophia,20,Sunny,Black,2025-01-16
M3514,Beyond the Valley,Horror,Korean,Australia,1995,115.0,U,7.7,139,65.4,158000000.0,450521498.0,John Carter,Vikram,40,Cloudy,Black,2026-08-20
M1937,Midnight Train 67,Mystery,English,UK,2000,190.0,R,,722,48.9,184000000.0,415695575.0,S. Varma,Aarav,64,Hot,Blue,2025-09-01
M3541,Love in Monsoon 34,Crime,Korean,Japan,2015,184.0,U,6.2,636338,64.4,26000000.0,35800581.0,David Miller,Alex,18,Cool,Green,2026-10-19
M0950,Echoes of Time 34,Drama,Kannada,Australia,2013,76.0,UA,7.3,389,67.6,243000000.0,663464310.0,Raj Mehta,Rahul,37,Rainy,Green,2026-02-08
M0766,After the Storm 58,Comedy,Kannada,Japan,2008,164.0,UA,6.4,57681,96.3,110000000.0,248921364.0,Priya Kumar,Rahul,16,Rainy,Red,2024-10-01
M2606,Ocean of Stars,Romance,Malayalam,Australia,1998,108.0,PG-13,6.3,105,73.0,95000000.0,40541375.0,David Miller,Ananya,16,Cloudy,Black,2026-03-09
M1547,A New Beginning 15,Drama,English,France,2022,140.0,U,6.3,278264,55.0,162000000.0,49676510.0,M. Wilson,Ananya,14,Sunny,Yellow,2026-03-22
M1321,The Silent Witness,Animation,Tamil,USA,2014,80.0,U,6.5,931,53.5,221000000.0,1201460753.0,John Carter,Ananya,60,Cool,Green,2024-10-13
M1794,Starlight 22,Sci-Fi,,UK,2015,150.0,U,4.3,72424,35.0,198000000.0,759358563.0,M. Wilson,Meera,34,Cool,Blue,2024-11-11
M1648,Mystery Lake,Sci-Fi,Malayalam,France,2001,178.0,R,4.4,2625,93.9,131000000.0,176734151.0,Arjun Rao,Daniel,49,Hot,Green,2025-10-16
M1403,The Silent Witness,Action,English,Japan,2008,127.0,UA,6.0,67299,60.3,6000000.0,11106091.0,David Miller,Kiran,34,Rainy,Yellow,2025-04-28
M3490,Beyond the Valley 20,Horror,Hindi,Canada,1999,147.0,PG-13,7.2,970,52.1,39000000.0,88822496.0,Raj Mehta,Aarav,24,Cool,Green,2024-02-26
M0728,Starlight 53,Romance,Hindi,South Korea,2009,186.0,PG,6.4,124224,64.0,159000000.0,89984985.0,David Miller,Daniel,49,Sunny,Red,2025-02-24
M2423,Dream Catcher,Animation,Kannada,Japan,2012,123.0,U,8.1,234854,69.2,228000000.0,494544254.0,S. Varma,Alex,61,Cloudy,Red,2026-11-09
M1845,Starlight 13,Mystery,Malayalam,UK,2011,79.0,U,6.2,4297,44.5,79000000.0,228725233.0,David Miller,Sophia,51,Rainy,Black,2025-06-02
M0221,The Missing Piece 71,Action,Korean,Japan,2008,100.0,PG,6.1,8656,67.4,165000000.0,554939071.0,M. Wilson,Sophia,49,Cool,Green,2025-05-06
M1753,The Great Escape 7,Comedy,Korean,Japan,2009,171.0,UA,6.2,1720,38.9,70000000.0,162457606.0,M. Wilson,Rahul,18,Rainy,Black,2026-09-03
M0583,The Missing Piece 9,Horror,English,UK,2002,112.0,A,7.8,1715,47.7,169000000.0,125065011.0,S. Varma,Rahul,23,Sunny,Red,2026-07-16
M3326,The Last Horizon 67,Adventure,Telugu,South Korea,2009,139.0,U,7.3,62867,44.7,18000000.0,59180129.0,Ananya Sen,Sophia,18,Rainy,Red,2026-02-12
M1068,Mystery Lake,Thriller,Malayalam,France,2010,178.0,PG,7.0,201,91.1,116000000.0,610609548.0,Ananya Sen,Daniel,55,Cloudy,Red,2024-08-05
M3317,Digital Hearts 16,Comedy,Kannada,USA,1999,83.0,U,5.8,530,67.5,88000000.0,119894665.0,Arjun Rao,Rahul,24,Hot,Blue,2025-04-25
M0057,The Silent Witness 90,Fantasy,Malayalam,France,2016,88.0,PG-13,6.5,114,79.3,220000000.0,1126419443.0,Raj Mehta,Meera,18,Cloudy,Green,2025-02-25
M0188,After the Storm 65,Sci-Fi,Japanese,France,2001,179.0,R,6.5,354,34.9,99000000.0,112350251.0,M. Wilson,Meera,23,Sunny,Yellow,2024-04-10
M2150,Lost in Mumbai 36,Fantasy,Korean,India,2008,121.0,PG-13,,9637,66.8,129000000.0,42192013.0,S. Varma,Aarav,54,Hot,Green,2025-03-23
M2105,Dream Catcher,Comedy,Hindi,UK,1999,120.0,A,6.5,383522,70.9,101000000.0,456565978.0,John Carter,Vikram,26,Rainy,Blue,2024-09-02
M2452,City of Dreams 64,,Japanese,UK,2025,184.0,UA,6.6,9723,57.5,86000000.0,259844094.0,Ananya Sen,Daniel,21,Hot,Black,2026-08-28
M0991,Starlight 93,Adventure,Telugu,Australia,2013,80.0,U,7.4,775410,15.1,227000000.0,208079950.0,Arjun Rao,Vikram,22,Sunny,Yellow,2024-12-08
M1847,Shadow Protocol,Thriller,English,South Korea,2014,153.0,R,4.8,241962,48.6,17000000.0,70681572.0,John Carter,Ananya,18,Cool,Red,2026-05-08
M2530,After the Storm 7,Sci-Fi,Telugu,Australia,1997,162.0,R,7.2,560,88.0,180000000.0,590375357.0,Ananya Sen,Kiran,40,Cloudy,Blue,2024-07-26
M0469,Dream Catcher 19,Fantasy,Kannada,South Korea,2019,115.0,PG-13,6.4,523,56.9,32000000.0,158020654.0,Raj Mehta,Riya,33,Hot,Blue,2025-05-15
M1421,Rainy Day 35,Crime,Tamil,Australia,2024,120.0,PG-13,7.7,599325,75.8,100000000.0,491613288.0,John Carter,Rahul,41,Cool,Blue,2026-08-24
M1398,Crimson Sky 41,Drama,English,India,2012,143.0,PG,5.9,196318,38.3,15000000.0,18497950.0,David Miller,Alex,45,Hot,Black,2026-09-16
M2267,Secret Agent 75,Thriller,Malayalam,Australia,2002,166.0,UA,6.9,644688,59.2,70000000.0,136880325.0,Ananya Sen,Kiran,41,Cool,Blue,2026-12-11
M0227,Family Ties,Drama,Kannada,Canada,2020,156.0,R,7.3,140630,77.2,246000000.0,908121753.0,David Miller,Rahul,32,Cloudy,Red,2024-12-01
M0536,The Great Escape,Sci-Fi,Korean,South Korea,2001,132.0,PG-13,4.7,43940,48.9,20000000.0,68212600.0,M. Wilson,Rahul,41,Hot,Black,2024-03-17
M0906,City of Dreams,Drama,Hindi,Canada,2006,129.0,PG,4.7,99963,54.5,165000000.0,230875240.0,Arjun Rao,Riya,48,Cloudy,Red,2025-05-15
M0966,Secret Agent,Horror,Malayalam,Canada,2014,189.0,PG-13,7.1,167374,92.7,152000000.0,539103203.0,John Carter,Kiran,14,Hot,Green,2024-01-21
M2508,The Last Letter 33,Sci-Fi,Korean,South Korea,1996,112.0,R,6.3,264,68.5,159000000.0,460630017.0,S. Varma,Vikram,41,Rainy,Yellow,2025-06-04
M1617,Starlight,Action,Korean,Australia,2003,183.0,U,6.2,7806,40.7,6000000.0,12488844.0,M. Wilson,Aarav,51,Rainy,Blue,2026-12-04
M3362,Parallel Worlds,Action,Telugu,UK,2023,,PG,5.1,8045,59.3,116000000.0,269866876.0,Priya Kumar,Rahul,34,Rainy,Yellow,2024-11-13
M3037,City of Dreams 4,Sci-Fi,Tamil,USA,2022,134.0,R,6.1,6503,60.0,178000000.0,741367201.0,Ananya Sen,Alex,34,Cool,Green,2024-06-15
M0698,Ocean of Stars,Crime,Telugu,Japan,2023,151.0,R,7.4,79347,40.2,51000000.0,209659071.0,Priya Kumar,Aarav,22,Hot,Red,2025-06-04
M1118,City of Dreams,Horror,Kannada,France,1996,175.0,R,7.2,69184,66.7,162000000.0,824547585.0,Arjun Rao,Kiran,54,Cloudy,Green,2025-03-03
M0211,Golden Promise,Romance,Japanese,Japan,2001,112.0,PG-13,7.0,695360,61.3,145000000.0,432992905.0,M. Wilson,Ananya,59,Cool,Red,2024-01-14
M2904,Lost in Mumbai,Romance,Japanese,South Korea,2001,93.0,UA,7.0,227,34.5,52000000.0,130685178.0,Arjun Rao,Daniel,59,Rainy,Blue,2026-05-06
M0070,Hidden Truth,Adventure,,South Korea,1995,147.0,UA,5.9,26989,78.6,222000000.0,144819827.0,Priya Kumar,Ananya,53,Rainy,Yellow,2025-11-25
M0735,The Last Horizon 33,Fantasy,Hindi,India,2006,135.0,U,7.9,600410,20.1,150000000.0,82918958.0,,Ananya,46,Cool,Red,2024-02-04
M2647,Beyond the Valley 49,Comedy,Telugu,Japan,2008,99.0,PG,5.3,13912,47.1,48000000.0,193239444.0,S. Varma,Riya,50,Rainy,Blue,2024-11-23
M1502,The Great Escape 86,Adventure,Malayalam,USA,2000,179.0,R,7.1,482653,41.0,225000000.0,49567621.0,David Miller,Ananya,14,Sunny,Black,2024-05-20
M3383,Beyond the Valley,Comedy,Telugu,South Korea,1999,153.0,PG,8.2,326774,51.8,157000000.0,213254174.0,John Carter,Ananya,54,Cloudy,Blue,2025-10-22
M3179,Code Zero,Comedy,Korean,UK,2002,86.0,PG,7.0,1457,78.5,196000000.0,194121550.0,S. Varma,Meera,60,Cool,Black,2024-07-08
M0377,Starlight,Drama,Korean,France,2018,176.0,U,6.8,3597,38.8,250000000.0,243945539.0,David Miller,Sophia,49,Rainy,Red,2024-03-25
M0437,Dream Catcher 99,Horror,Tamil,South Korea,1998,184.0,PG-13,6.5,189593,45.8,120000000.0,268117757.0,David Miller,Alex,23,Cool,Yellow,2024-02-14
M2441,Midnight Train,Fantasy,Korean,India,2008,131.0,A,7.4,3572,69.0,205000000.0,1076452075.0,David Miller,Alex,59,Rainy,Yellow,2026-08-21
M2154,Ocean of Stars,Sci-Fi,English,Japan,2001,185.0,PG,8.7,796,22.3,127000000.0,525851556.0,S. Varma,Kiran,45,Sunny,Red,2024-12-27
M1698,Family Ties,Sci-Fi,Tamil,USA,2012,124.0,PG-13,7.1,8073,73.0,64000000.0,217412948.0,Priya Kumar,Rahul,52,Cloudy,Green,2026-03-21
M0209,Midnight Train,Adventure,Korean,Canada,2024,94.0,A,6.9,4567,68.0,46000000.0,14678017.0,Ananya Sen,Rahul,59,Cloudy,Green,2024-10-12
M2699,Echoes of Time,Horror,English,France,1999,86.0,UA,7.9,9808,95.5,50000000.0,124952866.0,S. Varma,Kiran,33,Hot,Green,2026-04-10
M0566,Dream Catcher,Horror,Kannada,South Korea,2010,163.0,PG,7.8,37182,80.1,178000000.0,758353770.0,Priya Kumar,Vikram,19,Hot,Blue,2025-04-01
M0314,The Missing Piece,Crime,Telugu,India,2020,151.0,A,4.9,25631,56.4,131000000.0,516915421.0,Ananya Sen,Aarav,23,Sunny,Green,2025-06-22
M0602,Journey Home 63,Comedy,Kannada,France,2013,132.0,PG,6.8,44107,75.9,248000000.0,459513854.0,David Miller,Meera,41,Hot,Yellow,2026-12-14
M0234,Wild Frontier 86,Mystery,Japanese,Canada,1996,121.0,U,8.4,179,47.1,1000000.0,1871038.0,Raj Mehta,Ananya,23,Cloudy,Blue,2025-02-10
M1111,Secret Agent 99,Drama,Tamil,USA,2012,97.0,UA,7.5,512,73.6,176000000.0,436627245.0,S. Varma,Riya,40,Rainy,Red,2025-12-17
M1733,Beyond the Valley,Comedy,Malayalam,India,2010,89.0,UA,6.9,13884,57.6,53000000.0,72207100.0,John Carter,Meera,55,Sunny,Red,2026-09-26
M2975,Neon Nights 34,Crime,Japanese,India,2016,128.0,A,7.0,3368,27.9,198000000.0,1046948569.0,David Miller,Daniel,17,Hot,Yellow,2026-09-04
M1589,A New Beginning 73,Action,Telugu,India,2020,135.0,UA,8.9,241776,63.0,104000000.0,365994112.0,Arjun Rao,Meera,16,Rainy,Black,2024-11-09
M0013,Chasing Tomorrow 72,Romance,Tamil,India,2002,103.0,U,7.7,221,68.4,17000000.0,21058055.0,Raj Mehta,Ananya,17,Sunny,Green,2024-09-08
M0112,Ocean of Stars,Fantasy,English,South Korea,2000,178.0,UA,9.5,1209,48.8,35000000.0,41896475.0,Raj Mehta,Ananya,15,Cloudy,Green,2026-07-27
M3089,Crimson Sky 68,Action,Japanese,USA,1999,150.0,PG-13,6.6,33398,50.1,145000000.0,298527174.0,S. Varma,Aarav,59,Hot,Yellow,2026-11-07
M1689,The Final Mission 76,Sci-Fi,Korean,India,2012,119.0,PG,5.8,561,65.8,161000000.0,748970483.0,Ananya Sen,Daniel,31,Hot,Black,2026-05-13
M2513,The Silent Witness 29,Comedy,Korean,South Korea,2010,81.0,A,6.6,288628,68.7,19000000.0,77288104.0,David Miller,Daniel,28,Hot,Yellow,2024-05-15
M2516,Kingdom of Ash 72,Horror,Japanese,Japan,1997,94.0,PG-13,8.0,2614,59.0,219000000.0,1148326254.0,Arjun Rao,Sophia,27,Rainy,Green,2024-06-25
M3034,Ocean of Stars 35,Drama,Hindi,UK,2013,147.0,PG-13,4.8,651457,72.4,64000000.0,-500000.0,David Miller,Rahul,35,Cool,Green,2026-08-25
M1048,Dream Catcher 16,Adventure,Tamil,UK,2003,134.0,R,4.8,115924,29.3,63000000.0,77948450.0,Raj Mehta,Riya,37,Rainy,Blue,2025-08-17
M3056,A New Beginning 60,,Telugu,Australia,2022,157.0,PG,4.9,1375,51.2,217000000.0,185156288.0,John Carter,Riya,61,Sunny,Green,2024-07-17
M0413,Hidden Truth 53,Fantasy,Malayalam,Australia,2019,,R,6.6,88510,70.7,30000000.0,79225780.0,Ananya Sen,Rahul,56,Hot,Black,2025-03-17
M2866,Secret Agent,Sci-Fi,Telugu,USA,1996,143.0,A,8.4,12110,61.0,55000000.0,109667068.0,Raj Mehta,Meera,27,Hot,Red,2024-09-22
M0473,The Final Mission 31,Mystery,Telugu,India,2009,88.0,U,8.3,64224,100.0,32000000.0,157387765.0,Raj Mehta,Riya,44,Sunny,Red,2025-10-22
M0491,Echoes of Time 93,Horror,Malayalam,India,2023,175.0,R,7.7,1382,56.3,240000000.0,1206499645.0,Raj Mehta,Aarav,57,Rainy,Green,2026-07-10
M2678,The Last Horizon,Drama,Malayalam,USA,2004,185.0,UA,7.8,3872,89.6,192000000.0,304986334.0,Priya Kumar,Alex,41,Cool,Yellow,2026-10-02
M1804,Shadow Protocol 83,Crime,Hindi,USA,2008,81.0,A,4.8,71377,51.7,196000000.0,290780163.0,Raj Mehta,Riya,15,Sunny,Black,2026-03-14
M0832,Rainy Day 91,Animation,Malayalam,USA,2015,178.0,PG-13,7.6,174,61.2,175000000.0,120664389.0,Ananya Sen,Daniel,26,Hot,Green,2024-02-17
M2833,The Last Letter 86,Drama,Kannada,India,1995,115.0,A,6.3,13128,53.3,242000000.0,1073210702.0,Raj Mehta,Vikram,34,Cool,Yellow,2026-09-18
M1189,Family Ties,Adventure,Tamil,France,2017,137.0,PG,6.9,113,76.2,37000000.0,57921634.0,M. Wilson,Daniel,54,Hot,Red,2026-01-05
M3293,Neon Nights,Adventure,Malayalam,France,2015,137.0,R,5.3,107,67.7,106000000.0,258905125.0,M. Wilson,Rahul,31,Sunny,Yellow,2026-08-15
M1814,The Forgotten Code 19,Mystery,Korean,USA,1995,140.0,A,8.5,572579,55.7,202000000.0,175997777.0,John Carter,Meera,57,Cloudy,Black,2024-06-23
M3108,City of Dreams,Action,Malayalam,USA,2005,186.0,PG,5.3,42209,96.2,130000000.0,431608595.0,David Miller,Rahul,44,Cloudy,Blue,2024-12-10
M2070,The Forgotten Code,Crime,Hindi,USA,2009,175.0,PG-13,5.7,14697,93.4,202000000.0,147387067.0,David Miller,Sophia,37,Cool,Red,2025-12-16
M2838,Crimson Sky 41,Crime,Tamil,Japan,2016,79.0,PG,5.9,7561,42.5,238000000.0,800230590.0,Priya Kumar,Kiran,15,Rainy,Black,2024-09-07
M2437,Neon Nights,Crime,Hindi,Canada,2012,93.0,R,7.1,1008,73.9,119000000.0,379568360.0,S. Varma,Meera,55,Cloudy,Yellow,2024-07-10
M2133,Broken Compass 58,Mystery,Hindi,Australia,1996,137.0,PG,6.1,118,36.4,216000000.0,927555534.0,S. Varma,Riya,56,Rainy,Green,2026-01-21
M1425,Broken Compass,Mystery,Malayalam,Australia,1995,117.0,U,7.8,735474,86.4,61000000.0,102042201.0,John Carter,Meera,32,Hot,Black,2025-09-10
M0656,Golden Promise 48,Thriller,Kannada,France,2008,157.0,UA,7.6,169758,61.3,14000000.0,54532936.0,Priya Kumar,Aarav,24,Sunny,Blue,2024-11-24
M1729,The Final Mission,Comedy,Hindi,France,2001,79.0,U,9.1,936,65.7,19000000.0,36470929.0,John Carter,Alex,54,Cool,Blue,2024-01-28
M0362,The Last Letter 44,Romance,Tamil,Canada,2020,89.0,PG-13,7.5,483,66.5,79000000.0,304705047.0,John Carter,Kiran,43,Cool,Red,2026-12-22
M0136,Road to Victory 94,Mystery,Malayalam,Australia,2009,143.0,UA,9.3,142,65.7,88000000.0,390445010.0,Ananya Sen,Daniel,48,Cloudy,Red,2025-05-23
M1821,Road to Victory 5,Comedy,Malayalam,USA,2001,146.0,PG,5.4,2982,52.6,95000000.0,178450573.0,Arjun Rao,Rahul,34,Hot,Yellow,2026-04-19
M2629,Wild Frontier 25,Mystery,English,Canada,2008,158.0,U,6.3,207,71.2,206000000.0,63958832.0,Ananya Sen,Meera,48,Cool,Blue,2026-03-22
M1340,Midnight Train 21,Fantasy,Telugu,UK,2005,158.0,U,8.8,328,59.3,133000000.0,412120745.0,John Carter,Vikram,33,Hot,Red,2024-07-01
M2737,The Silent Witness 73,Animation,Kannada,South Korea,2013,127.0,UA,6.7,105735,41.9,135000000.0,268359279.0,,Ananya,60,Cloudy,Green,2026-12-16
M0367,Crimson Sky 88,Crime,Tamil,France,1999,86.0,UA,7.0,315,58.8,187000000.0,856115628.0,David Miller,Rahul,32,Cool,Green,2025-09-05
M2253,The Last Horizon 30,Fantasy,Hindi,Japan,2023,145.0,R,8.4,114744,76.4,161000000.0,475301694.0,Arjun Rao,Meera,39,Cool,Black,2026-01-21
M2156,Kingdom of Ash,Mystery,Malayalam,USA,2012,162.0,PG,7.9,2243,77.8,93000000.0,,Raj Mehta,Riya,49,Cool,Blue,2026-09-22
M0030,Crimson Sky,Drama,Malayalam,France,2008,160.0,PG-13,7.2,106,70.2,241000000.0,700577529.0,Raj Mehta,Daniel,31,Rainy,Black,2026-10-21
M3021,Family Ties 72,Action,Malayalam,Canada,2006,126.0,PG,7.9,10680,92.0,96000000.0,366098217.0,Arjun Rao,Daniel,62,Cool,Red,2025-03-16
M0023,The Final Mission 58,Animation,Korean,India,2019,91.0,U,6.8,10971,96.3,164000000.0,404418653.0,Arjun Rao,Vikram,47,Sunny,Green,2026-09-05
M3067,The Silent Witness,Romance,Hindi,Japan,2003,160.0,PG-13,7.7,191,57.0,164000000.0,794119869.0,S. Varma,Ananya,43,Cool,Blue,2024-02-21
M1314,Chasing Tomorrow,Fantasy,Tamil,USA,2017,81.0,PG-13,7.7,319,100.0,193000000.0,423027524.0,S. Varma,Alex,22,Cool,Yellow,2025-03-26
M1160,The Silent Witness,Horror,English,UK,1996,167.0,PG,6.5,452,27.2,247000000.0,513865131.0,John Carter,Kiran,15,Sunny,Black,2025-05-02
M2286,The Forgotten Code 98,Action,Tamil,France,1995,119.0,U,7.3,258051,64.7,42000000.0,88329155.0,Arjun Rao,Rahul,63,Cloudy,Blue,2026-09-25
M0696,Parallel Worlds 40,Adventure,Japanese,France,1997,93.0,PG-13,6.1,517313,69.8,18000000.0,83592120.0,Ananya Sen,Daniel,24,Sunny,Blue,2025-06-25
M0421,Family Ties 83,Action,English,France,2019,132.0,A,6.5,132662,48.0,5000000.0,6406944.0,David Miller,Sophia,38,Cool,Blue,2026-12-25
M2043,Parallel Worlds,Adventure,English,South Korea,2022,138.0,UA,7.7,490769,100.0,14000000.0,35665934.0,David Miller,Daniel,34,Hot,Green,2024-02-19
M0461,The Silent Witness 42,Mystery,Malayalam,South Korea,2019,87.0,R,7.0,630,97.5,154000000.0,747284909.0,Priya Kumar,Riya,47,Cool,Green,2024-01-05
M0088,The Missing Piece 55,Fantasy,Kannada,UK,2015,78.0,A,6.1,289,82.0,24000000.0,93424967.0,John Carter,Sophia,62,Cool,Yellow,2024-01-05
M0283,Golden Promise 75,Animation,Kannada,USA,2014,81.0,R,6.2,111,27.2,199000000.0,116209732.0,Priya Kumar,Kiran,27,Rainy,Yellow,2024-09-06
M1106,Broken Compass 32,Crime,Hindi,USA,2023,132.0,A,8.0,14101,74.2,229000000.0,231671479.0,Ananya Sen,Aarav,43,Cloudy,Yellow,2024-11-25
M1090,Hidden Truth 14,Crime,English,USA,2005,109.0,PG,5.1,445,68.2,190000000.0,960904575.0,Raj Mehta,Meera,64,Cloudy,Black,2026-02-09
M1172,Wild Frontier 93,Drama,Telugu,Japan,1999,184.0,PG-13,6.3,564,80.9,160000000.0,141452417.0,Ananya Sen,Meera,60,Sunny,Yellow,2025-11-17
M3450,Journey Home,Romance,Japanese,Canada,2004,81.0,PG,5.8,2148,77.9,132000000.0,702643848.0,Arjun Rao,Sophia,53,Cool,Red,2025-07-17
M2352,Mystery Lake 9,Drama,Japanese,Canada,2013,90.0,UA,6.3,3314,46.7,206000000.0,599432695.0,Raj Mehta,Riya,22,Cool,Green,2024-02-18
M0860,The Forgotten Code,Adventure,Korean,India,2014,154.0,A,6.1,2422,69.5,129000000.0,402288552.0,Ananya Sen,Vikram,49,Hot,Blue,2025-01-24
M0534,The Last Horizon 32,Adventure,Tamil,Japan,2004,148.0,A,6.4,400,80.6,189000000.0,63291021.0,John Carter,Alex,56,Rainy,Black,2026-12-08
M3285,The Great Escape 28,Romance,English,Australia,2022,119.0,PG-13,9.3,19713,65.9,184000000.0,858266339.0,David Miller,Rahul,53,Hot,Blue,2026-11-10
M2687,The Last Letter,Thriller,Telugu,Japan,2019,97.0,UA,7.5,251,92.8,91000000.0,429233675.0,S. Varma,Alex,49,Sunny,Blue,2026-06-04
M1558,Midnight Train 31,Crime,Hindi,India,2021,111.0,R,7.6,2233,70.2,166000000.0,580002132.0,Arjun Rao,Alex,27,Rainy,Green,2024-09-20
M2846,The Last Letter 31,Mystery,Tamil,USA,2013,157.0,A,4.6,480010,57.1,130000000.0,635124305.0,M. Wilson,Riya,40,Sunny,Green,2024-07-27
M2891,Digital Hearts 78,Horror,Hindi,Japan,2003,126.0,PG-13,6.8,417499,72.7,15000000.0,35383126.0,David Miller,Ananya,30,Hot,Black,2025-03-03
M2565,Mystery Lake,Action,Kannada,Japan,2000,187.0,PG-13,4.9,248190,54.4,175000000.0,435703001.0,David Miller,Sophia,63,Hot,Red,2026-08-26
M1221,The Final Mission 28,Comedy,English,Japan,2008,165.0,UA,7.4,16519,52.1,110000000.0,182130202.0,Ananya Sen,Alex,38,Rainy,Black,2025-07-13
M3580,Family Ties 8,Comedy,English,India,2006,153.0,PG,7.5,41593,59.6,44000000.0,159373817.0,M. Wilson,Meera,31,Sunny,Blue,2026-12-15
M2173,Hidden Truth,Horror,Telugu,UK,2010,118.0,PG,6.6,12531,93.8,138000000.0,755459592.0,M. Wilson,Rahul,52,Cool,Yellow,2026-10-15
M1377,Echoes of Time,Romance,English,UK,2001,92.0,U,6.0,20723,44.7,134000000.0,176025644.0,David Miller,Sophia,38,Cool,Blue,2024-04-01
M1919,Ocean of Stars 23,Adventure,Tamil,Canada,1995,142.0,U,5.6,12382,46.9,165000000.0,425780103.0,David Miller,Alex,58,Rainy,Black,2025-05-28
M3550,The Missing Piece 83,Fantasy,Kannada,Japan,2011,118.0,R,8.5,397583,37.7,235000000.0,235950589.0,David Miller,Rahul,27,Rainy,Blue,2026-10-09
M1079,Love in Monsoon 97,Adventure,Malayalam,UK,2025,136.0,R,8.3,185,74.6,6000000.0,11846291.0,John Carter,Daniel,39,Rainy,Black,2024-12-06
M0943,Broken Compass 25,Romance,Kannada,USA,2016,164.0,R,6.4,4065,96.8,12000000.0,61848822.0,Ananya Sen,Meera,26,Cool,Yellow,2024-01-13
M3493,Broken Compass,Romance,Malayalam,France,2007,104.0,A,7.5,410,54.4,51000000.0,67087937.0,Arjun Rao,Alex,15,Rainy,Green,2026-04-26
M3509,Neon Nights 23,Fantasy,Malayalam,France,2008,181.0,UA,4.9,15857,76.0,137000000.0,83213203.0,Arjun Rao,Ananya,26,Cloudy,Green,2026-12-12
M2431,Ocean of Stars 7,Crime,Kannada,France,2010,118.0,A,7.5,917,62.2,103000000.0,385458107.0,Arjun Rao,Kiran,59,Cloudy,Green,2024-04-07
M1792,The Missing Piece 27,Drama,Korean,USA,2006,149.0,PG,9.8,29233,44.2,189000000.0,295355605.0,Raj Mehta,Sophia,14,Cloudy,Yellow,2024-06-07
M0888,Starlight,Comedy,Japanese,Canada,1998,143.0,U,6.7,2075,47.1,41000000.0,197400601.0,S. Varma,Daniel,42,Hot,Red,2026-06-03
M3335,The Last Letter 4,Adventure,English,South Korea,2019,136.0,UA,6.4,3145,100.0,112000000.0,93131622.0,M. Wilson,Sophia,54,Rainy,Blue,2025-08-12
M0686,A New Beginning,Drama,Hindi,Japan,2011,99.0,PG,7.5,617,71.8,81000000.0,268450614.0,Arjun Rao,Kiran,64,Rainy,Blue,2026-07-16
M0414,Rainy Day,,Korean,Japan,2022,130.0,PG-13,7.4,107286,79.7,4000000.0,14710630.0,Raj Mehta,Riya,47,Cloudy,Black,2026-11-28
M0790,Parallel Worlds,Crime,Kannada,USA,2001,130.0,unknown,7.5,374,53.9,133000000.0,268130563.0,John Carter,Vikram,20,Cloudy,Green,2025-08-08
M2347,Broken Compass 44,mystery,Malayalam,India,2019,119.0,A,4.9,226776,53.9,119000000.0,465408735.0,John Carter,Alex,21,Hot,Red,2026-01-20
M1193,  MYSTERY LAKE 43  ,Thriller,Kannada,South Korea,2020,98.0,PG,9.1,10250,73.4,231000000.0,1258606134.0,David Miller,Rahul,22,Cool,Blue,2025-03-20
M1259,Journey Home,Comedy,Hindi,UK,2018,93.0,UA,7.2,25895,90.7,223000000.0,968210042.0,David Miller,Meera,31,Cool,Yellow,2026-12-16
M2799,Chasing Tomorrow 68,Crime,English,Australia,2010,164.0,U,7.9,4052,77.1,16000000.0,66496350.0,David Miller,Alex,51,Hot,Yellow,2026-02-11
M1158,The Silent Witness,Comedy,Telugu,India,2001,183.0,PG,8.2,3442,49.5,231000000.0,790833188.0,Arjun Rao,Ananya,61,Hot,Red,2026-11-11
M1860,After the Storm 5,Mystery,Kannada,USA,2008,105.0,UA,8.6,18478,52.6,69000000.0,155740267.0,Ananya Sen,Meera,13,Cool,Green,2024-02-25
M0273,After the Storm 91,,English,UK,2015,177.0,PG,5.2,514406,82.4,75000000.0,75045511.0,David Miller,Rahul,19,Cloudy,Yellow,2024-04-04
M2952,Mystery Lake,Crime,Hindi,USA,2017,123.0,R,6.1,9775,46.1,173000000.0,825909408.0,David Miller,Alex,32,Hot,Green,2024-04-03
M0522,The Last Letter 30,Crime,Kannada,Australia,2001,135.0,UA,7.0,44556,73.8,89000000.0,188517659.0,John Carter,Rahul,39,Cloudy,Black,2024-10-07
M0523,The Forgotten Code,Drama,Telugu,Canada,2004,163.0,UA,6.7,30390,65.4,192000000.0,967760797.0,M. Wilson,Riya,63,Hot,Black,2025-04-07
M2663,Lost in Mumbai,Adventure,English,UK,2019,124.0,PG-13,4.5,9139,54.8,28000000.0,55860053.0,John Carter,Kiran,29,Cool,Green,2024-11-28
M0351,Secret Agent,Mystery,Kannada,Australia,2012,0,R,5.8,19479,100.0,143000000.0,155937968.0,S. Varma,Riya,23,Rainy,Yellow,2025-09-11
M2956,Lost in Mumbai 33,Action,Telugu,Australia,2012,155.0,PG,5.1,4798,68.7,200000000.0,571805163.0,David Miller,Riya,42,Cool,Red,2024-07-06
M3353,Digital Hearts,Romance,Malayalam,Japan,2017,172.0,U,5.8,5287,41.0,164000000.0,492772033.0,David Miller,Alex,46,Rainy,Yellow,2026-12-09
M2835,Echoes of Time 16,Action,Malayalam,USA,1996,142.0,A,7.5,164193,62.9,6000000.0,16497425.0,Raj Mehta,Meera,60,Cloudy,Yellow,2024-02-13
M1726,Digital Hearts 30,Crime,Hindi,India,2016,188.0,U,6.7,24882,68.0,141000000.0,93751393.0,S. Varma,Riya,23,Cloudy,Yellow,2024-02-13
M0652,Crimson Sky 15,Action,Telugu,UK,2024,169.0,A,6.9,58687,48.8,216000000.0,234749428.0,Raj Mehta,Ananya,16,Cloudy,Black,2026-12-01
M1207,Neon Nights 81,,English,Australia,2007,88.0,UA,8.2,23466,84.5,34000000.0,22761816.0,Priya Kumar,Kiran,61,Hot,Red,2024-10-24
M3132,Starlight 90,Animation,Hindi,France,2022,104.0,U,5.3,89760,58.5,39000000.0,179875574.0,Priya Kumar,Riya,50,Sunny,Black,2024-03-22
M3367,Dream Catcher,Romance,Kannada,South Korea,2013,154.0,A,6.3,173478,46.1,177000000.0,872800776.0,David Miller,Daniel,16,Rainy,Yellow,2025-09-25
M1205,The Last Horizon,Fantasy,Hindi,Canada,2021,100.0,R,4.3,562,63.0,234000000.0,430604134.0,M. Wilson,Riya,51,Sunny,Red,2025-01-21
M2245,Starlight 15,Fantasy,Malayalam,Australia,1997,173.0,PG,5.6,1061,54.9,154000000.0,59977839.0,Priya Kumar,Aarav,64,Sunny,Red,2025-06-25
M1427,Chasing Tomorrow,Romance,Hindi,UK,1997,92.0,R,7.7,622,72.0,74000000.0,357332230.0,Raj Mehta,Aarav,60,Rainy,Black,2024-11-06
M1621,Road to Victory,Mystery,Telugu,Canada,2025,176.0,U,7.2,647,45.1,15000000.0,43073571.0,M. Wilson,Riya,31,Hot,Blue,2026-10-11
M0169,A New Beginning,Horror,English,South Korea,2021,84.0,PG,7.8,345177,20.8,88000000.0,308744601.0,M. Wilson,Ananya,35,Cool,Black,2025-03-22
M3372,A New Beginning 96,Comedy,Telugu,UK,2018,130.0,A,6.0,131660,80.8,123000000.0,201612677.0,M. Wilson,Alex,53,Rainy,Red,2025-08-13
M0963,Secret Agent 72,Mystery,Japanese,South Korea,2008,90.0,R,6.1,21865,62.1,137000000.0,682635018.0,Ananya Sen,Riya,55,Rainy,Black,2024-01-05
M0946,Family Ties 3,Mystery,Korean,India,2021,190.0,R,7.4,783981,45.4,49000000.0,127116741.0,M. Wilson,Vikram,55,Rainy,Blue,2026-02-04
M0463,Shadow Protocol 11,Comedy,Telugu,India,2012,166.0,PG,7.9,12664,63.4,142000000.0,403053693.0,Priya Kumar,Daniel,57,Cloudy,Red,2025-10-17
M1594,Parallel Worlds,Animation,Telugu,USA,2002,186.0,A,7.8,10545,53.8,103000000.0,272700158.0,M. Wilson,Meera,28,Cool,Green,2025-12-13
M0329,A New Beginning,Comedy,Hindi,UK,2024,118.0,A,8.8,268488,74.1,108000000.0,252929920.0,Ananya Sen,Sophia,33,Cloudy,Green,2026-11-13
M2447,Wild Frontier,Crime,Telugu,,1997,180.0,R,8.6,143,47.5,21000000.0,47208052.0,Ananya Sen,Sophia,28,Cloudy,Black,2026-01-12
M2285,Starlight,Comedy,English,France,2008,146.0,R,6.5,1720,65.2,169000000.0,640359731.0,Arjun Rao,Alex,61,Hot,Yellow,2024-05-12
M0368,Road to Victory,Romance,Telugu,South Korea,2001,158.0,R,7.7,138,84.1,36000000.0,65036890.0,David Miller,Rahul,62,Rainy,Yellow,2024-06-03
M3140,Beyond the Valley,Crime,Tamil,India,1997,99.0,A,7.9,4360,36.0,116000000.0,60792672.0,Priya Kumar,Aarav,54,Rainy,Blue,2026-09-26
M2816,Echoes of Time 37,Animation,Japanese,Australia,2015,95.0,A,6.4,38319,58.7,21000000.0,65462902.0,S. Varma,Riya,63,Cool,Blue,2026-10-27
M2741,City of Dreams 22,Horror,Korean,India,2004,103.0,U,7.0,177,71.5,180000000.0,717811826.0,John Carter,Riya,25,Sunny,Black,2026-07-28
M1458,Ocean of Stars 28,Animation,Japanese,Australia,2011,172.0,R,6.6,2013,42.4,134000000.0,397404287.0,Priya Kumar,Kiran,27,Rainy,Red,2025-05-25
M0773,Broken Compass,Horror,Korean,France,2024,108.0,R,7.5,5978,47.4,208000000.0,777739276.0,Raj Mehta,Riya,48,Hot,Green,2026-08-14
M2319,Mystery Lake,Adventure,Kannada,South Korea,2018,118.0,UA,6.8,9360,57.0,149000000.0,444590292.0,Arjun Rao,Alex,28,Hot,Yellow,2024-02-07
M3254,Code Zero 34,Action,English,UK,2011,113.0,PG,5.4,436655,67.0,138000000.0,681852837.0,David Miller,Kiran,62,Cool,Black,2025-12-18
M2863,Family Ties,Crime,Telugu,UK,2020,93.0,A,6.8,250705,51.2,80000000.0,106507682.0,Arjun Rao,Kiran,57,Rainy,Black,2026-02-26
M0499,Parallel Worlds 65,Sci-Fi,Telugu,France,2001,185.0,UA,6.9,177,88.2,209000000.0,962712441.0,Ananya Sen,Daniel,59,Rainy,Black,2024-07-26
M1264,The Final Mission 70,Romance,Kannada,USA,2025,121.0,PG,7.3,8994,53.4,67000000.0,337174893.0,Ananya Sen,Meera,58,Cool,Blue,2024-11-22
M0436,Neon Nights 19,Fantasy,Tamil,Japan,2001,153.0,A,5.5,30412,100.0,117000000.0,510582568.0,Ananya Sen,Sophia,21,Sunny,Yellow,2024-05-05
M0366,Golden Promise 66,Thriller,English,South Korea,2006,120.0,PG,8.3,10798,67.8,161000000.0,564305667.0,Raj Mehta,Kiran,30,Rainy,Red,2025-07-22
M1135,Rainy Day 39,Romance,Tamil,France,1998,186.0,PG-13,8.8,1297,81.0,135000000.0,478316235.0,M. Wilson,Sophia,14,Cool,Red,2025-04-06
M0277,Golden Promise,Animation,Kannada,Canada,2023,170.0,UA,5.2,236411,93.9,132000000.0,357457650.0,Ananya Sen,Alex,58,Cloudy,Green,2026-03-23
M2415,Crimson Sky,Comedy,Hindi,France,2013,90.0,PG-13,6.3,24519,86.0,39000000.0,39401766.0,Ananya Sen,Ananya,36,Rainy,Blue,2024-11-03
M0273,After the Storm 91,,English,UK,2015,177.0,PG,5.2,514406,82.4,75000000.0,75045511.0,David Miller,Rahul,19,Cloudy,Yellow,2024-04-04
M3182,Love in Monsoon 85,Fantasy,Korean,UK,2015,118.0,U,7.1,9277,50.5,74000000.0,221367566.0,Raj Mehta,Riya,57,Rainy,Yellow,2026-04-09
M0408,Road to Victory,Thriller,English,Japan,2016,160.0,PG-13,8.7,147370,75.2,20000000.0,73586732.0,Raj Mehta,Meera,42,Cool,Black,2026-12-11
M2856,Crimson Sky 59,Mystery,Japanese,South Korea,2022,112.0,PG-13,5.2,527481,43.3,196000000.0,853227304.0,David Miller,Alex,31,Cloudy,Yellow,2026-04-26
M2568,Golden Promise,Adventure,Korean,USA,1996,120.0,PG-13,6.5,112260,55.4,26000000.0,26088814.0,Raj Mehta,Rahul,45,Hot,Red,2026-09-13
M0845,The Great Escape 24,Sci-Fi,Korean,USA,2005,183.0,UA,8.7,133,77.0,137000000.0,505694877.0,Raj Mehta,Sophia,58,Cool,Green,2024-09-27
M1602,Road to Victory 6,Crime,Korean,Japan,2023,156.0,R,4.6,9101,91.7,216000000.0,735885570.0,S. Varma,Daniel,23,Rainy,Green,2024-06-20
M1235,Midnight Train 72,Mystery,Tamil,UK,1998,120.0,PG,7.0,181542,76.7,110000000.0,,John Carter,Kiran,48,Rainy,Green,2026-07-12
M1965,Hidden Truth,Comedy,Hindi,Japan,2009,134.0,R,6.7,129,81.5,32000000.0,123393653.0,John Carter,Meera,42,Rainy,Green,2026-05-08
M1289,Broken Compass,Sci-Fi,Kannada,UK,2013,146.0,PG-13,8.6,338,65.3,147000000.0,790922089.0,John Carter,Daniel,43,Sunny,Black,2026-02-20
M2168,The Great Escape,Comedy,Malayalam,France,2024,164.0,R,5.8,8313,59.0,133000000.0,568292949.0,S. Varma,Kiran,52,Cool,Green,2026-04-27
M1407,Golden Promise,Comedy, English ,USA,2002,130.0,UA,5.3,1211,82.7,142000000.0,730886719.0,David Miller,Kiran,63,Rainy,Red,2024-12-20
M2084,Hidden Truth 90,Crime,Telugu,France,2002,75.0,R,6.7,51747,61.3,225000000.0,533266665.0,,Sophia,26,Hot,Blue,2026-10-16
M0856,Wild Frontier 99,Action,Malayalam,Australia,2000,154.0,UA,7.0,11878,74.0,91000000.0,33951465.0,S. Varma,Kiran,21,Hot,Yellow,08-21-2025
M1475,Crimson Sky,Action,Malayalam,South Korea,1999,102.0,PG,9.0,276,65.3,119000000.0,280095291.0,John Carter,Aarav,45,Rainy,Black,2026-09-03
M2005,Neon Nights,Mystery,Korean,USA,2018,,UA,5.6,778652,68.3,187000000.0,459168430.0,David Miller,Rahul,63,Cool,Black,2024-10-25
M0945,The Final Mission,,Malayalam,Canada,2002,154.0,R,6.1,2110,61.7,172000000.0,495607296.0,John Carter,Rahul,57,Sunny,Black,2025-07-09
M0200,Secret Agent,Fantasy,Tamil,USA,2015,170.0,U,6.1,35296,74.8,39000000.0,57032380.0,David Miller,Riya,50,Hot,Green,2025-06-26
M1433,Road to Victory 26,Comedy,Tamil,France,2002,137.0,U,7.6,65445,33.9,131000000.0,679729960.0,Arjun Rao,Ananya,28,Cool,Yellow,2024-07-02
M1353,The Forgotten Code,Sci-Fi,Tamil,Japan,2008,109.0,PG,6.7,456,70.3,5000000.0,13207828.0,M. Wilson,Sophia,64,Rainy,Blue,2025-01-26
M0802,Crimson Sky 92,Horror,Kannada,USA,2025,167.0,R,9.2,8147,97.5,6000000.0,21702898.0,Raj Mehta,Kiran,26,Cloudy,Yellow,2024-03-27
M2834,Road to Victory,Horror,Japanese,UK,1997,78.0,UA,4.2,1388,51.5,161000000.0,180978578.0,Priya Kumar,Meera,45,Cloudy,Green,2025-11-05
M2384,Starlight 34,,Hindi,Japan,1999,86.0,UA,7.5,2106,50.5,176000000.0,697390460.0,Raj Mehta,Ananya,33,Sunny,Yellow,2024-10-17
M3561,The Forgotten Code,Animation,Malayalam,Japan,2020,132.0,PG-13,3.7,6950,62.2,249000000.0,1175156683.0,Arjun Rao,Rahul,27,Sunny,Red,2024-03-19
M0232,Chasing Tomorrow,Crime,Japanese,India,2012,189.0,PG,8.0,139,54.7,24000000.0,80645528.0,David Miller,Alex,40,Rainy,Blue,2024-06-07
M2592,Kingdom of Ash 86,Animation,Hindi,India,2012,162.0,U,6.2,9149,52.5,21000000.0,34382087.0,Arjun Rao,Daniel,65,Cloudy,Black,2025-12-13
M2954,Hidden Truth,Crime,Korean,France,2021,190.0,R,4.8,178119,40.7,192000000.0,83527366.0,S. Varma,Alex,29,Rainy,Red,2026-05-27
M2510,Journey Home,Thriller,Hindi,France,2001,112.0,R,5.6,2455,100.0,155000000.0,809032419.0,S. Varma,Meera,29,Sunny,Black,2026-11-18
M2010,The Last Letter 52,Horror,Telugu,South Korea,1999,99.0,U,6.8,157416,77.5,88000000.0,272780332.0,David Miller,Kiran,34,Rainy,Black,2026-01-02
M3596,Love in Monsoon,Romance,Korean,France,2018,78.0,A,5.4,3084,90.3,40000000.0,163746753.0,John Carter,Sophia,25,Cool,Yellow,2024-04-05
M3097,After the Storm 99,Action,Hindi,Australia,2003,97.0,A,6.5,374995,86.5,31000000.0,88011222.0,M. Wilson,Vikram,51,Sunny,Red,2024-02-06
M1363,The Silent Witness 88,Romance,Korean,South Korea,1998,95.0,UA,8.0,37303,44.0,136000000.0,740161530.0,Arjun Rao,Sophia,52,Cloudy,Yellow,2026-09-27
M3469,Crimson Sky 27,Horror,Malayalam,Australia,2025,83.0,R,7.7,426558,78.4,229000000.0,188902890.0,Arjun Rao,Sophia,29,Rainy,Red,2026-11-17
M3237,Beyond the Valley,Horror,Telugu,South Korea,2004,144.0,PG-13,6.0,275166,87.2,46000000.0,159115078.0,Arjun Rao,Rahul,13,Rainy,Green,2024-05-04
M2035,Code Zero,Comedy,Kannada,Canada,2008,162.0,PG-13,6.8,457,42.6,107000000.0,92931604.0,Raj Mehta,Vikram,23,Hot,Red,2026-05-15
M0105,The Final Mission 63,Horror,Hindi,USA,2014,92.0,A,7.9,271,61.8,224000000.0,629644523.0,Arjun Rao,Vikram,30,Hot,Yellow,2024-07-03
M2701,A New Beginning 87,Romance,Korean,Canada,2015,156.0,U,6.2,139527,27.5,75000000.0,79242384.0,S. Varma,Ananya,28,Sunny,Yellow,2025-07-02
M3564,Echoes of Time,Horror,Malayalam,France,2006,95.0,A,5.1,2083,54.5,222000000.0,1218852396.0,John Carter,Meera,37,Rainy,Blue,2025-10-03
M3592,Wild Frontier,Thriller,Hindi,India,2015,95.0,A,5.6,238,29.9,243000000.0,352416726.0,M. Wilson,Riya,39,Cloudy,Yellow,2025-05-27
M1491,City of Dreams 97,Drama,Tamil,UK,1999,133.0,PG-13,6.0,43907,78.2,23000000.0,102511557.0,S. Varma,Riya,35,Sunny,Red,2024-11-09
M1374,A New Beginning,Animation,English,India,2011,169.0,PG-13,6.7,3891,31.3,178000000.0,966329657.0,Priya Kumar,Vikram,49,Cloudy,Black,2026-01-05
M2650,The Forgotten Code 19,Romance,English,USA,2019,119.0,UA,5.6,13783,52.8,209000000.0,543604438.0,M. Wilson,Daniel,38,Cool,Blue,2024-08-13
M2085,Kingdom of Ash 60,Romance,Malayalam,France,2015,181.0,R,6.3,111,79.0,117000000.0,209836562.0,David Miller,Daniel,45,Hot,Red,2024-12-26
M2852,The Final Mission,Adventure,Kannada,Japan,1997,101.0,U,9.0,60506,83.2,137000000.0,667811189.0,Raj Mehta,Alex,55,Cloudy,Green,2024-11-12
M2196,Rainy Day 65,Horror,Kannada,Japan,2014,,A,7.5,163,61.4,119000000.0,448508005.0,Raj Mehta,Sophia,33,Rainy,Black,2024-10-23
M1271,Kingdom of Ash,,Kannada,Canada,1997,111.0,R,7.6,43821,63.6,16000000.0,28774566.0,Arjun Rao,Alex,45,Sunny,Black,2025-07-26
M1511,Midnight Train,Sci-Fi,Korean,Japan,2021,90.0,PG,6.5,9199,21.0,101000000.0,189320445.0,John Carter,Rahul,55,Hot,Blue,2025-08-22
M2207,Midnight Train 10,Mystery,Tamil,Canada,2013,88.0,A,7.3,460663,75.8,174000000.0,84505003.0,S. Varma,Kiran,59,Rainy,Blue,2025-03-08
M1607,Ocean of Stars 46,Action,Tamil,France,2001,157.0,U,5.2,1103,61.6,44000000.0,127525241.0,David Miller,Aarav,22,Cloudy,Yellow,2026-10-20
M3545,Lost in Mumbai,Animation,Tamil,India,2007,113.0,A,9.2,269,62.9,98000000.0,248732699.0,Ananya Sen,Riya,43,Cool,Green,2024-02-08
M1899,City of Dreams,Romance,Malayalam,Australia,2024,85.0,U,6.2,3272,88.9,21000000.0,14850309.0,Priya Kumar,Rahul,43,Cloudy,Black,2025-12-11
M1378,Journey Home 61,Fantasy,Hindi,USA,2002,77.0,R,5.9,338,84.4,57000000.0,55394414.0,S. Varma,Meera,36,Sunny,Black,2025-03-25
M3057,Echoes of Time 8,Crime,Malayalam,France,2005,153.0,R,5.6,19910,54.3,6000000.0,9285226.0,David Miller,Riya,32,Hot,Blue,2025-02-27
M0995,Ocean of Stars 77,Action,Tamil,Canada,2017,128.0,PG-13,6.7,14462,40.2,141000000.0,454375429.0,M. Wilson,Aarav,35,Sunny,Yellow,2025-09-27
M0465,Ocean of Stars 63,Sci-Fi,English,Canada,2019,175.0,U,,1320,36.2,29000000.0,127661724.0,Raj Mehta,Kiran,50,Sunny,Black,2024-05-02
M1352,Neon Nights,Mystery,Hindi,Japan,2003,147.0,U,4.2,261,61.6,19000000.0,27851707.0,S. Varma,Daniel,17,Sunny,Yellow,2026-06-11
M1413,Lost in Mumbai 36,Mystery,Korean,India,2023,95.0,PG,7.7,34737,39.5,88000000.0,402154761.0,John Carter,Vikram,50,Cool,Blue,2025-05-21
M2923,City of Dreams,Horror,Kannada,India,2021,159.0,PG-13,5.6,550,75.1,249000000.0,1272502866.0,Arjun Rao,Alex,51,Hot,Yellow,2026-05-09
M2402,The Last Letter 47,Crime,Hindi,Australia,2009,123.0,R,5.1,9498,50.2,155000000.0,824905236.0,Ananya Sen,Alex,28,Sunny,Blue,2024-11-12
M3287,Midnight Train,Horror,Korean,Australia,2014,172.0,R,5.7,305,99.9,157000000.0,380805070.0,David Miller,Vikram,25,Rainy,Green,2024-01-09
M1408,Road to Victory,Adventure,Tamil,Japan,1999,87.0,UA,,33737,97.7,173000000.0,61464659.0,M. Wilson,Alex,59,Sunny,Yellow,2025-06-23
M0213,Echoes of Time,Comedy,English,Canada,2025,82.0,PG-13,7.0,1173,45.4,249000000.0,781148709.0,S. Varma,Sophia,42,Sunny,Yellow,2024-09-05
M1037,Family Ties 33,Sci-Fi,Tamil,Canada,2014,109.0,PG,7.0,547,89.6,208000000.0,835751320.0,David Miller,Vikram,27,Cloudy,Blue,2024-04-22
M3517,Rainy Day 50,Drama,Japanese,France,1995,97.0,UA,5.4,1081,50.3,149000000.0,204536917.0,Priya Kumar,Riya,31,Cool,Black,2025-10-28
M0901,Echoes of Time 12,Adventure,Hindi,France,1999,178.0,A,7.7,208866,27.3,242000000.0,306880297.0,Arjun Rao,Ananya,27,Cloudy,Red,2026-11-10
M2933,The Silent Witness 50,Comedy,Korean,South Korea,2007,135.0,A,5.2,668,45.2,15000000.0,24126836.0,John Carter,Rahul,50,Hot,Green,2025-11-17
M3183,Road to Victory 5,Mystery,Telugu,India,2024,139.0,A,6.7,176,54.7,42000000.0,184063443.0,Ananya Sen,Rahul,33,Sunny,Green,2026-06-13
M0742,Echoes of Time,Adventure,Malayalam,UK,2025,173.0,R,7.4,112735,94.1,144000000.0,602533304.0,Ananya Sen,Rahul,50,Sunny,Green,2024-01-16
M3195,Golden Promise 99,Crime,Malayalam,South Korea,2012,109.0,UA,7.4,2840,64.5,97000000.0,210425735.0,Raj Mehta,Sophia,29,Sunny,Blue,2026-03-25
M2820,Road to Victory 52,Drama,Telugu,USA,2014,135.0,PG-13,4.6,708,77.7,81000000.0,156666969.0,S. Varma,Aarav,46,Hot,Yellow,2025-11-11
M2383,Dream Catcher 54,Comedy,Malayalam,France,2024,103.0,A,9.3,399,80.1,43000000.0,155945349.0,Ananya Sen,Daniel,64,Cloudy,Red,2024-01-10
M0510,Rainy Day,Mystery,Telugu,USA,2007,174.0,A,5.0,24206,63.3,104000000.0,175512588.0,M. Wilson,Rahul,60,Cloudy,Yellow,2024-06-22
M0598,Rainy Day 50,Romance,English,Canada,1999,122.0,R,6.4,2725,77.1,128000000.0,65009580.0,M. Wilson,Sophia,21,Cloudy,Green,2026-01-17
M1540,Midnight Train,Drama,Telugu,Japan,2003,144.0,UA,5.1,443699,100.0,147000000.0,-500000.0,Ananya Sen,Ananya,24,Sunny,Red,2024-06-03
M0982,Golden Promise,Sci-Fi,Hindi,UK,2015,95.0,PG-13,8.7,1701,78.3,87000000.0,198680141.0,John Carter,Sophia,59,Cloudy,Red,2025-10-16
M1232,Code Zero 87,Comedy,Telugu,Canada,2012,80.0,PG,3.8,260,100.0,108000000.0,393405858.0,Arjun Rao,Daniel,51,Hot,Blue,2026-11-03
M3200,Chasing Tomorrow 94,Animation,Tamil,Australia,1995,161.0,PG-13,6.8,193,60.8,217000000.0,509450172.0,Ananya Sen,Aarav,56,Sunny,Yellow,2026-09-14
M0519,Family Ties 59,Crime,Tamil,Canada,2018,164.0,A,8.8,279,82.9,114000000.0,254715453.0,S. Varma,Aarav,34,Sunny,Blue,2026-12-14
M1510,Mystery Lake 66,Action,English,UK,2017,145.0,R,6.4,726521,98.5,94000000.0,46073950.0,John Carter,Daniel,25,Rainy,Red,2025-03-06
M0768,Kingdom of Ash,Drama,Korean,Australia,2014,158.0,R,7.3,669,23.0,228000000.0,1248720632.0,Arjun Rao,Riya,17,Cloudy,Yellow,2024-08-23
M2413,Starlight 38,Fantasy,Japanese,Canada,2018,138.0,A,5.9,3248,60.8,68000000.0,229912997.0,Priya Kumar,Kiran,32,Rainy,Yellow,2024-06-13
M0422,A New Beginning,Comedy,Tamil,India,2010,136.0,PG,8.9,25365,72.9,112000000.0,134011482.0,M. Wilson,Riya,49,Cool,Green,2025-11-10
M0124,Starlight,Crime,Telugu,UK,2014,143.0,R,8.7,10721,67.3,24000000.0,113197486.0,Priya Kumar,Alex,15,Sunny,Blue,2024-11-25
M1897,Chasing Tomorrow 72,Animation,Japanese,Canada,2019,150.0,A,8.1,19347,63.4,205000000.0,773509734.0,John Carter,Alex,54,Hot,Black,2026-07-14
M2574,Neon Nights 72,Crime,Korean,Australia,2000,137.0,UA,5.4,690,65.9,12000000.0,44136100.0,Raj Mehta,Riya,24,Cool,Green,2026-01-28
M0820,Code Zero 68,Horror,Hindi,Canada,2007,174.0,UA,6.1,23676,71.6,99000000.0,167266803.0,John Carter,Vikram,40,Cool,Black,2025-12-26
M0101,Beyond the Valley,Adventure,Hindi,France,2020,117.0,PG-13,7.1,192,54.9,209000000.0,952174387.0,,Aarav,36,Cloudy,Red,2024-06-25
M3197,Broken Compass,Adventure,Telugu,France,2019,109.0,UA,7.6,19217,59.4,163000000.0,218227207.0,Raj Mehta,Sophia,56,Cloudy,Green,2026-06-24
M3358,The Silent Witness,Thriller,Tamil,France,2015,110.0,A,6.9,109,95.9,131000000.0,493822525.0,Priya Kumar,Riya,41,Cool,Red,2026-08-22
M3482,Echoes of Time 93,Mystery,Malayalam,Canada,2017,177.0,PG,6.1,236,68.5,169000000.0,67762206.0,S. Varma,Ananya,39,Hot,Red,2026-08-04
M3196,Broken Compass 47,Action,Japanese,Australia,2024,168.0,UA,6.5,77531,61.8,194000000.0,830545327.0,Raj Mehta,Sophia,56,Rainy,Yellow,2024-01-08
M1104,After the Storm 11,,Telugu,Canada,2002,130.0,PG,9.1,964,69.5,246000000.0,631641969.0,Raj Mehta,Ananya,42,Hot,Yellow,2026-02-04
M3419,The Forgotten Code,Romance,Tamil,USA,2001,172.0,PG,5.0,170705,46.8,142000000.0,508953949.0,Arjun Rao,Rahul,38,Cool,Black,2025-11-10
M2686,Dream Catcher 53,Thriller,Korean,Australia,2005,118.0,A,6.1,278,58.3,193000000.0,394233424.0,Priya Kumar,Riya,57,Cloudy,Green,2024-08-12
M2908,Ocean of Stars 21,Comedy,Tamil,Japan,2008,162.0,U,5.5,24795,75.8,201000000.0,479060646.0,Arjun Rao,Riya,28,Rainy,Blue,2024-01-16
M1469,Shadow Protocol,Comedy,Telugu,USA,2003,170.0,PG,5.7,287,83.5,105000000.0,161237010.0,Raj Mehta,Meera,29,Cloudy,Red,2025-01-05
M1996,The Last Horizon,Horror,Japanese,USA,2010,147.0,PG,7.5,155836,61.9,149000000.0,493902322.0,,Riya,44,Sunny,Red,2024-06-14
M1994,The Great Escape 43,Comedy,Japanese,South Korea,1997,75.0,A,8.3,32560,46.3,105000000.0,206213417.0,John Carter,Rahul,49,Rainy,Green,2024-01-06
M3451,The Missing Piece 4,Fantasy,Kannada,France,2007,123.0,A,8.4,1078,73.1,165000000.0,216691278.0,Ananya Sen,Aarav,14,Sunny,Red,2024-08-12
M0983,The Great Escape 28,Horror,Tamil,Japan,1997,77.0,R,6.4,499,60.7,115000000.0,509084810.0,M. Wilson,Daniel,48,Cloudy,Yellow,2025-12-07
M0457,Beyond the Valley 50,,Japanese,India,2009,165.0,A,7.3,6373,83.1,146000000.0,347824176.0,John Carter,Meera,48,Hot,Red,2024-01-05
M2709,The Final Mission,Action,Japanese,USA,2001,119.0,U,6.0,14055,60.2,69000000.0,113002922.0,Raj Mehta,Meera,61,Rainy,Yellow,2026-06-01
M2585,After the Storm 64,Fantasy,English,Canada,2011,115.0,PG,8.1,194,28.1,42000000.0,47354294.0,John Carter,Rahul,41,Cool,Black,2024-12-01
M0382,Midnight Train 40,Horror,Kannada,France,2018,149.0,U,6.5,168,94.8,93000000.0,508969607.0,S. Varma,Kiran,17,Cloudy,Black,2024-02-23
M3388,Chasing Tomorrow,Adventure,Telugu,USA,1998,119.0,R,7.4,113524,94.7,69000000.0,286667239.0,M. Wilson,Alex,60,Sunny,Yellow,2025-10-26
M1578,Hidden Truth 73,Sci-Fi,Hindi,France,1998,163.0,R,8.3,4887,50.5,117000000.0,323642807.0,M. Wilson,Aarav,39,Hot,Red,2024-01-25
M2231,Rainy Day,Horror,Telugu,Canada,2003,114.0,A,6.6,336887,92.2,119000000.0,282290927.0,Arjun Rao,Rahul,58,Rainy,Yellow,2024-03-14
M1011,Golden Promise 53,Thriller,Tamil,USA,1999,84.0,UA,8.3,113,57.1,178000000.0,648223979.0,Raj Mehta,Aarav,14,Cloudy,Blue,2024-03-27
M2484,Hidden Truth,Mystery,Kannada,UK,2021,119.0,PG-13,5.9,124,79.4,131000000.0,292654239.0,Raj Mehta,Sophia,14,Hot,Green,2024-08-23
M1826,The Silent Witness,Action,Japanese,,2012,77.0,U,6.8,3027,58.7,99000000.0,285586784.0,David Miller,Daniel,63,Rainy,Black,2026-12-14
M0663,Broken Compass,Action,Japanese,South Korea,2000,75.0,A,4.9,56386,57.9,41000000.0,185761945.0,Ananya Sen,Daniel,58,Cloudy,Yellow,2024-03-08
M1415,After the Storm 81,Crime,Malayalam,France,2016,138.0,A,8.8,106,79.7,66000000.0,194468365.0,Arjun Rao,Kiran,25,Cool,Yellow,2025-02-14
M1345,Hidden Truth,Fantasy,English,UK,2010,125.0,PG,7.6,312,72.7,24000000.0,115030971.0,M. Wilson,Riya,61,Cool,Red,2024-07-02
M3292,Kingdom of Ash 84,Crime,Japanese,USA,2016,95.0,R,6.4,230,100.0,68000000.0,298585621.0,Ananya Sen,Sophia,27,Rainy,Yellow,2025-07-04
M1500,The Last Horizon,Sci-Fi,Tamil,South Korea,1999,134.0,UA,6.0,566228,59.8,64000000.0,286623151.0,,Alex,63,Cloudy,Yellow,2026-03-24
M2733,The Great Escape,Drama,Malayalam,USA,2022,143.0,PG-13,8.4,6648,40.1,131000000.0,589994715.0,S. Varma,Aarav,53,Cool,Green,2024-12-23
M2848,Echoes of Time,Sci-Fi,Malayalam,Japan,2016,139.0,A,6.9,2015,86.1,190000000.0,247343572.0,Arjun Rao,Alex,64,Sunny,Red,2026-08-18
M2769,Kingdom of Ash 32,Comedy,Telugu,Australia,2017,95.0,A,7.5,97232,100.0,36000000.0,167486722.0,Ananya Sen,Daniel,20,Cool,Red,2026-12-20
M2637,The Silent Witness 25,Animation,Malayalam,USA,2009,173.0,PG-13,5.9,179,72.3,29000000.0,155637908.0,John Carter,Alex,35,Sunny,Black,2026-12-11
M0846,Dream Catcher 61,Thriller,English,USA,2014,168.0,PG,5.6,471,66.5,224000000.0,719099085.0,M. Wilson,Sophia,16,Cool,Green,2025-07-11
M0543,The Last Letter 70,Crime,Kannada,France,2001,,PG-13,6.7,3196,74.0,213000000.0,426863001.0,Raj Mehta,Meera,14,Cloudy,Black,2024-07-01
M2469,Dream Catcher,Animation,Telugu,UK,2016,127.0,U,7.6,119,50.8,117000000.0,439338289.0,Raj Mehta,Aarav,42,Rainy,Blue,2025-01-25
M3350,Rainy Day,Action,Tamil,France,2015,159.0,UA,8.0,459751,80.8,77000000.0,61781079.0,Ananya Sen,Daniel,37,Hot,Yellow,2024-09-04
M1323,A New Beginning 98,Action,Korean,Canada,2008,182.0,R,5.8,4024,46.0,249000000.0,359038789.0,S. Varma,Vikram,18,Cool,Yellow,2025-06-12
M1197,Kingdom of Ash,Animation,Tamil,Japan,2005,158.0,PG-13,6.1,751,79.0,94000000.0,270143356.0,John Carter,Daniel,39,Sunny,Black,2026-11-15
M1103,Mystery Lake 62,Crime,Tamil,Canada,2016,182.0,A,6.7,7150,76.0,246000000.0,1219954010.0,Raj Mehta,Sophia,35,Hot,Red,2026-06-16
M2967,The Forgotten Code,Thriller,Tamil,Japan,2024,158.0,PG-13,5.4,150,100.0,81000000.0,19313467.0,Raj Mehta,Daniel,43,Sunny,Blue,2026-12-28
M1992,Chasing Tomorrow,Sci-Fi,English,UK,1999,174.0,UA,5.9,284,67.3,224000000.0,752934618.0,Arjun Rao,Rahul,49,Sunny,Yellow,2026-09-15
M3188,Family Ties,,Telugu,France,1997,,A,6.9,41947,77.6,167000000.0,121433459.0,David Miller,Ananya,29,Hot,Green,2026-06-10
M1534,Shadow Protocol,Fantasy,,South Korea,2007,148.0,PG,8.0,140816,64.6,58000000.0,12723950.0,S. Varma,Ananya,48,Sunny,Yellow,2024-10-02
M2269,Starlight 58,Thriller,Tamil,South Korea,2011,171.0,A,4.9,13031,84.9,139000000.0,95020074.0,Raj Mehta,Alex,65,Hot,Yellow,2025-10-07
M3478,Love in Monsoon 39,Adventure,Tamil,South Korea,1995,108.0,U,7.7,399357,78.8,101000000.0,221561183.0,Ananya Sen,Alex,42,Rainy,Black,2025-06-10
M1049,A New Beginning,Adventure,Korean,Australia,2020,137.0,R,7.4,4317,86.4,174000000.0,457193990.0,Priya Kumar,Alex,49,Hot,Green,2026-07-06
M2586,Digital Hearts,Mystery,Japanese,France,2012,158.0,A,7.1,511733,82.7,186000000.0,1021767783.0,John Carter,Aarav,34,Cool,Red,2025-06-23
M1554,The Silent Witness 29,Mystery,Kannada,Japan,2016,149.0,U,4.1,83586,97.0,200000000.0,917600451.0,S. Varma,Vikram,48,Rainy,Red,2024-06-01
M1923,Secret Agent 65,,Malayalam,USA,2006,85.0,UA,4.3,137,35.4,138000000.0,391819867.0,Arjun Rao,Ananya,36,Sunny,Yellow,2026-04-01
M3311,The Missing Piece 7,Adventure,Hindi,India,2018,78.0,U,5.0,51752,69.3,118000000.0,487088343.0,David Miller,Daniel,31,Cool,Blue,2025-07-20
M0238,Echoes of Time 98,Fantasy,Telugu,UK,2013,161.0,UA,6.2,7464,93.2,159000000.0,560598853.0,Ananya Sen,Vikram,15,Hot,Blue,2026-07-07
M2514,Code Zero,Romance,Korean,Japan,1995,112.0,U,7.1,1660,40.8,11000000.0,12590989.0,M. Wilson,Sophia,38,Cool,Red,2025-12-19
M1868,A New Beginning,Adventure,Hindi,Japan,2014,157.0,PG-13,3.8,5629,68.9,59000000.0,318448698.0,David Miller,Vikram,62,Cool,Blue,2026-11-06
M1134,Secret Agent,Crime,Tamil,France,2014,90.0,A,5.8,98195,59.8,246000000.0,1309028429.0,Priya Kumar,Vikram,16,Sunny,Green,2026-02-26
M2572,The Silent Witness 5,Comedy,Korean,Canada,2020,75.0,U,7.6,7004,86.4,24000000.0,119249423.0,Priya Kumar,Vikram,14,Sunny,Red,2024-10-04
M2491,The Great Escape 31,Adventure,Malayalam,Canada,1996,102.0,R,6.9,11618,37.7,34000000.0,164691845.0,John Carter,Daniel,22,Hot,Yellow,2026-06-05
M0164,Parallel Worlds 38,Action,Korean,UK,1995,142.0,U,7.2,612,56.8,185000000.0,197464651.0,Arjun Rao,Kiran,22,Rainy,Red,2026-09-09
M2947,Dream Catcher 41,Thriller,Telugu,South Korea,2015,98.0,UA,6.3,534,27.3,200000000.0,714524974.0,Priya Kumar,Aarav,16,Hot,Yellow,2025-02-14
M0253,Chasing Tomorrow 76,Thriller,Japanese,USA,2022,114.0,PG,6.6,2848,49.0,108000000.0,170283065.0,Raj Mehta,Alex,50,Cool,Blue,2025-04-17
M1978,The Last Horizon,Fantasy,Tamil,Japan,2017,173.0,R,7.2,72143,65.6,219000000.0,945601673.0,S. Varma,Sophia,48,Rainy,Black,2024-09-06
M2177,Mystery Lake 10,Horror,Korean,France,2018,175.0,UA,9.8,410480,75.4,172000000.0,622697070.0,David Miller,Ananya,16,Hot,Blue,2026-07-11
M2972,Love in Monsoon 49,Animation,English,USA,2012,180.0,PG-13,7.2,439975,75.0,202000000.0,276070557.0,M. Wilson,Sophia,35,Hot,Blue,2026-03-13
M0931,Secret Agent 71,Mystery,Kannada,India,2020,187.0,PG-13,7.2,316,46.2,131000000.0,427847348.0,Raj Mehta,Sophia,50,Sunny,Blue,2026-02-17
M3129,After the Storm,Romance,Hindi,Japan,2008,135.0,R,8.5,12512,45.6,54000000.0,145097903.0,Priya Kumar,Rahul,44,Hot,Yellow,2025-10-15
M1420,The Last Horizon 29,Action,Kannada,France,2020,122.0,R,8.4,39057,65.3,235000000.0,468437177.0,S. Varma,Riya,50,Cool,Green,2026-04-01
M1736,Rainy Day 84,Drama,Hindi,Japan,2007,90.0,A,7.7,1006,74.0,201000000.0,62474903.0,Raj Mehta,Riya,58,Rainy,Blue,2025-04-11
M1484,The Great Escape,,Telugu,South Korea,2016,152.0,UA,5.8,336,42.3,143000000.0,253072370.0,Raj Mehta,Ananya,53,Cloudy,Blue,2024-06-07
M3465,Wild Frontier 65,Fantasy,Japanese,South Korea,2022,128.0,R,8.0,13312,76.3,40000000.0,14825641.0,John Carter,Vikram,24,Rainy,Blue,2024-11-10
M2014,Code Zero 13,Crime,Kannada,France,2023,84.0,PG,6.8,131,31.4,235000000.0,211169820.0,Ananya Sen,Alex,62,Cool,Red,2026-08-19
M2011,The Final Mission 73,Horror,Malayalam,Australia,2020,123.0,A,6.7,17636,61.3,,1157630712.0,Ananya Sen,Riya,20,Cool,Yellow,2024-05-06
M1091,After the Storm,Romance,Hindi,Japan,2000,150.0,UA,5.4,92397,35.5,241000000.0,480979234.0,David Miller,Alex,57,Sunny,Blue,2025-04-24
M2900,Love in Monsoon 46,Thriller,English,France,1997,129.0,UA,6.1,460,42.5,241000000.0,183984425.0,M. Wilson,Kiran,54,Cool,Blue,2026-09-24
M1624,Hidden Truth 7,Sci-Fi,Korean,Canada,1996,117.0,PG,6.7,2637,40.3,238000000.0,854122032.0,Raj Mehta,Sophia,15,Rainy,Yellow,2026-02-21
M1182,Echoes of Time,Mystery,Hindi,South Korea,2025,154.0,U,8.2,414766,33.7,69000000.0,365624793.0,Raj Mehta,Sophia,24,Hot,Black,2026-09-04
M0594,Lost in Mumbai 82,Romance,Tamil,France,2008,140.0,PG,7.6,6972,42.2,28000000.0,136215259.0,Arjun Rao,Ananya,26,Sunny,Green,2025-03-01
M0678,Shadow Protocol 46,Horror,Telugu,South Korea,2010,92.0,PG,6.5,75863,46.5,236000000.0,928456678.0,David Miller,Kiran,39,Rainy,Red,2024-01-24
M0042,Ocean of Stars,Mystery,Tamil,USA,2025,166.0,R,5.8,406595,58.6,51000000.0,247344827.0,John Carter,Alex,64,Sunny,Yellow,2024-06-18
M2639,Golden Promise,Adventure,Korean,Australia,1997,122.0,PG-13,6.7,4762,95.3,44000000.0,11371749.0,Priya Kumar,Sophia,29,Hot,Blue,2024-09-19
M2178,City of Dreams,Romance,Hindi,France,2014,107.0,U,7.7,115736,62.2,133000000.0,167586288.0,David Miller,Vikram,41,Cloudy,Red,2024-01-07
M1507,Shadow Protocol 23,Animation,Japanese,India,2011,96.0,PG,5.8,436,55.0,181000000.0,309779501.0,David Miller,Meera,51,Sunny,Red,2025-02-14
M3234,Code Zero 61,Comedy,Tamil,Japan,2013,97.0,R,7.5,22497,46.0,18000000.0,21204643.0,David Miller,Kiran,32,Cloudy,Green,2026-08-01
M0244,Golden Promise,Sci-Fi,Telugu,India,2020,95.0,UA,5.4,738958,72.6,17000000.0,24273620.0,Ananya Sen,Ananya,16,Rainy,Blue,2025-01-12
M1125,The Silent Witness 84,Mystery,Malayalam,France,2016,112.0,A,4.2,391682,58.6,186000000.0,49032584.0,David Miller,Aarav,28,Hot,Red,2025-12-24
M1346,Shadow Protocol 14,Horror,Tamil,UK,1998,76.0,R,5.6,4663,70.0,126000000.0,132622503.0,Arjun Rao,Meera,55,Hot,Green,2026-05-25
M3345,Digital Hearts,Fantasy,Tamil,France,2003,103.0,R,9.8,558,71.0,188000000.0,309945596.0,Raj Mehta,Alex,16,Cool,Green,2025-06-08
M3427,Rainy Day 29,Horror,Malayalam,Japan,2010,116.0,A,6.3,168,63.6,219000000.0,1037642459.0,M. Wilson,Alex,42,Sunny,Black,2026-12-02
M0262,Starlight,Comedy,Malayalam,USA,2021,190.0,U,7.3,176967,57.1,27000000.0,78018632.0,M. Wilson,Ananya,51,Rainy,Green,2026-04-12
M1331,  CODE ZERO  ,Thriller,Korean,France,2008,122.0,R,6.9,156,64.2,145000000.0,144205261.0,S. Varma,Riya,40,Rainy,Green,2024-02-06
M3390,City of Dreams,Action,Hindi,France,2001,175.0,PG-13,6.8,167,73.8,102000000.0,527083861.0,Raj Mehta,Riya,61,Sunny,Green,2026-04-24
M2430,Mystery Lake 26,Horror,Telugu,USA,1997,81.0,A,7.1,36834,42.5,114000000.0,140388953.0,Arjun Rao,Vikram,13,Rainy,Red,2025-11-04
M0835,Code Zero,Thriller,Kannada,Japan,2008,168.0,PG,8.3,87582,80.5,103000000.0,336070758.0,S. Varma,Daniel,15,Rainy,Yellow,2024-07-14
M2801,Code Zero,Sci-Fi,English,UK,2011,148.0,U,5.5,443,29.8,50000000.0,64079360.0,Ananya Sen,Rahul,61,Cool,Yellow,2025-02-12
M1393,The Silent Witness 38,Comedy,Hindi,Japan,1995,158.0,PG,8.2,26199,21.2,95000000.0,353067388.0,Ananya Sen,Aarav,22,Cool,Green,2025-11-23
M2744,The Silent Witness,Fantasy,English,UK,2009,125.0,R,6.4,551030,96.7,35000000.0,55379963.0,Priya Kumar,Daniel,28,Sunny,Black,2026-04-19
M2999,Journey Home 28,Sci-Fi,Kannada,Canada,2013,111.0,U,8.1,160,63.2,223000000.0,1095480430.0,John Carter,Sophia,57,Cool,Green,2025-07-18
M0341,The Great Escape,,Tamil,USA,2015,113.0,UA,5.6,136233,42.9,51000000.0,155935293.0,S. Varma,Sophia,13,Rainy,Green,2026-02-13
M3049,The Silent Witness,Fantasy,Malayalam,France,2015,148.0,UA,7.7,270444,77.2,233000000.0,1204543627.0,David Miller,Rahul,45,Cool,Black,2025-04-03
M0749,The Last Horizon 17,Animation,Hindi,Canada,2001,89.0,UA,6.3,349442,36.9,18000000.0,51973490.0,Arjun Rao,Meera,14,Cool,Black,2025-01-04
M1585,Starlight 2,romance,Japanese,India,2023,183.0,U,7.6,348265,100.0,168000000.0,142657453.0,M. Wilson,Aarav,51,Rainy,Black,2026-05-02
M0481,Broken Compass 66,Mystery,Kannada,UK,2020,137.0,PG-13,7.3,29861,64.5,26000000.0,22599281.0,John Carter,Sophia,40,Rainy,Black,2026-02-27
M3498,Beyond the Valley,Mystery,Kannada,Australia,2024,75.0,PG-13,8.7,2851,80.4,198000000.0,752851855.0,Priya Kumar,Ananya,63,Cloudy,Black,08-21-2025
M2087,Shadow Protocol,Fantasy,,Australia,2003,148.0,U,6.5,6364,73.0,52000000.0,161744090.0,S. Varma,Aarav,36,Cloudy,Yellow,2026-02-16
M1964,Echoes of Time,Crime,Malayalam,India,2013,97.0,PG,7.0,5170,75.7,244000000.0,106840130.0,S. Varma,Ananya,32,Sunny,Green,2024-06-19
M0784,Digital Hearts 55,Romance,Telugu,Canada,2015,136.0,PG,6.5,189,50.1,155000000.0,204166532.0,David Miller,Alex,29,Cloudy,Green,2025-02-03
M3114,Chasing Tomorrow 64,Sci-Fi,Malayalam,,2002,124.0,A,7.3,20623,45.2,201000000.0,168822567.0,John Carter,Vikram,59,Hot,Blue,2026-10-15
M1564,Wild Frontier,Romance,Malayalam,South Korea,2023,171.0,UA,6.6,143,100.0,9000000.0,48752158.0,Raj Mehta,Daniel,40,Sunny,Black,2025-06-04
M3334,Broken Compass 68,Thriller,English,Canada,2014,187.0,UA,6.6,199,58.0,138000000.0,314999562.0,Arjun Rao,Meera,41,Cloudy,Yellow,2026-02-04
M2916,After the Storm,Horror,Japanese,Japan,2010,136.0,UA,6.2,1446,95.0,152000000.0,409468221.0,,Riya,36,Hot,Green,2024-06-28
M1801,Wild Frontier 53,Sci-Fi,Japanese,France,2007,121.0,A,6.2,133981,62.5,182000000.0,619385641.0,Raj Mehta,Alex,52,Hot,Yellow,2024-04-10
M2277,Hidden Truth 85,Comedy,Malayalam,USA,2024,122.0,UA,5.5,143,81.9,144000000.0,336285326.0,S. Varma,Sophia,15,Cloudy,Green,2024-10-04
M3567,The Silent Witness,Horror,Korean,South Korea,2019,93.0,UA,9.8,294295,80.7,76000000.0,168492038.0,Priya Kumar,Daniel,51,Hot,Yellow,2024-07-09
M2755,Journey Home,Sci-Fi,Hindi,France,2017,95.0,A,4.2,510,60.9,29000000.0,43372304.0,S. Varma,Riya,33,Rainy,Black,2025-04-05
M2399,Journey Home,Action,Kannada,Australia,2002,103.0,R,6.4,8478,37.8,107000000.0,52713916.0,Priya Kumar,Daniel,25,Hot,Blue,2024-10-27
M2575,Dream Catcher 42,Sci-Fi,English,India,2025,106.0,R,8.2,510222,57.4,26000000.0,116216768.0,Raj Mehta,Riya,54,Cool,Blue,2025-07-28
M1495,Secret Agent,Sci-Fi,Kannada,France,2011,125.0,UA,6.9,38173,80.2,217000000.0,1082254992.0,David Miller,Daniel,17,Cool,Black,2025-09-15
M1272,After the Storm,Romance,Kannada,South Korea,2019,173.0,PG,6.1,230,46.3,220000000.0,211750048.0,Priya Kumar,Riya,15,Sunny,Red,2026-01-15
M1676,Echoes of Time,Mystery,Japanese,France,2011,77.0,U,5.1,213,80.4,221000000.0,183902909.0,David Miller,Ananya,50,Hot,Blue,2024-02-21
M1128,The Missing Piece 4,Romance,Hindi,Japan,2004,140.0,UA,3.4,196,52.4,148000000.0,112872181.0,David Miller,Daniel,34,Rainy,Black,2026-12-02
M0627,Journey Home,Action,Kannada,USA,2001,177.0,R,6.4,108,65.0,192000000.0,401713060.0,David Miller,Rahul,40,Rainy,Blue,2024-06-16
M0348,Family Ties 91,Crime,Malayalam,India,2021,124.0,A,5.9,24250,51.7,169000000.0,401958200.0,Ananya Sen,Alex,58,Sunny,Blue,2024-11-16
M1546,The Last Letter 31,Comedy,Japanese,Japan,1999,98.0,UA,6.4,16233,67.5,102000000.0,433037229.0,S. Varma,Vikram,40,Cloudy,Black,2025-03-22
M2324,Journey Home 34,Fantasy,Telugu,USA,2004,98.0,A,7.8,100779,43.6,192000000.0,287497814.0,Raj Mehta,Riya,13,Cool,Black,2024-07-25
M1808,Golden Promise 44,Thriller,Telugu,Australia,2019,141.0,R,6.7,45687,71.1,37000000.0,19859355.0,David Miller,Daniel,13,Sunny,Blue,2026-12-22
M0980,Family Ties 40,Animation,Malayalam,Canada,2005,100.0,UA,8.2,4011,92.7,6000000.0,16770681.0,M. Wilson,Alex,59,Hot,Black,2025-03-16
M3127,Code Zero 53,Crime,Telugu,USA,2018,130.0,PG-13,5.3,56362,15.4,164000000.0,301247038.0,Arjun Rao,Aarav,34,Sunny,Black,2024-10-15
M1673,Lost in Mumbai,Adventure,Japanese,India,2020,172.0,R,8.3,1298,73.1,110000000.0,161460064.0,John Carter,Meera,41,Cool,Green,2026-05-03
M0912,Echoes of Time 20,Mystery,Malayalam,Japan,1998,167.0,U,8.1,585684,39.9,190000000.0,88769691.0,Arjun Rao,Kiran,32,Cool,Blue,2026-10-16
M3454,Lost in Mumbai 65,Sci-Fi,Telugu,Canada,2014,110.0,R,6.3,13561,80.1,224000000.0,878973571.0,Ananya Sen,Rahul,59,Cool,Yellow,2024-03-25
M0633,The Silent Witness 34,Action,Hindi,USA,2013,101.0,PG-13,4.5,118542,85.2,168000000.0,257091631.0,John Carter,Sophia,47,Rainy,Black,2026-01-08
M1972,City of Dreams 46,Crime,English,India,2021,124.0,U,7.5,67489,84.2,26000000.0,101400512.0,M. Wilson,Aarav,37,Hot,Yellow,2026-05-19
M0446,The Silent Witness 91,Drama,Japanese,UK,2004,84.0,UA,6.5,1151,72.3,28000000.0,118294702.0,Raj Mehta,Daniel,39,Cool,Red,2025-06-14
M0618,After the Storm,Fantasy,Telugu,Australia,2020,86.0,U,6.6,141142,57.9,78000000.0,205625457.0,M. Wilson,Kiran,28,Rainy,Red,2024-11-23
M1815,The Forgotten Code 46,Mystery,Tamil,Canada,2002,84.0,U,6.0,2942,12.6,213000000.0,452604201.0,S. Varma,Meera,25,Cool,Black,2026-09-10
M1850,Starlight 81,Drama,Telugu,USA,1997,170.0,PG-13,6.7,80414,87.2,14000000.0,48762824.0,Ananya Sen,Rahul,49,Sunny,Green,2025-04-22
M2562,Journey Home,Drama,Kannada,India,1999,114.0,U,7.7,13793,65.3,229000000.0,1202671578.0,John Carter,Alex,38,Rainy,Yellow,2025-01-15
M3095,Neon Nights 93,Adventure,Japanese,Australia,1998,182.0,PG,5.7,558108,45.3,51000000.0,112667141.0,Ananya Sen,Kiran,63,Rainy,Blue,2026-10-03
M3452,Secret Agent,Action,Malayalam,Australia,1995,153.0,U,7.7,45490,85.8,52000000.0,162706090.0,David Miller,Kiran,15,Rainy,Red,2025-02-09
M3085,Love in Monsoon,Thriller,Japanese,Australia,2001,181.0,A,5.3,44716,73.7,77000000.0,326935892.0,S. Varma,Kiran,45,Hot,Red,2026-08-03
M1399,The Missing Piece 96,Sci-Fi,Korean,South Korea,2002,181.0,PG,7.1,94381,90.1,81000000.0,322551642.0,John Carter,Riya,51,Hot,Red,2024-05-22
M1826,The Silent Witness,Action,Japanese,,2012,77.0,U,6.8,3027,58.7,99000000.0,285586784.0,David Miller,Daniel,63,Rainy,Black,2026-12-14
M2895,Lost in Mumbai,Thriller,Malayalam,Australia,1998,164.0,A,7.1,3765,77.0,173000000.0,825316574.0,M. Wilson,Ananya,28,Cloudy,Red,2025-11-27
M0354,Lost in Mumbai 90,Thriller,Telugu,USA,2004,103.0,U,6.1,20907,37.6,55000000.0,155807539.0,M. Wilson,Sophia,22,Rainy,Green,2025-10-08
M1233,Family Ties,Crime,Malayalam,UK,2024,95.0,PG-13,7.0,27768,68.5,131000000.0,78466012.0,S. Varma,Kiran,45,Rainy,Black,2026-07-19
M0614,Chasing Tomorrow 45,Horror,Tamil,Japan,2005,152.0,R,5.8,381091,39.8,110000000.0,191364126.0,S. Varma,Rahul,52,Sunny,Green,2025-02-01
M1830,Digital Hearts,Horror,Korean,UK,2004,146.0,PG,7.7,619,100.0,190000000.0,493032127.0,M. Wilson,Ananya,40,Hot,Green,2026-06-08
M2640,Mystery Lake,Comedy,Malayalam,France,2010,172.0,PG,7.0,620,79.0,125000000.0,634237265.0,,Alex,56,Rainy,Black,2025-03-25
M2595,The Last Letter 19,Horror,Tamil,UK,2011,186.0,U,5.8,6487,40.7,42000000.0,214789118.0,Priya Kumar,Alex,54,Rainy,Yellow,2025-09-19
M3166,Beyond the Valley,Sci-Fi,Hindi,Canada,2003,117.0,PG,6.0,766,50.4,27000000.0,61945837.0,Raj Mehta,Vikram,23,Cool,Red,2024-10-21
M3058,Digital Hearts,Fantasy,,India,2007,181.0,A,6.7,35278,30.9,86000000.0,72490684.0,Ananya Sen,Daniel,23,Cool,Yellow,2024-08-23
M3415,Dream Catcher 85,Fantasy,Japanese,UK,1996,169.0,A,4.3,6697,54.1,79000000.0,146189776.0,S. Varma,Alex,40,Cloudy,Blue,2024-04-12
M0058,The Last Horizon,Animation,Japanese,France,2007,185.0,U,7.4,576893,63.5,132000000.0,623165415.0,Ananya Sen,Kiran,36,Cool,Black,2026-08-25
M2017,The Last Horizon 12,Adventure,English,UK,2011,75.0,PG-13,5.7,2085,78.2,121000000.0,325511877.0,M. Wilson,Daniel,34,Sunny,Red,2024-03-22
M2241,The Great Escape 54,Thriller,Korean,UK,2001,181.0,U,8.1,170378,57.4,147000000.0,327658340.0,Raj Mehta,Aarav,25,Hot,Blue,2026-10-27
M2662,The Forgotten Code 94,Comedy,Korean,Japan,2008,109.0,PG,5.9,83920,63.1,148000000.0,472921902.0,S. Varma,Sophia,21,Cool,Red,2024-12-26
M1254,Love in Monsoon 66,Thriller,Korean,India,2000,110.0,U,8.4,1884,70.8,182000000.0,373638049.0,Raj Mehta,Riya,43,Cool,Yellow,2025-08-23
M3031,Rainy Day 93,Drama,Malayalam,Japan,2017,110.0,R,5.9,496259,69.5,76000000.0,132706381.0,M. Wilson,Kiran,40,Hot,Green,2026-01-10
M2710,City of Dreams,Mystery,English,France,2000,106.0,PG,7.1,271,66.3,170000000.0,225124984.0,M. Wilson,Riya,29,Cool,Green,2024-04-22
M2128,Road to Victory,Thriller,Tamil,Australia,2011,158.0,PG,4.9,63412,42.4,27000000.0,111697756.0,Ananya Sen,Aarav,58,Cool,Blue,2026-01-16
M2844,Secret Agent 21,Horror,Japanese,Canada,2003,116.0,U,6.6,563,80.1,67000000.0,109533651.0,David Miller,Sophia,27,Hot,Blue,2024-08-13
M2149,The Missing Piece,Adventure,English,USA,2000,163.0,UA,5.4,3581,57.8,170000000.0,556551006.0,S. Varma,Alex,48,Sunny,Green,2025-07-23
M1748,Beyond the Valley,Animation,Hindi,South Korea,2005,186.0,A,6.4,164,57.8,195000000.0,243768121.0,M. Wilson,Kiran,39,Hot,Green,2026-11-05
M1533,Midnight Train,Mystery,English,India,2009,188.0,A,8.0,426476,63.2,200000000.0,446581434.0,Ananya Sen,Ananya,24,Hot,Black,2024-05-09
M0561,Hidden Truth,Thriller,Korean,France,2008,83.0,U,6.8,48332,57.2,27000000.0,108819365.0,S. Varma,Ananya,51,Cool,Blue,2025-07-15
M0708,Echoes of Time 92,Animation,Hindi,France,2015,173.0,U,7.8,150524,71.8,152000000.0,582344200.0,David Miller,Meera,53,Cloudy,Red,2024-11-08
M3324,Wild Frontier,Sci-Fi,Korean,South Korea,2010,106.0,PG-13,8.3,3149,73.7,137000000.0,370005184.0,Arjun Rao,Riya,15,Cloudy,Blue,2024-10-21
M0425,Ocean of Stars,Mystery,Malayalam,Australia,2002,137.0,PG-13,5.7,1558,56.3,100000000.0,484624903.0,M. Wilson,Aarav,15,Cloudy,Blue,2025-12-02
M1094,The Final Mission,Crime,Telugu,USA,2013,99.0,R,4.5,566264,47.2,192000000.0,491081835.0,Ananya Sen,Vikram,58,Sunny,Red,2024-12-02
M0648,Neon Nights 3,Comedy,,Australia,2006,188.0,UA,7.6,78648,42.0,185000000.0,868881084.0,Arjun Rao,Kiran,45,Rainy,Black,2024-08-01
M0073,A New Beginning,Animation,Kannada,USA,2019,103.0,PG,5.8,125,62.7,221000000.0,1171750088.0,Raj Mehta,Daniel,47,Sunny,Black,2025-11-24
M2272,The Missing Piece 28,Horror,Malayalam,France,2009,83.0,PG-13,6.0,10015,49.1,2000000.0,3904368.0,John Carter,Rahul,40,Sunny,Green,2026-01-07
M1581,The Silent Witness 93,Adventure,Tamil,USA,2007,150.0,R,7.3,108,59.5,75000000.0,95056143.0,Ananya Sen,Sophia,32,Cool,Blue,2024-05-12
M1445,Broken Compass 49,Comedy,Kannada,India,2008,129.0,R,6.8,512744,36.9,150000000.0,334969187.0,M. Wilson,Aarav,62,Cloudy,Red,2024-11-13
M1006,The Great Escape,Horror,Telugu,Japan,2010,144.0,R,6.4,84483,91.2,42000000.0,211643030.0,Priya Kumar,Rahul,24,Cool,Black,2025-08-12
M0621,Chasing Tomorrow,Romance,Hindi,Japan,1997,89.0,UA,6.3,561582,76.8,23000000.0,28605243.0,Priya Kumar,Rahul,49,Sunny,Green,2024-10-18
M3147,Lost in Mumbai 55,Crime,Telugu,Canada,2013,119.0,UA,7.9,10881,9.7,64000000.0,195776133.0,Raj Mehta,Meera,23,Cloudy,Yellow,2025-02-28
M2322,City of Dreams,Mystery,Malayalam,UK,2019,179.0,PG,6.4,61160,70.4,143000000.0,358617042.0,M. Wilson,Vikram,25,Rainy,Yellow,2026-01-22
M0554,Broken Compass 83,Sci-Fi,Hindi,South Korea,2023,165.0,PG-13,7.3,7705,64.4,181000000.0,864601138.0,M. Wilson,Vikram,48,Rainy,Yellow,2026-11-20
M1553,Road to Victory 43,Adventure,Korean,Australia,2001,181.0,UA,7.3,172,39.5,190000000.0,454235857.0,S. Varma,Vikram,14,Cool,Green,2025-08-05
M1588,Dream Catcher,Comedy,Hindi,France,2025,147.0,PG-13,6.4,41702,29.4,48000000.0,50859449.0,Raj Mehta,Rahul,50,Sunny,Yellow,2025-02-06
M3226,Mystery Lake,Mystery,Tamil,Canada,2006,156.0,PG-13,6.2,222,51.7,247000000.0,405132891.0,John Carter,Riya,38,Rainy,Yellow,2026-01-14
M2058,Crimson Sky 73,Fantasy,Hindi,UK,2016,100.0,PG,8.1,145987,93.7,26000000.0,11366747.0,Arjun Rao,Sophia,31,Cool,Black,2026-03-01
M2330,Crimson Sky,Fantasy,Malayalam,Canada,2001,119.0,R,7.0,1888,44.5,129000000.0,328331311.0,Ananya Sen,Rahul,30,Cloudy,Black,2024-03-13
M0999,The Last Horizon 25,Horror,Tamil,Australia,2011,78.0,R,5.4,1047,64.3,80000000.0,193698176.0,S. Varma,Sophia,42,Hot,Yellow,2024-08-16
M3211,Shadow Protocol 60,Drama,English,South Korea,2003,90.0,PG,6.1,24370,73.5,140000000.0,205682866.0,Raj Mehta,Riya,54,Sunny,Black,2024-12-12
M2814,The Missing Piece 69,Fantasy,Malayalam,Japan,2014,131.0,R,4.7,88099,63.3,166000000.0,668089753.0,Priya Kumar,Meera,20,Rainy,Blue,2026-10-18
M1727,Parallel Worlds,Action,Hindi,Canada,2019,166.0,UA,8.7,37479,49.4,64000000.0,224698467.0,Ananya Sen,Daniel,30,Rainy,Black,2026-07-27
M3325,Dream Catcher 36,Romance,English,France,2018,92.0,PG,6.5,12213,85.6,179000000.0,54958923.0,M. Wilson,Meera,52,Cool,Red,2026-07-15
M1892,Echoes of Time 50,Sci-Fi,Telugu,Canada,2003,158.0,A,8.0,1763,87.5,162000000.0,248940982.0,S. Varma,Ananya,25,Cloudy,Yellow,2026-10-08
M3369,Shadow Protocol 72,Fantasy,Tamil,Australia,2020,134.0,PG-13,6.7,2929,46.1,27000000.0,88062859.0,Arjun Rao,Sophia,39,Sunny,Black,2024-02-24
M2116,The Last Horizon,Thriller,Hindi,USA,2017,96.0,A,8.0,462834,33.3,133000000.0,500112938.0,Raj Mehta,Sophia,65,Sunny,Yellow,2025-10-19
M2507,Road to Victory 85,Horror,Japanese,Japan,1996,131.0,A,5.1,13828,59.0,132000000.0,107591000.0,Priya Kumar,Aarav,50,Cloudy,Yellow,2024-05-11
M0441,City of Dreams,Fantasy,Telugu,France,2013,170.0,UA,7.4,6142,54.3,150000000.0,413960253.0,Priya Kumar,Meera,58,Sunny,Blue,2025-12-11
M0509,Hidden Truth,Animation,Korean,USA,2015,111.0,PG,6.3,619411,51.2,83000000.0,162359548.0,John Carter,Vikram,28,Hot,Blue,2024-04-06
M1101,Love in Monsoon 38,Thriller,Tamil,UK,1997,147.0,R,7.5,13486,50.3,246000000.0,315259149.0,M. Wilson,Kiran,13,Rainy,Blue,2025-12-25
M0590,Code Zero,Drama,Telugu,India,2017,131.0,PG-13,7.6,154,89.1,36000000.0,75897628.0,Arjun Rao,Vikram,31,Sunny,Yellow,2026-07-06
M2460,The Great Escape 7,Action,Malayalam,France,1998,80.0,U,7.6,98219,57.5,106000000.0,224672025.0,Arjun Rao,Aarav,53,Cloudy,Blue,2024-02-08
M0650,Mystery Lake,Action,Kannada,Canada,2009,95.0,U,6.2,2804,74.2,36000000.0,179290189.0,Ananya Sen,Daniel,15,Rainy,Black,2025-12-11
M3312,Beyond the Valley 96,Animation,Japanese,South Korea,2015,113.0,R,5.8,734344,40.0,242000000.0,528431606.0,Raj Mehta,Aarav,30,Cloudy,Yellow,2024-01-22
M2118,The Last Letter,Romance,Kannada,South Korea,2012,99.0,R,8.1,4295,56.9,117000000.0,296774255.0,Raj Mehta,Daniel,44,Hot,Red,2025-12-28
M3504,The Great Escape,Thriller,Malayalam,South Korea,2024,178.0,PG,7.7,1824,67.5,175000000.0,374133105.0,David Miller,Aarav,41,Cloudy,Blue,2025-02-26
M2716,Echoes of Time,Animation,Kannada,India,2013,150.0,UA,6.7,24176,57.3,69000000.0,57409786.0,Ananya Sen,Aarav,46,Hot,Green,2024-05-18
M2668,Digital Hearts,Adventure,Tamil,USA,1995,190.0,U,6.3,1213,72.8,220000000.0,428565233.0,David Miller,Aarav,61,Cool,Yellow,2025-07-28
M0661,Code Zero 66,Action,Telugu,South Korea,2024,130.0,R,6.8,3056,78.4,18000000.0,19153571.0,David Miller,Daniel,15,Cool,Blue,2026-04-24
M0631,Love in Monsoon 93,Animation,Telugu,France,2004,148.0,R,7.7,752945,61.4,33000000.0,14454986.0,Raj Mehta,Rahul,48,Cool,Yellow,2025-02-17
M1862,Neon Nights 65,Comedy,Tamil,Australia,2007,180.0,PG,5.2,38670,66.2,30000000.0,141553659.0,Arjun Rao,Kiran,45,Hot,Red,2025-04-19
M1250,Wild Frontier,Fantasy,Japanese,Japan,2020,114.0,PG-13,7.5,155,78.6,81000000.0,378412770.0,Raj Mehta,Alex,41,Cloudy,Green,2024-04-26
M1455,Dream Catcher 98,Crime,Tamil,Japan,2003,161.0,UA,6.6,40963,60.8,70000000.0,343548984.0,Raj Mehta,Alex,39,Cool,Blue,2025-08-13
M0483,Wild Frontier 11,Mystery,Malayalam,South Korea,2020,142.0,PG,7.2,770,59.8,122000000.0,565630791.0,Priya Kumar,Ananya,39,Hot,Green,2026-09-15
M1658,Code Zero 2,Action,English,France,1998,97.0,PG-13,8.4,14985,45.4,66000000.0,102756206.0,M. Wilson,Sophia,46,Hot,Yellow,2024-05-22
M3497,The Missing Piece 12,Mystery,English,India,2011,123.0,UA,6.4,277,73.4,119000000.0,57489894.0,Ananya Sen,Kiran,48,Rainy,Black,2026-11-16
M1625,The Last Horizon,Crime,Hindi,India,2015,129.0,UA,6.6,1180,44.2,69000000.0,338450732.0,Raj Mehta,Alex,20,Rainy,Blue,2026-04-21
M2532,Kingdom of Ash 4,Comedy,Hindi,USA,2017,99.0,PG-13,4.7,409715,50.3,146000000.0,319921152.0,,Aarav,38,Cloudy,Green,2026-09-11
M3444,The Great Escape 12,Crime,English,South Korea,2019,158.0,UA,6.5,448,70.4,167000000.0,542843313.0,M. Wilson,Meera,15,Rainy,Yellow,2026-07-15
M2169,Mystery Lake,Sci-Fi,Hindi,Canada,2000,84.0,U,5.9,885,47.4,63000000.0,343719632.0,M. Wilson,Ananya,54,Cloudy,Yellow,2024-01-05
M0857,Rainy Day 22,Adventure,Korean,France,2001,102.0,A,3.7,425,51.8,29000000.0,106690156.0,Ananya Sen,Rahul,51,Cloudy,Green,2025-11-04
M1226,Secret Agent 73,Adventure,Malayalam,USA,2016,90.0,PG,7.3,259,79.3,209000000.0,901239234.0,S. Varma,Riya,22,Rainy,Black,2025-01-16
M1191,Journey Home,Mystery,English,South Korea,2021,83.0,PG-13,7.2,12067,28.9,33000000.0,77547355.0,Arjun Rao,Aarav,37,Sunny,Blue,2026-04-14
M1942,The Forgotten Code,Crime,English,Canada,2016,171.0,PG-13,5.0,4847,100.0,115000000.0,55871909.0,Raj Mehta,Ananya,34,Sunny,Green,2026-10-26
M0531,Broken Compass,Crime,Japanese,Japan,2017,126.0,R,6.6,1756,81.2,115000000.0,377850136.0,S. Varma,Ananya,32,Sunny,Blue,Aug 21 2025
M3382,Journey Home,Sci-Fi,Japanese,Canada,1995,159.0,PG-13,8.1,52836,55.7,104000000.0,401892208.0,David Miller,Aarav,37,Sunny,Green,2024-10-10
M0050,The Last Letter 8,Thriller,Japanese,USA,2004,135.0,U,5.6,1862,80.7,,511237746.0,S. Varma,Meera,17,Cool,Blue,2024-03-26
M1504,After the Storm,Crime,English,USA,1998,151.0,U,6.2,750089,69.4,115000000.0,271611537.0,John Carter,Aarav,13,Rainy,Green,2025-02-08
M0859,Chasing Tomorrow,Mystery,Telugu,USA,1995,143.0,PG,5.6,24648,60.9,213000000.0,1102052508.0,S. Varma,Rahul,39,Rainy,Blue,2026-04-05
M2239,Shadow Protocol,Horror,Tamil,UK,2010,146.0,A,6.9,62415,57.4,144000000.0,346862883.0,Arjun Rao,Vikram,18,Cool,Blue,2026-03-25
M1073,Neon Nights 3,Mystery,Kannada,Japan,2024,100.0,PG-13,5.7,1626,75.3,185000000.0,530529900.0,Priya Kumar,Sophia,13,Sunny,Black,2026-04-07
M0720,The Last Letter 43,Crime,Korean,Canada,2008,90.0,PG-13,9.8,907,73.7,32000000.0,16191374.0,Raj Mehta,Daniel,14,Cool,Blue,2025-05-05
M1778,The Last Letter,Romance,Malayalam,South Korea,2005,164.0,UA,6.4,657,53.3,6000000.0,15679454.0,Arjun Rao,Vikram,49,Sunny,Green,2025-11-12
M3586,Family Ties 21,Horror,Malayalam,South Korea,1998,83.0,PG-13,7.3,671953,51.4,230000000.0,1026757072.0,S. Varma,Sophia,33,Sunny,Red,2026-05-24
M2726,Dream Catcher,Thriller,English,USA,2020,146.0,U,8.7,2348,84.9,215000000.0,400665546.0,John Carter,Alex,64,Cool,Black,2026-05-15
M3457,Beyond the Valley 48,Crime,Malayalam,UK,2004,117.0,PG,5.3,654215,16.4,213000000.0,807991959.0,M. Wilson,Ananya,64,Rainy,Black,21/08/2025
M3228,Journey Home 74,Romance,Korean,Canada,2011,102.0,A,9.1,3353,67.5,68000000.0,316807529.0,S. Varma,Kiran,16,Cool,Black,2025-10-21
M2583,The Silent Witness 31,Action,Telugu,UK,2022,107.0,U,8.9,1127,55.5,194000000.0,141794101.0,John Carter,Riya,43,Cloudy,Red,2026-01-10
M1911,Chasing Tomorrow 47,Romance,Japanese,Australia,2021,139.0,A,8.9,229861,52.4,183000000.0,186628834.0,Raj Mehta,Ananya,43,Hot,Black,2025-09-16
M2879,The Forgotten Code 57,Romance,Kannada,UK,2006,151.0,A,6.3,635110,62.5,95000000.0,27646600.0,Arjun Rao,Ananya,54,Sunny,Red,2026-03-26
M1886,Rainy Day 39,Animation,Malayalam,UK,2015,176.0,R,6.0,145440,54.0,80000000.0,73256169.0,Raj Mehta,Vikram,57,Cloudy,Red,2025-01-23
M1906,The Great Escape 92,Fantasy,Japanese,Japan,2024,139.0,PG-13,7.9,284639,49.7,221000000.0,303674753.0,S. Varma,Meera,16,Rainy,Black,2025-07-05
M3357,The Final Mission 12,Horror,Hindi,France,2003,98.0,R,,11067,45.2,249000000.0,154247218.0,Ananya Sen,Vikram,52,Cloudy,Black,2025-12-03
M2501,After the Storm,Romance,Hindi,Australia,2006,98.0,UA,7.7,154109,34.2,2000000.0,8470306.0,Raj Mehta,Alex,36,Sunny,Black,2026-04-27
M1840,Dream Catcher,,Telugu,Australia,2016,103.0,UA,6.4,2040,63.5,177000000.0,951004509.0,Arjun Rao,Rahul,42,Rainy,Red,2025-05-13
M2882,Family Ties,Mystery,Kannada,UK,2022,162.0,PG,5.8,553466,76.4,160000000.0,573650889.0,Arjun Rao,Sophia,46,Hot,Yellow,2026-12-28
M2655,Echoes of Time 33,,English,France,2012,140.0,R,5.8,105635,53.9,177000000.0,923584798.0,Priya Kumar,Kiran,55,Hot,Red,2026-02-18
M2597,The Final Mission 80,Romance,Korean,France,2000,164.0,UA,7.3,508119,45.2,231000000.0,1266501154.0,John Carter,Rahul,31,Cool,Green,2025-03-22
M1386,Family Ties 6,Mystery,Tamil,UK,2022,81.0,A,6.2,258,41.9,221000000.0,780018387.0,Arjun Rao,Alex,52,Cool,Green,2026-06-06
M1400,Echoes of Time,Sci-Fi,Telugu,UK,2000,89.0,U,7.2,243669,37.2,157000000.0,390963920.0,Ananya Sen,Vikram,14,Cloudy,Blue,2024-05-06
M1196,The Silent Witness,Adventure,Korean,Japan,2018,127.0,R,8.6,17786,63.4,226000000.0,454930768.0,Arjun Rao,Daniel,28,Cool,Yellow,2024-04-06
M3422,Starlight 38,Adventure,Korean,Canada,2004,118.0,PG,7.2,527088,98.6,205000000.0,239976581.0,Arjun Rao,Daniel,42,Cool,Black,2025-01-17
M1695,Midnight Train 18,Drama,Tamil,South Korea,2003,97.0,PG-13,8.2,617673,48.3,208000000.0,524488303.0,Raj Mehta,Riya,26,Hot,Black,2026-04-14
M3181,A New Beginning 37,Crime,Japanese,Australia,1995,153.0,U,5.0,107,45.5,65000000.0,300177803.0,Priya Kumar,Ananya,38,Cloudy,Green,2024-05-19
M2119,The Great Escape 15,Comedy,Hindi,Japan,2016,100.0,UA,8.4,135,77.3,153000000.0,511590196.0,Priya Kumar,Sophia,45,Hot,Red,2025-08-23
M0298,Starlight 52,Horror,English,Canada,2004,92.0,PG-13,7.5,37238,53.5,119000000.0,338012038.0,David Miller,Kiran,21,Hot,Red,2024-10-19
M1766,The Last Letter,Romance,Japanese,India,2005,123.0,R,5.5,27492,58.4,75000000.0,304726027.0,Arjun Rao,Alex,31,Cloudy,Red,2026-10-23
M1265,Lost in Mumbai 78,Comedy,Telugu,Australia,2015,171.0,PG-13,7.3,810,45.8,234000000.0,241214283.0,John Carter,Kiran,60,Hot,Yellow,2026-10-14
M3088,Lost in Mumbai,Drama,Telugu,UK,1998,95.0,U,6.6,11967,49.5,161000000.0,799054782.0,Ananya Sen,Daniel,62,Hot,Green,2026-05-26
M0959,After the Storm,Mystery,Korean,France,2001,102.0,UA,7.0,305,63.0,87000000.0,420924111.0,M. Wilson,Aarav,57,Rainy,Black,2026-11-06
M2336,Parallel Worlds,Action,Japanese,Canada,1996,164.0,PG,5.0,1952,100.0,236000000.0,160170455.0,Ananya Sen,Aarav,64,Cloudy,Blue,2025-01-24
M1796,Crimson Sky 73,Mystery,Tamil,South Korea,2009,97.0,A,6.5,1677,19.0,123000000.0,117068362.0,Arjun Rao,Sophia,64,Sunny,Red,2025-03-28
M1780,Rainy Day,Action,Japanese,India,1998,185.0,UA,4.4,89709,84.6,134000000.0,209580948.0,Ananya Sen,Alex,46,Rainy,Blue,2025-08-18
M2355,The Missing Piece,Drama,Malayalam,Japan,2009,188.0,R,6.9,650,89.9,53000000.0,157984974.0,Priya Kumar,Ananya,46,Sunny,Green,2024-09-06
M1375,  THE FORGOTTEN CODE  ,Fantasy,Japanese,South Korea,2023,178.0,U,7.0,163,54.6,168000000.0,778365942.0,M. Wilson,Daniel,25,Sunny,Green,2024-06-02
M1287,The Last Letter 74,Drama,Tamil,India,2006,104.0,U,7.8,795342,53.6,243000000.0,320902317.0,M. Wilson,Riya,64,Hot,Yellow,2025-11-01
M0350,Broken Compass,Comedy,Hindi,Canada,2004,84.0,PG-13,6.4,40318,90.0,242000000.0,170933593.0,S. Varma,Ananya,25,Cool,Red,2026-11-06
M1369,Beyond the Valley 3,Action,Malayalam,South Korea,2013,91.0,PG-13,4.1,264,54.4,220000000.0,1065337903.0,S. Varma,Daniel,37,Sunny,Red,2026-10-08
M2293,The Missing Piece 53,Animation,Korean,Australia,2001,114.0,R,7.1,446,53.8,153000000.0,668265313.0,Raj Mehta,Riya,38,Cloudy,Black,2024-08-24
M0644,Shadow Protocol 80,Romance,English,France,2016,188.0,R,4.6,4567,71.4,137000000.0,54680368.0,Priya Kumar,Ananya,60,Cool,Yellow,2024-10-15
M1559,Golden Promise,comedy,Hindi,Canada,2000,92.0,PG,7.4,2336,77.5,42000000.0,92278045.0,Raj Mehta,Aarav,39,Sunny,Yellow,2024-08-16
M3378,The Great Escape 90,Adventure,Telugu,USA,2022,103.0,U,8.4,2913,50.7,247000000.0,685627114.0,Arjun Rao,Vikram,34,Cloudy,Black,2025-06-25
M0670,The Last Horizon,Action,Hindi,Japan,1997,109.0,R,6.3,13875,67.9,37000000.0,63804778.0,Arjun Rao,Ananya,21,Hot,Yellow,2025-03-10
M3295,Journey Home,Adventure,Kannada,France,1996,91.0,PG,7.9,5838,77.2,125000000.0,360591903.0,David Miller,Rahul,17,Hot,Red,2025-03-19
M1841,The Forgotten Code,Fantasy,Kannada,France,1998,182.0,R,6.3,19688,81.1,36000000.0,168864219.0,David Miller,Rahul,29,Sunny,Red,2025-01-17
M2973,Crimson Sky,Horror,English,South Korea,2010,169.0,A,7.4,248169,82.7,141000000.0,623732013.0,John Carter,Riya,32,Cloudy,Red,2026-05-25
M2310,After the Storm,Mystery,Hindi,USA,2012,164.0,PG,6.2,4290,69.8,92000000.0,291115592.0,S. Varma,Aarav,58,Rainy,Blue,2025-10-19
M1180,Midnight Train 48,Romance,Korean,South Korea,2002,109.0,U,7.3,4891,70.3,204000000.0,619828521.0,Priya Kumar,Daniel,42,Sunny,Green,2025-04-04
M2273,The Last Letter 57,Adventure,Hindi,USA,2010,126.0,PG,6.7,132077,87.7,67000000.0,219578076.0,Arjun Rao,Vikram,24,Sunny,Green,2024-04-24
M1552,Hidden Truth 61,Adventure,Malayalam,France,2006,87.0,A,6.3,37833,85.4,92000000.0,247970086.0,Raj Mehta,Kiran,34,Cool,Green,2026-09-17
M3281,Road to Victory 51,Action,Telugu,Canada,2020,159.0,A,6.2,749,44.7,80000000.0,168262615.0,John Carter,Meera,22,Rainy,Green,2024-06-24
M2305,Starlight 94,Mystery,Telugu,India,2010,113.0,R,6.9,33339,85.0,83000000.0,256505118.0,M. Wilson,Sophia,26,Sunny,Red,2026-07-18
M2057,Echoes of Time 6,Drama,Kannada,Japan,2009,101.0,PG,6.2,5902,71.8,151000000.0,435896171.0,Priya Kumar,Ananya,28,Hot,Black,2025-04-01
M1358,Chasing Tomorrow 17,Drama,English,UK,2018,175.0,U,7.6,159,48.9,149000000.0,703052926.0,Arjun Rao,Sophia,14,Cloudy,Black,2025-05-10
M0787,Chasing Tomorrow,Horror,Hindi,India,2017,112.0,U,6.7,1220,74.6,31000000.0,137359572.0,Priya Kumar,Meera,39,Hot,Black,2025-08-23
M3260,City of Dreams,Comedy,English,India,1999,160.0,R,6.4,277,91.5,138000000.0,344827973.0,S. Varma,Ananya,30,Hot,Green,2026-11-03
M0141,Midnight Train,Drama,Korean,UK,2018,183.0,U,7.5,9933,71.2,240000000.0,724848353.0,S. Varma,Meera,24,Cloudy,Blue,2024-05-19
M0789,Hidden Truth,Animation,Korean,South Korea,2004,138.0,A,5.8,42722,39.1,88000000.0,46780242.0,S. Varma,Sophia,61,Rainy,Red,2024-12-24
M0324,The Great Escape 53,Thriller,Japanese,UK,2001,,PG-13,7.9,486311,74.9,180000000.0,687818618.0,David Miller,Alex,56,Rainy,Blue,2026-05-26
M2464,The Final Mission 96,Animation,Korean,USA,2003,121.0,R,6.9,87531,80.6,30000000.0,75849220.0,M. Wilson,Ananya,30,Sunny,Yellow,2026-11-01
M0715,Golden Promise 28,Adventure,Japanese,France,2025,125.0,PG,7.3,5179,77.1,27000000.0,92769240.0,S. Varma,Alex,60,Cloudy,Green,2026-02-20
M1951,Mystery Lake,Sci-Fi,Malayalam,USA,2005,84.0,PG-13,,220,64.4,197000000.0,737047429.0,S. Varma,Meera,46,Cool,Black,2024-12-01
M2163,Mystery Lake,Romance,Japanese,South Korea,2007,111.0,U,7.3,6809,53.1,29000000.0,126136982.0,Priya Kumar,Riya,25,Rainy,Black,2026-04-28
M3356,Lost in Mumbai 97,Horror,Japanese,France,1995,79.0,R,5.8,517354,86.3,199000000.0,793191163.0,Raj Mehta,Ananya,38,Hot,Red,2024-07-03
M1739,Mystery Lake 79,Thriller,Tamil,India,2011,142.0,U,8.8,5791,52.8,235000000.0,1114057148.0,Priya Kumar,Riya,50,Cloudy,Black,2025-06-22
M3086,Road to Victory 69,Action,Kannada,Canada,2002,131.0,PG-13,8.2,387,60.8,152000000.0,255031557.0,David Miller,Kiran,50,Cool,Blue,2024-12-05
M1599,The Final Mission 8,Animation,Malayalam,Canada,2004,90.0,U,6.7,742403,46.6,64000000.0,274132502.0,Priya Kumar,Ananya,51,Cool,Red,2026-02-05
M0619,City of Dreams 43,Sci-Fi,Malayalam,Canada,1997,88.0,R,4.0,148,95.7,112000000.0,120789069.0,John Carter,Meera,55,Sunny,Red,2026-11-24
M0407,The Forgotten Code 95,Animation,Malayalam,Australia,2013,136.0,PG-13,6.0,668209,83.6,247000000.0,837323188.0,Arjun Rao,Kiran,52,Sunny,Red,2025-11-24
M1721,Dream Catcher 33,Action,Japanese,Canada,2011,158.0,PG,6.1,22725,69.6,51000000.0,54510744.0,David Miller,Rahul,16,Hot,Red,2024-02-09
M1704,Golden Promise 12,Horror,Hindi,USA,2010,106.0,A,9.6,141,57.9,22000000.0,76862751.0,Ananya Sen,Rahul,43,Cool,Black,2024-11-04
M1587,Rainy Day,Animation,Kannada,India,2000,158.0,R,6.6,1847,58.5,223000000.0,1161640222.0,Raj Mehta,Meera,22,Cool,Yellow,2026-10-11
M3572,Golden Promise 69,Drama,Japanese,Japan,2015,82.0,PG,7.8,643812,58.9,188000000.0,593445575.0,John Carter,Alex,44,Cool,Green,2024-12-15
M3280,Mystery Lake,Comedy,Japanese,UK,2025,168.0,R,6.1,4270,100.0,59000000.0,249516298.0,Ananya Sen,Rahul,45,Cloudy,Blue,2025-12-24
M0498,The Forgotten Code,Drama,Hindi,India,2014,108.0,R,6.7,126273,61.6,39000000.0,14966344.0,S. Varma,Meera,65,Hot,Blue,2024-12-07
M2054,Road to Victory 53,Crime,Japanese,Japan,2019,78.0,U,3.1,600,52.2,246000000.0,450320702.0,John Carter,Sophia,31,Cool,Yellow,2024-07-15
M0343,Hidden Truth 84,Drama,Hindi,UK,2024,172.0,PG,5.6,509,60.5,161000000.0,613397864.0,Ananya Sen,Sophia,48,Cloudy,Black,2026-04-01
M2360,The Great Escape 47,Crime,Tamil,Japan,2008,151.0,A,7.1,3107,88.3,239000000.0,1231604710.0,Arjun Rao,Aarav,45,Rainy,Red,2025-08-25
M2747,Code Zero 19,Drama,English,France,1995,164.0,PG,4.9,79959,69.1,160000000.0,479793541.0,M. Wilson,Rahul,38,Cloudy,Green,2026-01-11
M0783,The Great Escape 42,Adventure,Hindi,Canada,2002,177.0,PG,6.2,640991,61.1,197000000.0,892402456.0,S. Varma,Sophia,18,Cloudy,Yellow,2026-02-12
M1324,Rainy Day,Thriller,Malayalam,India,1996,113.0,PG,6.7,2095,69.9,149000000.0,35400404.0,S. Varma,Rahul,25,Cloudy,Yellow,2024-12-08
M2899,Starlight 36,Fantasy,Telugu,France,2024,148.0,PG,,51584,63.7,40000000.0,93080994.0,Raj Mehta,Rahul,26,Cool,Yellow,2026-03-10
M3434,Mystery Lake 74,Sci-Fi,Hindi,Japan,2018,75.0,PG-13,7.6,11445,83.4,109000000.0,,John Carter,Daniel,55,Cloudy,Red,2024-07-09
M0304,Hidden Truth 25,Animation,Korean,India,2023,148.0,R,8.1,327733,64.2,38000000.0,92534594.0,John Carter,Riya,26,Hot,Yellow,2025-08-06
M2965,The Forgotten Code,Action,Hindi,South Korea,2015,159.0,PG-13,5.3,27984,73.2,12000000.0,13453607.0,David Miller,Rahul,23,Sunny,Yellow,2026-03-28
M2245,Starlight 15,Fantasy,Malayalam,Australia,1997,173.0,PG,5.6,1061,54.9,154000000.0,59977839.0,Priya Kumar,Aarav,64,Sunny,Red,2025-06-25
M0665,The Forgotten Code,Animation,Malayalam,UK,2014,122.0,unknown,7.7,500,73.4,84000000.0,372961550.0,John Carter,Sophia,16,Sunny,Green,2024-12-09
M1178,Crimson Sky,Animation,Kannada,India,2010,141.0,PG-13,6.2,6691,72.2,68000000.0,231965212.0,Priya Kumar,Meera,62,Cloudy,Green,2024-01-07
M1245,Kingdom of Ash,,Korean,Australia,2016,143.0,A,,1113,83.9,159000000.0,297813829.0,S. Varma,Alex,32,Sunny,Green,2025-10-09
M2223,Mystery Lake,Drama,Korean,Canada,2015,109.0,PG,7.2,418144,76.3,98000000.0,192381837.0,John Carter,Ananya,44,Hot,Blue,2025-01-07
M2100,The Missing Piece 73,Fantasy,Japanese,USA,2003,78.0,A,5.3,5632,42.0,155000000.0,545460121.0,Priya Kumar,Sophia,51,Sunny,Black,2026-03-25
M2750,After the Storm,Mystery,Korean,South Korea,2019,,A,7.0,111741,45.9,114000000.0,244340308.0,Priya Kumar,Sophia,21,Hot,Blue,2025-02-01
M3242,A New Beginning 14,Crime,Korean,Japan,2013,156.0,PG-13,6.9,371,42.7,12000000.0,37573206.0,John Carter,Aarav,22,Cool,Red,2025-07-09
M2371,Broken Compass 22,Sci-Fi,Malayalam,India,1998,122.0,U,5.8,524,93.0,216000000.0,550433328.0,Ananya Sen,Ananya,58,Rainy,Yellow,2025-04-16
M0085,Chasing Tomorrow,Sci-Fi,Kannada,France,2013,146.0,R,8.8,6146,40.2,144000000.0,445214733.0,Raj Mehta,Daniel,51,Cloudy,Green,2024-10-17
M2684,Hidden Truth,Animation,Japanese,Japan,1996,186.0,PG,7.5,1125,60.5,59000000.0,321083585.0,John Carter,Aarav,35,Cool,Yellow,2024-04-22
M0942,City of Dreams 40,Sci-Fi,Tamil,Japan,2018,81.0,PG-13,,43368,89.6,137000000.0,314890019.0,Raj Mehta,Rahul,60,Cool,Yellow,2024-09-12
M0962,Ocean of Stars 42,Crime,Japanese,Australia,2025,102.0,A,6.0,5209,56.9,79000000.0,285424619.0,David Miller,Daniel,32,Sunny,Yellow,2024-03-06
M0842,Echoes of Time 51,Mystery,Japanese,India,2015,98.0,A,7.5,160089,69.0,109000000.0,349127858.0,S. Varma,Vikram,23,Hot,Yellow,2024-08-26
M1981,Chasing Tomorrow,Thriller,Korean,Japan,2020,93.0,PG,6.1,25190,65.7,216000000.0,991143953.0,John Carter,Daniel,37,Cloudy,Red,2024-06-22
M2873,Dream Catcher,Crime,English,Canada,2022,169.0,U,8.8,27342,54.6,128000000.0,186802233.0,M. Wilson,Vikram,19,Sunny,Red,2025-10-23
M1719,Secret Agent 66,,Korean,Canada,2025,159.0,R,,100,66.7,74000000.0,332536943.0,Raj Mehta,Rahul,63,Sunny,Black,2026-09-05
M3002,Kingdom of Ash 74,Sci-Fi,English,UK,2011,155.0,A,6.3,546,90.4,195000000.0,823412486.0,Raj Mehta,Alex,59,Rainy,Black,2024-05-01
M1881,Broken Compass,Crime,Tamil,India,1998,115.0,PG,7.9,1416,10.8,100000000.0,28090365.0,S. Varma,Kiran,55,Cloudy,Yellow,2024-11-19
M0291,The Great Escape,Action,Telugu,USA,2004,161.0,U,6.1,450,76.5,228000000.0,171959778.0,Raj Mehta,Alex,51,Hot,Yellow,2026-02-10
M1654,Ocean of Stars 8,Sci-Fi,Hindi,Canada,2012,183.0,R,8.4,1309,89.6,75000000.0,197890794.0,John Carter,Alex,54,Cloudy,Black,2025-08-24
M2326,Digital Hearts 25,Action,Korean,USA,2007,134.0,U,6.1,24509,57.2,171000000.0,185140266.0,David Miller,Ananya,42,Rainy,Black,2025-04-22
M1785,Wild Frontier,Crime,Telugu,India,2014,111.0,PG-13,6.2,167803,36.7,229000000.0,322077608.0,Priya Kumar,Rahul,30,Cool,Blue,2024-04-05
M3044,City of Dreams 47,Comedy,Kannada,Japan,2020,93.0,UA,5.8,565,49.6,191000000.0,620025185.0,M. Wilson,Daniel,41,Cool,Black,2024-06-21
M3289,The Forgotten Code,Adventure,Telugu,India,1997,172.0,UA,7.5,122,92.1,172000000.0,883119909.0,S. Varma,Riya,21,Rainy,Red,2024-09-14
M0605,A New Beginning,Sci-Fi,Kannada,France,2018,122.0,PG,6.9,2283,96.0,126000000.0,273447501.0,John Carter,Alex,17,Hot,Blue,2024-07-19
M2472,Golden Promise,Fantasy,English,South Korea,1999,173.0,PG-13,6.2,479517,83.0,75000000.0,86404445.0,S. Varma,Meera,18,Sunny,Blue,2024-09-15
M0917,Midnight Train,Crime,Hindi,USA,2024,160.0,U,7.3,1427,68.0,98000000.0,20177621.0,Ananya Sen,Sophia,50,Cool,Black,2025-12-24
M1843,Kingdom of Ash 32,Crime,Kannada,USA,2014,181.0,PG,7.5,25758,74.2,111000000.0,401314150.0,M. Wilson,Aarav,32,Cloudy,Blue,2026-06-24
M2229,Shadow Protocol 25,Crime,Kannada,South Korea,2013,117.0,A,5.7,396712,67.8,225000000.0,212868770.0,S. Varma,Rahul,49,Cloudy,Green,2024-02-24
M1100,After the Storm 20,Comedy,Malayalam,Japan,2007,103.0,PG-13,8.8,2473,58.6,243000000.0,866086979.0,John Carter,Riya,30,Cool,Green,2026-07-01
M1089,The Forgotten Code 37,Thriller,Hindi,South Korea,2000,148.0,PG-13,7.2,283269,98.1,55000000.0,172489033.0,John Carter,Riya,38,Sunny,Green,2025-02-22
M2857,Family Ties 65,Drama,Korean,France,1997,100.0,PG-13,7.1,450,100.0,107000000.0,576282778.0,John Carter,Alex,13,Cloudy,Red,2025-11-14
M1958,Mystery Lake,Adventure,Tamil,Canada,2000,85.0,U,4.5,212,83.0,226000000.0,1234380605.0,M. Wilson,Meera,34,Cloudy,Yellow,2024-02-06
M0822,The Great Escape 97,Action,,Australia,2023,99.0,A,6.1,103799,72.2,98000000.0,142663168.0,Ananya Sen,Aarav,50,Cloudy,Green,2024-06-09
M2497,  CHASING TOMORROW  ,Drama,Telugu,Australia,2015,112.0,PG,6.4,1163,75.6,174000000.0,313878271.0,M. Wilson,Meera,63,Cloudy,Red,2024-10-07
M3431,Broken Compass 21,Animation,Telugu,UK,2023,170.0,U,7.2,6540,75.9,70000000.0,46094938.0,David Miller,Vikram,16,Cloudy,Blue,2024-07-10
M2942,The Last Letter,Fantasy,English,UK,1996,120.0,A,5.5,13927,66.7,207000000.0,42863135.0,Raj Mehta,Riya,36,Cloudy,Green,2025-10-10
M2980,Neon Nights,Romance,Malayalam,USA,2018,95.0,A,8.3,118,59.3,205000000.0,162906784.0,Ananya Sen,Aarav,53,Cool,Red,2024-06-06
M1303,City of Dreams 56,Animation,English,USA,2013,148.0,PG-13,8.6,364,54.8,4000000.0,982722.0,S. Varma,Meera,43,Cloudy,Blue,2026-04-16
M1001,Broken Compass,Sci-Fi,Kannada,USA,1998,81.0,A,4.5,73661,64.4,95000000.0,31056944.0,S. Varma,Aarav,32,Sunny,Blue,2025-03-09
M1993,  STARLIGHT 79  ,Romance,Tamil,Japan,2006,176.0,PG-13,6.3,4750,60.9,71000000.0,222791593.0,Ananya Sen,Kiran,65,Cloudy,Red,2026-10-21
M2164,A New Beginning,Mystery,Japanese,France,2009,,PG-13,7.6,47747,94.1,109000000.0,32404101.0,Arjun Rao,Rahul,62,Sunny,Yellow,2025-06-16
M1478,The Silent Witness 75,Animation,Korean,Japan,2025,80.0,A,5.5,15000000,59.9,130000000.0,387499219.0,S. Varma,Vikram,22,Sunny,Red,2024-03-07
M0019,A New Beginning 74,Romance,English,USA,2016,185.0,PG,5.8,233760,58.8,61000000.0,213712284.0,Priya Kumar,Daniel,26,Cloudy,Red,2025-07-05
M0494,Secret Agent,Animation,Kannada,Australia,2011,83.0,R,7.3,238,100.0,91000000.0,134865393.0,Raj Mehta,Aarav,54,Rainy,Black,2026-03-01
M1126,Broken Compass 34,Comedy,Japanese,India,2022,142.0,PG,8.9,7817,72.2,111000000.0,72442602.0,John Carter,Rahul,23,Cloudy,Green,2025-01-06
M1405,Hidden Truth 52,Animation,Korean,UK,2019,147.0,PG,5.5,2939,23.3,197000000.0,422940232.0,S. Varma,Ananya,27,Rainy,Yellow,2024-09-20
M3127,Code Zero 53,Crime, Telugu ,USA,2018,130.0,PG-13,5.3,56362,15.4,164000000.0,301247038.0,Arjun Rao,Aarav,34,Sunny,Black,2024-10-15
M1802,City of Dreams,Horror,Telugu,UK,2019,109.0,A,6.8,78941,36.6,5000000.0,21415912.0,David Miller,Rahul,56,Cloudy,Red,2025-10-07
M2234,Kingdom of Ash 46,Drama,Tamil,Canada,2023,156.0,PG,5.0,378,73.9,218000000.0,799035140.0,David Miller,Kiran,64,Hot,Green,2025-11-16
M2211,Crimson Sky,Romance,Hindi,France,1999,103.0,U,7.9,40085,81.2,20000000.0,28806986.0,Ananya Sen,Meera,54,Cool,Blue,2024-11-28
M3118,The Last Horizon 16,Fantasy,English,France,2021,100.0,U,7.4,88888888,63.5,108000000.0,433254008.0,David Miller,Vikram,36,Rainy,Green,2025-04-22
M0585,A New Beginning,Romance,Kannada,Australia,1999,132.0,PG,7.1,4934,68.9,17000000.0,85385877.0,M. Wilson,Alex,15,Sunny,Green,2026-08-12
M2127,Hidden Truth,Romance,Tamil,Australia,2017,125.0,R,5.7,173,60.7,240000000.0,113297320.0,Priya Kumar,Vikram,45,Cloudy,Yellow,2026-09-13
M0688,Chasing Tomorrow 18,Horror,Malayalam,Japan,2014,158.0,PG-13,4.9,5719,75.3,134000000.0,706874036.0,S. Varma,Aarav,58,Hot,Red,2024-10-20
M3523,Parallel Worlds 4,Adventure,Malayalam,UK,2004,120.0,U,6.8,1930,64.8,154000000.0,331270636.0,John Carter,Riya,45,Rainy,Yellow,2026-07-11
M1633,Hidden Truth 24,Thriller,Malayalam,USA,2011,131.0,UA,7.4,483813,100.0,147000000.0,338139615.0,Ananya Sen,Alex,33,Cloudy,Black,2026-05-02
M2448,The Last Horizon 49,Action,Malayalam,South Korea,1995,179.0,R,5.3,123,58.4,121000000.0,109737387.0,S. Varma,Ananya,63,Cloudy,Black,2025-09-14
M2021,The Great Escape 65,Drama,Tamil,Canada,2001,100.0,PG,8.2,1341,65.8,4000000.0,2628482.0,Raj Mehta,Rahul,16,Sunny,Green,2025-08-20
M1010,Digital Hearts,Adventure,Korean,USA,2016,179.0,UA,6.9,684,39.1,101000000.0,171842141.0,M. Wilson,Vikram,57,Rainy,Blue,2026-02-16
M3333,A New Beginning 3,Adventure,Telugu,India,2001,128.0,PG,6.4,433365,66.6,17000000.0,50521156.0,S. Varma,Riya,50,Sunny,Yellow,2024-12-10
M0361,Journey Home,Drama,Hindi,USA,2024,179.0,R,8.9,6542,73.4,60000000.0,31125264.0,Raj Mehta,Ananya,52,Rainy,Green,2024-06-23
M3091,Neon Nights 49,Adventure,Japanese,USA,1995,114.0,U,7.8,578624,83.4,178000000.0,913632967.0,Ananya Sen,Rahul,54,Rainy,Blue,2025-07-20
M3316,The Missing Piece 11,Horror,Korean,India,2003,89.0,PG-13,5.4,8917,81.4,68000000.0,282727536.0,Priya Kumar,Riya,30,Rainy,Black,2025-01-22
M2334,The Final Mission 5,Romance,Japanese,Japan,2023,104.0,A,5.9,303384,67.8,165000000.0,59919822.0,Raj Mehta,Meera,46,Sunny,Green,2024-09-07
M1311,The Last Horizon,Comedy,Hindi,Japan,2017,151.0,UA,6.5,63848,92.8,33000000.0,109132588.0,Ananya Sen,Kiran,13,Rainy,Red,2025-12-06
M2931,After the Storm,Horror,Kannada,India,2016,122.0,A,7.9,2049,88.7,16000000.0,17597084.0,Ananya Sen,Riya,34,Sunny,Black,2024-08-09
M2259,Kingdom of Ash 76,Horror,Hindi,India,2016,143.0,UA,5.4,10065,66.2,110000000.0,163330168.0,Priya Kumar,Vikram,32,Rainy,Black,2025-03-05
M1953,Parallel Worlds 69,Thriller,Tamil,South Korea,1999,97.0,R,6.8,311,42.4,237000000.0,646082955.0,David Miller,Meera,37,Hot,Yellow,2024-10-21
M2475,Starlight,Crime,Telugu,South Korea,2020,134.0,PG,5.7,195705,64.4,114000000.0,456619352.0,David Miller,Daniel,42,Sunny,Green,2026-02-04
M0345,After the Storm 69,Drama,Japanese,South Korea,2009,110.0,A,4.8,573310,73.8,223000000.0,616102599.0,Priya Kumar,Meera,13,Cool,Black,2026-03-01
M0987,Hidden Truth,Romance,Malayalam,Canada,2014,90.0,PG,7.2,508,63.8,76000000.0,337100830.0,S. Varma,Aarav,32,Cloudy,Red,2024-05-01
M1872,Parallel Worlds 54,Horror,Korean,Japan,2010,90.0,PG-13,6.3,285,49.8,29000000.0,157326442.0,Arjun Rao,Kiran,52,Cool,Blue,2024-07-03
M0744,Journey Home 12,Thriller,Japanese,UK,1999,128.0,PG,8.6,460,79.0,142000000.0,175138335.0,S. Varma,Riya,21,Cool,Black,2026-06-17
M1968,After the Storm 88,Adventure,Kannada,Australia,2006,122.0,R,7.2,112,85.0,90000000.0,349624545.0,John Carter,Meera,36,Cool,Blue,2026-07-13
M2000,Secret Agent,Adventure,Japanese,Japan,2000,108.0,PG,5.0,1497,88.8,149000000.0,486428062.0,John Carter,Sophia,20,Sunny,Green,2026-05-18
M1692,Hidden Truth,Thriller,Tamil,Australia,2007,,PG,8.2,541,40.7,228000000.0,800602759.0,John Carter,Aarav,60,Rainy,Yellow,2026-03-18
M0114,Neon Nights 65,Horror,Malayalam,USA,2023,124.0,R,7.2,1614,100.0,87000000.0,392640883.0,S. Varma,Riya,40,Cool,Red,2026-05-11
M1438,City of Dreams,Comedy,English,Japan,2013,148.0,PG,4.5,345739,50.9,150000000.0,182037492.0,Ananya Sen,Alex,14,Cool,Red,2026-12-11
M1614,Road to Victory 28,Crime,Korean,France,2000,85.0,UA,7.9,432,73.0,206000000.0,928193231.0,Raj Mehta,Ananya,45,Cloudy,Yellow,2026-07-22
M1242,The Final Mission 14,Sci-Fi,Kannada,India,2004,138.0,UA,5.5,420955,15.0,38000000.0,136714741.0,John Carter,Daniel,14,Cool,Black,2025-02-16
M1143,Ocean of Stars,Thriller,Telugu,India,2013,149.0,R,7.7,27139,70.6,182000000.0,163040377.0,M. Wilson,Daniel,50,Rainy,Black,2026-12-19
M3161,Rainy Day 75,Sci-Fi,English,India,2010,101.0,R,9.1,187,55.0,134000000.0,637466515.0,S. Varma,Rahul,65,Sunny,Black,2026-02-22
M1217,Starlight 28,Action,Korean,Canada,1996,173.0,U,7.0,109,58.3,31000000.0,73428699.0,M. Wilson,Rahul,30,Sunny,Black,2024-07-17
M1199,The Last Letter,Crime,Japanese,India,1998,98.0,UA,8.1,350,69.2,229000000.0,736645884.0,David Miller,Meera,17,Rainy,Blue,2025-04-22
M0086,Code Zero 15,Horror,Kannada,USA,2001,94.0,A,6.6,564434,76.8,169000000.0,844722570.0,Ananya Sen,Rahul,48,Cool,Yellow,2026-11-18
M2536,Ocean of Stars 70,Drama,Kannada,France,2008,160.0,U,7.4,664911,41.4,65000000.0,172986801.0,Arjun Rao,Alex,52,Cool,Blue,2026-07-05
M2504,Code Zero 22,Comedy,Malayalam,Japan,2012,158.0,UA,9.0,19666,54.8,161000000.0,303497630.0,Ananya Sen,Alex,54,Cloudy,Yellow,2025-01-05
M1382,Love in Monsoon,Fantasy,Japanese,Japan,2009,168.0,A,5.8,3715,40.6,199000000.0,93826265.0,S. Varma,Riya,52,Cool,Red,2025-01-13
M2680,Ocean of Stars,Thriller,English,Canada,2025,115.0,PG-13,5.2,271,59.0,230000000.0,927046918.0,,Kiran,26,Cool,Black,2025-05-22
M0669,A New Beginning 69,Drama,English,USA,2009,157.0,PG,8.3,343984,70.2,249000000.0,65843291.0,S. Varma,Aarav,20,Sunny,Blue,2024-04-25
M1015,Love in Monsoon 97,Horror,Tamil,Australia,1997,106.0,U,7.2,999,60.5,186000000.0,254717814.0,Priya Kumar,Daniel,48,Hot,Red,2026-07-04
M0129,Rainy Day 85,Mystery,Japanese,South Korea,2006,81.0,PG-13,8.8,232211,37.4,13000000.0,68021970.0,Raj Mehta,Riya,40,Rainy,Green,2026-06-25
M1365,Golden Promise,Sci-Fi,Tamil,Canada,1997,176.0,R,7.5,9761,77.4,230000000.0,411781774.0,John Carter,Daniel,50,Hot,Green,2024-10-09
M2869,Dream Catcher 17,Horror,Telugu,UK,1997,104.0,PG-13,5.7,11494,42.9,44000000.0,59153850.0,Ananya Sen,Vikram,21,Cool,Black,2026-11-06
M1707,A New Beginning 25,Romance,English,UK,2018,100.0,PG-13,7.2,279119,95.0,4000000.0,-500000.0,S. Varma,Sophia,54,Cloudy,Blue,2026-06-27
M0892,Broken Compass,Action,Telugu,Australia,2003,104.0,U,5.4,44969,30.0,240000000.0,120097509.0,S. Varma,Aarav,41,Rainy,Black,2024-08-15
M2346,Broken Compass,Mystery,Malayalam,Australia,1996,133.0,PG-13,6.3,107596,71.3,136000000.0,478310276.0,John Carter,Kiran,25,Sunny,Red,2025-09-27
M1360,The Last Letter,Thriller,Hindi,France,2007,113.0,UA,7.6,312,59.4,147000000.0,168484767.0,S. Varma,Sophia,40,Sunny,Green,2025-01-01
M0308,Love in Monsoon 34,Fantasy,Tamil,USA,2019,123.0,A,6.8,922,88.5,90000000.0,433347702.0,S. Varma,Daniel,25,Sunny,Blue,2026-09-04
M0384,Mystery Lake,Crime,Japanese,Australia,2005,108.0,PG,6.0,50300,59.0,135000000.0,71569781.0,David Miller,Alex,27,Cloudy,Red,2024-02-01
M0151,City of Dreams,Fantasy,Korean,France,2002,181.0,UA,6.9,3997,48.4,1000000.0,5406606.0,Ananya Sen,Meera,35,Rainy,Green,2024-12-25
M1318,Beyond the Valley 58,Fantasy,Kannada,UK,2017,94.0,R,7.6,267,32.4,57000000.0,303179257.0,Arjun Rao,Ananya,36,Rainy,Blue,2024-09-03
M1452,The Last Horizon 33,Thriller,Telugu,USA,2015,123.0,PG,7.4,672975,79.6,105000000.0,107642930.0,John Carter,Daniel,17,Hot,Blue,2024-02-20
M1939,The Forgotten Code,Adventure,Kannada,France,1995,107.0,PG,5.1,486,47.0,223000000.0,923145170.0,John Carter,Ananya,15,Sunny,Black,2025-11-27
M2378,The Last Horizon,Crime,Korean,South Korea,2020,176.0,PG-13,7.6,2639,93.0,150000000.0,196895806.0,S. Varma,Rahul,39,Cool,Blue,2024-11-18
M0427,The Last Horizon 8,Thriller,Hindi,Australia,2017,158.0,PG-13,5.0,51887,29.8,34000000.0,7379931.0,David Miller,Alex,17,Sunny,Blue,2025-10-26
M0495,Golden Promise 12,Comedy,Telugu,Canada,2007,100.0,PG-13,6.8,1499,58.9,161000000.0,542778441.0,David Miller,Alex,56,Hot,Green,2025-08-28
M1208,Rainy Day,Sci-Fi,Korean,Japan,2018,102.0,UA,6.2,21222,68.7,10000000.0,41197802.0,Raj Mehta,Vikram,42,Cloudy,Yellow,2024-03-25
M3442,A New Beginning,Horror,Kannada,South Korea,2000,128.0,UA,5.7,10233,49.5,27000000.0,51453516.0,M. Wilson,Alex,28,Rainy,Yellow,2026-08-02
M3309,Secret Agent 85,Action,Kannada,Canada,2016,182.0,R,9.0,798600,35.2,240000000.0,675086369.0,Arjun Rao,Vikram,23,Cloudy,Red,2026-07-09
M1209,Love in Monsoon 4,Animation,Korean,UK,2020,111.0,A,7.4,131,56.4,46000000.0,214921576.0,Raj Mehta,Alex,55,Cloudy,Red,2024-10-10
M2773,Hidden Truth,Sci-Fi,Japanese,South Korea,2008,134.0,PG,7.2,4571,64.6,220000000.0,748348069.0,M. Wilson,Vikram,61,Sunny,Blue,2024-11-28
M2936,Golden Promise 99,Animation,Malayalam,France,1995,188.0,UA,7.5,121,66.9,2000000.0,8229718.0,David Miller,Daniel,48,Cool,Black,2026-01-21
M2667,Love in Monsoon,Horror,Tamil,France,1995,128.0,U,6.2,3513,70.4,99000000.0,535706781.0,M. Wilson,Kiran,15,Hot,Red,2024-11-05
M3296,Road to Victory,Adventure,Japanese,,1999,112.0,UA,7.2,77007,31.9,83000000.0,282740846.0,David Miller,Daniel,25,Cool,Red,2024-05-14
M1240,Ocean of Stars 16,Crime,Tamil,Japan,1997,86.0,R,6.6,143,81.9,77000000.0,163251973.0,David Miller,Ananya,58,Hot,Blue,2024-04-16
M2375,Journey Home,Drama,Japanese,France,2009,157.0,PG,5.4,9698,79.6,144000000.0,706382785.0,Ananya Sen,Meera,51,Cloudy,Yellow,2024-11-23
M1927,Crimson Sky 18,Adventure,Telugu,South Korea,2021,108.0,UA,7.4,12110,50.0,222000000.0,213635638.0,Arjun Rao,Alex,36,Cool,Black,2026-04-25
M0276,Starlight,Sci-Fi,Tamil,South Korea,2014,187.0,PG,6.5,678,72.0,83000000.0,30295883.0,Priya Kumar,Daniel,41,Rainy,Red,2025-10-23
M0490,The Final Mission,Action,Japanese,Japan,2003,131.0,R,6.1,77252,63.2,105000000.0,531909601.0,Arjun Rao,Sophia,47,Hot,Black,2026-04-09
M1799,Hidden Truth 12,Drama,Hindi,India,2001,75.0,UA,7.9,210,66.4,200000000.0,242514980.0,John Carter,Vikram,25,Cloudy,Green,2025-04-22
M1230,The Last Letter,Comedy,Hindi,Australia,2023,174.0,U,4.6,13454,54.1,150000000.0,136065986.0,John Carter,Kiran,14,Sunny,Yellow,2025-05-10
M0691,Beyond the Valley 67,Crime,Kannada,Japan,2004,126.0,U,6.6,1022,81.5,105000000.0,262745447.0,S. Varma,Kiran,41,Cloudy,Blue,2026-11-02
M2004,  STARLIGHT 89  ,Action,Tamil,India,2013,101.0,PG-13,4.4,10480,62.0,76000000.0,169052690.0,John Carter,Rahul,46,Cloudy,Black,2024-07-13
M2427,Secret Agent 89,Drama,Korean,UK,1996,157.0,A,7.4,744,52.7,24000000.0,15083713.0,Priya Kumar,Sophia,31,Hot,Red,2024-03-04
M2311,The Final Mission 57,Romance,Telugu,Australia,1999,138.0,A,6.5,22174,38.3,156000000.0,301875039.0,Raj Mehta,Ananya,26,Sunny,Red,2024-03-08
M2179,Neon Nights,Mystery,Japanese,USA,2021,131.0,PG-13,7.3,15320,48.8,246000000.0,1078776457.0,S. Varma,Vikram,31,Cloudy,Black,2025-07-07
M2675,Digital Hearts,Adventure,Japanese,South Korea,2007,131.0,UA,6.5,28115,56.9,235000000.0,752184643.0,S. Varma,Alex,27,Cool,Blue,2026-10-09
M2917,Midnight Train 4,Sci-Fi,Korean,France,2020,105.0,R,6.7,9286,63.4,56000000.0,263223753.0,M. Wilson,Aarav,54,Hot,Red,2024-02-04
M1059,Chasing Tomorrow,Horror,Telugu,South Korea,2012,,PG-13,7.1,7693,64.6,231000000.0,1254456705.0,Ananya Sen,Ananya,65,Sunny,Black,2025-05-11
M0119,Family Ties 19,Comedy,Japanese,UK,2014,111.0,R,6.7,4159,89.8,178000000.0,293532231.0,M. Wilson,Riya,64,Cloudy,Green,2026-02-18
M1025,A New Beginning 87,Adventure,Kannada,France,2022,116.0,PG,6.4,540123,72.4,200000000.0,439277026.0,Ananya Sen,Vikram,43,Cool,Yellow,2025-11-28
M1988,The Silent Witness 40,Mystery,Kannada,France,2023,180.0,A,6.8,2108,63.1,172000000.0,328558467.0,S. Varma,Meera,32,Sunny,Yellow,2026-02-13
M0282,Midnight Train 73,Thriller,Telugu,UK,2011,90.0,PG-13,7.0,1121,51.4,97000000.0,429425133.0,John Carter,Aarav,34,Hot,Red,2024-03-11
M3279,A New Beginning,Crime,Japanese,India,2007,110.0,UA,8.2,145569,9.0,19000000.0,46869507.0,Priya Kumar,Vikram,19,Cloudy,Blue,2025-11-21
M1317,The Great Escape,Adventure,Tamil,India,1998,83.0,R,6.0,10446,98.3,108000000.0,69803527.0,David Miller,Aarav,21,Sunny,Red,2024-05-23
M2822,Kingdom of Ash,Sci-Fi,Korean,India,2021,140.0,PG-13,7.4,401087,36.2,186000000.0,774666496.0,M. Wilson,Alex,44,Cool,Green,2025-01-26
M0969,Mystery Lake,Animation,Tamil,Australia,2005,91.0,A,5.2,170,70.9,242000000.0,823551263.0,John Carter,Riya,41,Sunny,Green,2026-02-01
M2714,Ocean of Stars 78,Thriller,Tamil,India,1999,110.0,UA,8.4,678843,67.7,192000000.0,456676914.0,David Miller,Sophia,15,Rainy,Black,2025-10-13
M2274,A New Beginning,Horror,Korean,USA,2013,179.0,R,5.9,175830,87.8,175000000.0,289665822.0,Raj Mehta,Aarav,63,Cloudy,Blue,2025-09-20
M2104,The Last Letter 12,Comedy,Hindi,Australia,2021,93.0,R,4.0,6532,68.9,66000000.0,254525621.0,Ananya Sen,Rahul,42,Sunny,Red,2026-09-14
M0620,Chasing Tomorrow,Crime,Hindi,Japan,2010,86.0,PG,5.0,156,59.7,204000000.0,952954016.0,S. Varma,Kiran,40,Rainy,Red,2025-02-10
M2979,Dream Catcher 69,Mystery,Korean,Australia,2004,122.0,PG,6.3,115348,74.0,93000000.0,312448643.0,Raj Mehta,Rahul,40,Hot,Red,2026-02-20
M0156,  GOLDEN PROMISE  ,Drama,Japanese,India,2002,183.0,PG-13,4.8,280,66.0,58000000.0,199304601.0,S. Varma,Rahul,48,Cool,Red,2025-04-09
M3542,Parallel Worlds,Fantasy,Telugu,Japan,2003,120.0,A,5.9,10904,64.1,70000000.0,154963722.0,M. Wilson,Vikram,55,Sunny,Green,2025-05-26
M2246,Hidden Truth 24,Sci-Fi,Tamil,India,1999,171.0,UA,6.7,233,100.0,39000000.0,43289148.0,David Miller,Rahul,55,Cloudy,Green,2024-06-15
M0305,Echoes of Time,Drama,Malayalam,UK,2002,181.0,R,7.6,363945,33.5,106000000.0,139550017.0,Priya Kumar,Meera,51,Cool,Blue,2024-07-13
M3573,Wild Frontier,Fantasy,Telugu,Japan,2011,185.0,UA,4.6,19115,76.4,165000000.0,417467209.0,Raj Mehta,Kiran,19,Cloudy,Yellow,2024-09-28
M3084,The Forgotten Code,Fantasy,Kannada,India,1999,171.0,U,7.2,2498,88.6,52000000.0,256849248.0,Arjun Rao,Sophia,25,Rainy,Black,2026-01-25
M2020,  THE LAST LETTER 23  ,Action,Tamil,France,2016,162.0,U,5.9,8020,62.7,147000000.0,576456228.0,M. Wilson,Kiran,62,Cloudy,Green,08-21-2025
M0126,The Last Letter 61,Romance,Kannada,UK,2017,82.0,A,,55986,92.4,41000000.0,54477112.0,Priya Kumar,Sophia,38,Rainy,Green,2026-09-04
M2712,Neon Nights 25,Animation,Hindi,Japan,2019,172.0,R,8.2,106989,78.5,149000000.0,452347740.0,David Miller,Aarav,45,Cool,Green,2024-02-28
M1308,Shadow Protocol 52,fantasy,Tamil,UK,2002,76.0,PG-13,4.9,242116,54.2,39000000.0,146137755.0,Raj Mehta,Daniel,56,Cloudy,Black,2025-10-18
M2029,The Missing Piece,Mystery,English,UK,2004,103.0,PG-13,7.0,901,66.3,229000000.0,951379168.0,Raj Mehta,Ananya,30,Cool,Blue,2026-05-05
M0576,The Final Mission,Horror,Hindi,,2000,131.0,PG-13,3.0,19350,68.7,60000000.0,210681268.0,Arjun Rao,Daniel,27,Sunny,Blue,2024-06-02
M2376,Golden Promise 74,Drama,Malayalam,France,2012,135.0,PG-13,5.7,2843,96.8,114000000.0,298155578.0,M. Wilson,Riya,32,Cloudy,Black,2026-04-26
M3110,Love in Monsoon 99,Mystery,English,UK,2015,95.0,UA,7.1,101692,64.1,16000000.0,85112577.0,David Miller,Aarav,19,Hot,Green,08-21-2025
M3174,Lost in Mumbai,Adventure,Malayalam,India,2012,163.0,R,6.6,1149,43.5,62000000.0,128036001.0,John Carter,Daniel,29,Hot,Green,2024-08-02
M1300,Ocean of Stars 52,Thriller,Tamil,South Korea,2016,171.0,R,5.4,231,59.9,213000000.0,61420513.0,Raj Mehta,Ananya,57,Cool,Blue,2024-05-12
M0133,Golden Promise 4,Horror,Kannada,USA,2011,143.0,PG,6.7,40321,84.1,126000000.0,140275209.0,John Carter,Aarav,51,Hot,Green,2026-10-19
M3337,After the Storm 48,Sci-Fi,Japanese,Japan,2008,138.0,UA,4.7,762,85.7,75000000.0,269188704.0,Priya Kumar,Riya,33,Rainy,Green,2026-12-16
M2913,Parallel Worlds,Fantasy,Tamil,USA,1995,100.0,U,6.4,3502,62.3,114000000.0,136751474.0,Ananya Sen,Ananya,41,Sunny,Green,2026-05-13
M2408,Journey Home,Fantasy,Korean,UK,2009,81.0,PG-13,7.3,508311,89.3,13000000.0,25993542.0,Raj Mehta,Sophia,64,Cool,Black,2025-08-28
M0844,Wild Frontier,Thriller,Korean,South Korea,2025,160.0,R,6.6,17845,66.9,103000000.0,273887609.0,Arjun Rao,Alex,64,Hot,Yellow,2025-08-23
M1938,Neon Nights 55,Horror,Malayalam,Australia,2000,176.0,A,7.3,3767,78.3,240000000.0,321155007.0,M. Wilson,Rahul,57,Cool,Green,2024-12-19
M1867,Starlight,Action,Tamil,France,2013,124.0,PG-13,5.0,103,60.5,152000000.0,224957416.0,Ananya Sen,Aarav,14,Cloudy,Yellow,2024-08-22
M0270,Parallel Worlds 30,Animation,Korean,France,2002,117.0,UA,8.8,46447,63.7,249000000.0,638257801.0,Arjun Rao,Meera,41,Cool,Black,2024-08-15
M0630,Starlight 77,Crime,Japanese,South Korea,1997,90.0,R,9.4,290,60.1,126000000.0,218117362.0,Arjun Rao,Alex,24,Hot,Black,2026-12-14
M1034,The Great Escape,Action,English,USA,1999,98.0,A,8.1,44178,82.4,32000000.0,49192579.0,Arjun Rao,Kiran,47,Cloudy,Red,2024-12-22
M2658,Hidden Truth,Mystery,Malayalam,India,2016,137.0,UA,7.8,4714,66.0,157000000.0,755170869.0,M. Wilson,Sophia,26,Cloudy,Red,2026-12-04
M0287,Ocean of Stars 82,Romance,,USA,2012,143.0,UA,6.8,25865,41.8,2000000.0,7846128.0,S. Varma,Riya,60,Rainy,Blue,2025-12-11
M1327,Midnight Train 65,Crime,Hindi,France,2011,156.0,UA,5.6,101002,36.1,227000000.0,1021036130.0,Ananya Sen,Daniel,65,Sunny,Yellow,2026-11-13
M3441,City of Dreams 32,Mystery,Telugu,,2020,142.0,A,4.9,130270,67.9,206000000.0,274531825.0,,Kiran,29,Hot,Blue,2025-02-23
M0301,Ocean of Stars 50,Romance,Korean,Japan,2007,121.0,A,6.5,244875,31.6,151000000.0,612153406.0,M. Wilson,Meera,51,Sunny,Yellow,2024-08-06
M2012,Golden Promise,Animation,English,Japan,2006,119.0,UA,6.3,722,75.3,247000000.0,312755531.0,M. Wilson,Rahul,61,Cloudy,Red,2025/08/21
M1448,A New Beginning 45,Adventure,Japanese,Canada,2017,134.0,PG,6.5,733,63.6,53000000.0,229834342.0,S. Varma,Vikram,41,Sunny,Red,2026-06-17
M1473,Mystery Lake,Horror,Hindi,France,2003,119.0,U,7.3,927,75.1,212000000.0,83232464.0,David Miller,Riya,19,Cool,Blue,2025-09-19
M2890,Parallel Worlds,Animation,Telugu,UK,2025,130.0,UA,9.2,491,45.7,37000000.0,117318400.0,Raj Mehta,Rahul,31,Rainy,Blue,2024-07-17
M3556,The Great Escape 71,Crime,Korean,USA,2024,190.0,U,6.7,1081,67.6,43000000.0,26010036.0,David Miller,Daniel,20,Cool,Yellow,2026-03-16
M1954,Wild Frontier,Action,Hindi,India,2011,173.0,A,5.8,7525,82.1,66000000.0,360207186.0,Raj Mehta,Ananya,25,Cloudy,Yellow,2024-02-27
M0066,The Forgotten Code 14,Mystery,Hindi,Australia,2024,111.0,UA,8.0,297694,78.0,59000000.0,117491085.0,John Carter,Aarav,15,Cloudy,Blue,2025-06-12
M3477,The Final Mission 35,Action,Hindi,UK,2024,146.0,R,9.0,3426,61.7,99000000.0,133782404.0,Priya Kumar,Sophia,28,Sunny,Black,2025-06-26
M0891,Midnight Train,,Kannada,USA,1998,78.0,A,6.0,382,74.1,137000000.0,222121408.0,Priya Kumar,Ananya,55,Rainy,Red,2025-03-14
M3019,The Final Mission 68,Drama,Japanese,Canada,1995,87.0,PG-13,8.7,10028,83.7,81000000.0,220396967.0,S. Varma,Kiran,46,Rainy,Red,2026-03-26
M3155,Parallel Worlds 25,Horror,Korean,Australia,2004,91.0,R,,7043,59.8,69000000.0,317070137.0,Raj Mehta,Vikram,20,Hot,Yellow,2024-10-11
M2294,Rainy Day 10,Horror,Japanese,UK,2010,180.0,UA,6.2,2333,34.6,176000000.0,836301619.0,Arjun Rao,Vikram,33,Rainy,Green,2024-04-11
M1816,Shadow Protocol,,Korean,Canada,1999,87.0,PG,7.0,5041,58.5,143000000.0,176234223.0,S. Varma,Sophia,54,Sunny,Blue,2025-08-14
M0231,The Silent Witness 6,Thriller,English,Japan,2019,162.0,A,6.8,231542,78.6,58000000.0,271214485.0,Arjun Rao,Riya,34,Rainy,Black,2024-12-03
M0504,Lost in Mumbai,Fantasy,Telugu,Australia,2008,189.0,U,8.8,20391,91.3,43000000.0,168730236.0,Ananya Sen,Vikram,16,Rainy,Red,2024-08-09
M2830,The Silent Witness 30,Fantasy,Hindi,Australia,1999,89.0,UA,7.8,497,95.1,74000000.0,162324974.0,Raj Mehta,Rahul,57,Rainy,Yellow,2024-09-12
M0020,Dream Catcher 98,Comedy,English,Australia,2016,157.0,PG-13,6.2,1636,61.3,77000000.0,148107313.0,Arjun Rao,Riya,47,Rainy,Yellow,2025-03-12
M2068,Journey Home,Romance,Japanese,Canada,2012,182.0,PG,6.1,966,73.2,101000000.0,411919743.0,Arjun Rao,Daniel,36,Sunny,Red,2024-02-18
M1526,The Missing Piece,Crime,Telugu,Australia,2020,78.0,UA,5.0,354975,81.1,176000000.0,626492089.0,S. Varma,Riya,33,Cool,Black,2025-05-25
M2092,Journey Home,Thriller,Hindi,UK,2022,149.0,U,6.8,411,36.5,118000000.0,443227583.0,Ananya Sen,Aarav,16,Cool,Yellow,2024-11-25
M2160,City of Dreams,Action,Kannada,India,2012,169.0,UA,7.5,101327,48.9,93000000.0,246481716.0,Priya Kumar,Daniel,49,Hot,Red,2026-11-08
M1005,Midnight Train,Sci-Fi,Japanese,Canada,2020,75.0,R,7.1,299447,86.5,167000000.0,561756217.0,Raj Mehta,Daniel,36,Sunny,Yellow,2025-08-27
M0837,The Forgotten Code 20,Horror,Japanese,France,2025,81.0,UA,8.2,1148,42.9,249000000.0,301347796.0,M. Wilson,Aarav,55,Rainy,Red,2024-05-10
M2167,Wild Frontier 35,Horror,Tamil,Japan,2014,148.0,UA,6.0,138,84.9,143000000.0,735553298.0,M. Wilson,Alex,19,Sunny,Blue,2024-12-02
M0375,The Last Letter 66,Comedy,Telugu,UK,2009,181.0,PG,6.8,31752,64.8,166000000.0,756818399.0,S. Varma,Sophia,41,Sunny,Red,2025-10-23
M2808,Secret Agent 64,Thriller,Malayalam,Australia,2023,157.0,PG,8.1,81212,49.4,143000000.0,214912383.0,Arjun Rao,Alex,26,Hot,Yellow,2026-09-14
M2563,Chasing Tomorrow 8,Animation,Japanese,Canada,2020,130.0,R,7.5,147993,48.7,174000000.0,661092608.0,John Carter,Meera,38,Hot,Yellow,2024-01-15
M2688,Shadow Protocol 57,Fantasy,Tamil,Canada,2019,88.0,PG-13,7.4,41285,67.1,210000000.0,236969623.0,Priya Kumar,Riya,33,Hot,Black,2025-12-14
M0940,Rainy Day 59,Romance,Malayalam,France,2012,157.0,PG,5.1,54821,62.0,52000000.0,163761654.0,S. Varma,Rahul,18,Hot,Blue,2025-02-11
M1322,The Forgotten Code,Romance,Hindi,France,2007,95.0,PG,8.6,47048,51.0,39000000.0,51637191.0,Raj Mehta,Kiran,16,Cloudy,Black,2026-06-27
M2587,Family Ties,Fantasy,Telugu,Australia,2023,75.0,R,5.0,223996,46.5,22000000.0,120838092.0,,Ananya,59,Rainy,Yellow,2024-10-01
M2515,Digital Hearts,Adventure,Telugu,Australia,1999,171.0,UA,6.4,3593,86.0,13000000.0,14305191.0,Priya Kumar,Meera,20,Rainy,Green,2025-08-06
M0752,Wild Frontier 38,Fantasy,Hindi,France,1998,134.0,U,7.0,1847,76.1,107000000.0,174240177.0,John Carter,Aarav,54,Cool,Black,2024-06-05
M0100,Echoes of Time 76,Mystery,Telugu,Japan,2016,152.0,A,7.3,25879,53.7,224000000.0,164852841.0,S. Varma,Vikram,51,Sunny,Green,2026-07-21
M1544,A New Beginning 80,Crime,Telugu,India,2005,171.0,U,,1730,78.2,154000000.0,656257382.0,David Miller,Ananya,44,Hot,Red,2024-08-15
M2289,Road to Victory,Horror,English,Australia,2002,162.0,A,7.2,7331,100.0,159000000.0,220138658.0,David Miller,Alex,30,Sunny,Green,2024-11-20
M0867,Echoes of Time 5,Romance,Kannada,Japan,1996,172.0,R,7.1,28724,78.9,36000000.0,84132588.0,John Carter,Daniel,58,Rainy,Yellow,2026-05-16
M0911,Kingdom of Ash 22,Mystery,Korean,France,2000,172.0,PG-13,5.5,13786,100.0,249000000.0,280281891.0,Ananya Sen,Ananya,35,Sunny,Red,2025-03-13
M2718,Lost in Mumbai 18,Romance,Japanese,Australia,2013,78.0,UA,7.6,41829,94.7,215000000.0,486453080.0,Arjun Rao,Aarav,52,Sunny,Black,2025-05-09
M1576,Starlight 29,Animation,Kannada,India,2011,132.0,PG,6.0,9246,68.9,131000000.0,152996627.0,M. Wilson,Ananya,49,Hot,Red,2025-11-27
M0530,Echoes of Time,Action,Malayalam,France,2007,172.0,PG,8.5,162176,60.0,10000000.0,47450803.0,John Carter,Sophia,35,Sunny,Green,2026-10-05
M1261,Ocean of Stars,Horror,English,India,2016,96.0,U,6.2,31602,80.1,210000000.0,391662377.0,S. Varma,Ananya,65,Sunny,Green,2025-12-21
M1771,Golden Promise 7,Action,Tamil,Australia,2004,183.0,A,6.3,1182,66.7,39000000.0,14579734.0,Ananya Sen,Alex,61,Cool,Yellow,2026-03-28
M2235,Broken Compass 19,Sci-Fi,Kannada,France,2013,146.0,A,8.2,9236,81.1,32000000.0,158031661.0,M. Wilson,Meera,19,Sunny,Green,2026-09-05
M0637,Journey Home,Crime,Telugu,France,2015,164.0,UA,9.3,10392,33.7,166000000.0,700771348.0,Priya Kumar,Rahul,37,Sunny,Yellow,2024-02-09
M1270,Shadow Protocol 5,Animation,Japanese,France,2009,130.0,U,7.7,455,70.3,98000000.0,522549023.0,Raj Mehta,Kiran,18,Cloudy,Red,2025-07-26
M0186,Shadow Protocol 90,Drama,Korean,France,1998,105.0,PG-13,5.5,12517,31.9,79000000.0,400943546.0,David Miller,Alex,37,Hot,Red,2025-11-18
M2290,Mystery Lake 85,Fantasy,Korean,UK,2016,77.0,A,5.7,14381,77.1,75000000.0,115665031.0,Ananya Sen,Kiran,31,Hot,Black,2025-10-03
M1768,Ocean of Stars 75,Drama,Hindi,Japan,2023,172.0,PG,6.0,307950,67.8,108000000.0,324862704.0,Raj Mehta,Rahul,55,Sunny,Yellow,2024-03-05
M2959,The Forgotten Code 4,Fantasy,Korean,UK,2020,143.0,PG-13,5.2,1746,35.8,99000000.0,345708698.0,S. Varma,Alex,63,Hot,Green,2024-12-10
M0932,Journey Home 78,Drama,Telugu,India,2008,168.0,R,8.2,87270,86.2,42000000.0,202698507.0,M. Wilson,Riya,34,Sunny,Blue,2025-10-23
M1442,The Missing Piece 35,Horror,Hindi,South Korea,1995,117.0,UA,8.1,33676,75.0,193000000.0,1029733223.0,S. Varma,Meera,61,Rainy,Yellow,2025-09-04
M2047,Ocean of Stars,Animation,Kannada,France,2008,92.0,UA,7.9,201454,66.6,217000000.0,190037435.0,Priya Kumar,Vikram,13,Sunny,Black,2025-02-11
M3377,A New Beginning,Thriller,Kannada,Canada,1998,176.0,PG-13,7.3,817,41.5,218000000.0,135933917.0,Ananya Sen,Ananya,38,Cloudy,Red,2025-06-01
M1536,The Forgotten Code 75,Comedy,Korean,Canada,2010,98.0,A,6.9,1058,58.1,139000000.0,66364166.0,Raj Mehta,Daniel,62,Cool,Black,2024-03-27
M0866,Family Ties,Thriller,Kannada,South Korea,1997,133.0,R,4.9,9141,71.4,231000000.0,941758750.0,M. Wilson,Sophia,63,Hot,Green,2026-05-20
M2901,A New Beginning 27,Comedy,Hindi,UK,2018,158.0,R,6.2,630,25.0,14000000.0,25165728.0,Arjun Rao,Meera,50,Cloudy,Yellow,2024-09-05
M1274,Ocean of Stars 84,Sci-Fi,Kannada,South Korea,2008,109.0,U,7.2,588,47.0,24000000.0,17215996.0,Arjun Rao,Ananya,31,Sunny,Black,2026-06-04
M3354,The Forgotten Code 27,Fantasy,Hindi,South Korea,2006,109.0,R,6.3,1463,5.1,193000000.0,201205394.0,M. Wilson,Daniel,22,Cloudy,Blue,2025-05-08
M2120,Neon Nights 30,Comedy,Japanese,South Korea,2012,145.0,PG-13,6.1,2281,43.5,138000000.0,370670732.0,Raj Mehta,Ananya,14,Cloudy,Green,2026-09-01
M0608,The Forgotten Code,Sci-Fi,Korean,USA,2000,76.0,PG-13,4.8,180,48.4,30000000.0,42289422.0,Ananya Sen,Rahul,23,Hot,Green,2026-05-17
M2003,The Great Escape 97,Horror,Korean,Japan,2004,187.0,PG,6.9,1158,59.0,116000000.0,559026284.0,David Miller,Kiran,49,Hot,Red,2024-07-22
M1713,The Last Horizon 76,Animation,Korean,France,2009,129.0,UA,8.9,2200,49.6,204000000.0,340571799.0,,Vikram,60,Sunny,Yellow,2025-04-14
M3146,Digital Hearts,Animation,Kannada,Canada,2016,106.0,U,6.7,54702,31.8,114000000.0,618782019.0,David Miller,Vikram,63,Hot,Yellow,2024-05-14
M0152,Secret Agent,Action,Tamil,Canada,1998,79.0,U,6.5,608037,46.8,208000000.0,995735055.0,Arjun Rao,Alex,15,Hot,Yellow,2026-12-28
M1908,Road to Victory 21,Romance,Tamil,Japan,2002,104.0,PG,9.4,202909,68.2,27000000.0,6765024.0,S. Varma,Riya,43,Sunny,Black,2024-02-15
M2600,Shadow Protocol 19,Comedy,,France,2003,174.0,R,7.1,969,55.5,16000000.0,29607198.0,Ananya Sen,Daniel,57,Cloudy,Red,2025-04-13
M1974,After the Storm,Crime,Korean,Australia,2020,174.0,PG,6.8,109,73.0,61000000.0,57476487.0,Ananya Sen,Sophia,25,Hot,Black,2024-06-22
M2331,A New Beginning,Mystery,Korean,Japan,2001,94.0,PG-13,6.7,26363,100.0,126000000.0,388616761.0,S. Varma,Daniel,60,Cloudy,Yellow,2025-11-24
M0732,Digital Hearts,Adventure,Korean,France,2012,87.0,PG,5.2,217290,60.9,71000000.0,346307281.0,Arjun Rao,Ananya,59,Cloudy,Black,2024-03-26
M2571,Journey Home 55,Crime,Hindi,UK,2007,149.0,R,8.5,4136,88.8,190000000.0,82868528.0,Ananya Sen,Meera,44,Cool,Red,2026-10-18
M2317,The Final Mission 45,Animation,Malayalam,USA,2001,107.0,U,7.1,69979,64.8,168000000.0,881698253.0,John Carter,Rahul,35,Sunny,Red,2025-03-04
M3425,Shadow Protocol 11,Sci-Fi,Hindi,UK,2018,133.0,R,8.4,8831,43.3,30000000.0,36317475.0,M. Wilson,Meera,54,Rainy,Green,2025-08-10
M0024,Golden Promise 7,Horror,Tamil,Canada,2008,91.0,R,6.9,1686,59.0,11000000.0,31849671.0,Arjun Rao,Sophia,62,Cool,Black,2026-12-05
M3048,Secret Agent 80,Adventure,English,Japan,1996,186.0,UA,5.9,16510,76.9,167000000.0,754058066.0,M. Wilson,Rahul,51,Rainy,Red,2026-09-15
M0159,Kingdom of Ash,Thriller,Korean,Australia,2001,125.0,PG-13,8.1,986,53.5,235000000.0,895811640.0,Priya Kumar,Daniel,29,Cloudy,Yellow,2025-08-04
M1749,The Forgotten Code,Mystery,Tamil,India,2012,79.0,PG,6.1,2492,43.1,45000000.0,11015681.0,Ananya Sen,Sophia,44,Cool,Blue,2026-04-15
M0862,Dream Catcher 89,Crime,Japanese,Canada,2023,78.0,UA,5.1,258,50.8,53000000.0,110290759.0,M. Wilson,Kiran,54,Sunny,Yellow,2025-03-08
M2115,Road to Victory 96,Horror,,USA,2009,75.0,A,9.0,11652,60.1,8000000.0,18368736.0,Arjun Rao,Meera,39,Cloudy,Red,2026-07-27
M0903,  HIDDEN TRUTH  ,Drama,English,UK,2023,177.0,R,5.6,97114,51.5,99000000.0,152562921.0,Raj Mehta,Ananya,23,Hot,Green,2024-10-16
M0353,The Final Mission 59,Fantasy,Korean,India,2019,145.0,R,6.9,23417,62.1,238000000.0,737204116.0,Raj Mehta,Daniel,51,Sunny,Yellow,2024-05-01
M1231,Shadow Protocol 47,Animation,Tamil,Australia,2012,92.0,PG-13,8.0,434,77.9,42000000.0,31620093.0,Priya Kumar,Meera,13,Cool,Red,2024-01-09
M3205,The Last Horizon 25,Action,Tamil,France,2015,154.0,PG,6.4,435951,81.8,192000000.0,680107180.0,David Miller,Alex,56,Sunny,Black,2026-11-09
M0445,Road to Victory,Animation,Malayalam,Australia,1998,135.0,PG-13,6.7,1050,60.9,182000000.0,274635749.0,Priya Kumar,Riya,25,Hot,Blue,2024-07-06
M3581,Broken Compass 82,Mystery,Korean,France,1996,83.0,R,6.1,433887,66.5,132000000.0,465705070.0,Arjun Rao,Kiran,13,Hot,Blue,2024-09-11
M0755,The Final Mission 43,Crime,Kannada,France,2019,159.0,U,5.9,221,76.6,135000000.0,527097886.0,Raj Mehta,Aarav,59,Rainy,Red,2024-11-04
M1738,Ocean of Stars 83,Horror,Malayalam,Australia,2018,114.0,R,7.0,2417,82.4,229000000.0,508397970.0,Arjun Rao,Meera,50,Cool,Yellow,2026-10-09
M0924,Beyond the Valley,Comedy,Malayalam,USA,2012,120.0,A,8.3,546666,67.7,102000000.0,326241720.0,Ananya Sen,Meera,65,Sunny,Red,2026-03-22
M1667,The Last Letter,Fantasy,Malayalam,France,2002,87.0,PG,6.6,3762,7.0,145000000.0,550550282.0,Priya Kumar,Alex,36,Sunny,Green,2024-09-14
M3598,The Great Escape 83,Drama,English,Canada,2006,173.0,R,7.0,488,35.6,124000000.0,442118760.0,Raj Mehta,Riya,25,Rainy,Black,2026-07-03
M2555,Secret Agent 23,Animation,Malayalam,Australia,2007,122.0,R,6.4,77344,85.4,142000000.0,500807331.0,Raj Mehta,Ananya,31,Cloudy,Black,2026-04-08
M0312,Hidden Truth 83,Action,Hindi,UK,2017,162.0,PG,6.7,834,74.5,181000000.0,106705429.0,S. Varma,Riya,17,Cloudy,Red,2025-02-20
M1376,The Great Escape,Drama,Telugu,South Korea,1999,104.0,PG,9.8,15558,92.2,138000000.0,152533144.0,S. Varma,Sophia,24,Hot,Green,2026-03-07
M0549,Crimson Sky,Mystery,Tamil,South Korea,2003,151.0,U,8.2,26454,100.0,65000000.0,82352021.0,David Miller,Kiran,49,Sunny,Green,2024-07-23
M2422,Journey Home 91,Horror,Japanese,Japan,2003,140.0,PG,5.8,180728,78.9,9000000.0,21847845.0,David Miller,Alex,29,Rainy,Red,2026-02-14
M1747,Kingdom of Ash 71,Action,Hindi,India,2019,134.0,A,3.4,4002,62.0,135000000.0,192530004.0,Arjun Rao,Alex,31,Cloudy,Red,2025-02-20
M2751,Mystery Lake,Fantasy,English,Japan,2009,76.0,UA,6.7,386,72.5,189000000.0,504558891.0,Priya Kumar,Aarav,48,Hot,Yellow,2025-05-10
M2847,The Final Mission 55,Horror,English,South Korea,1997,108.0,A,6.8,755,47.9,214000000.0,508703374.0,Arjun Rao,Sophia,24,Hot,Green,2025-06-22
M0307,Code Zero,Crime,English,France,2019,90.0,PG-13,7.4,502,70.2,24000000.0,35015510.0,S. Varma,Sophia,15,Cool,Black,2024-08-26
M0288,Hidden Truth 34,Animation,Hindi,Canada,1996,86.0,A,6.5,1880,65.5,19000000.0,55933562.0,S. Varma,Rahul,41,Hot,Black,2025-01-13
M0695,Crimson Sky 48,Sci-Fi,Japanese,Canada,2013,79.0,U,6.7,72431,50.7,154000000.0,526014433.0,Ananya Sen,Aarav,61,Hot,Green,2025-11-06
M0309,Broken Compass,Horror,Korean,Japan,2011,75.0,U,7.8,2524,8.0,97000000.0,324236032.0,David Miller,Rahul,54,Cool,Green,2025-09-14
M3568,A New Beginning 84,Romance,Malayalam,Australia,2002,136.0,UA,6.6,81876,82.3,22000000.0,112867653.0,Arjun Rao,Riya,40,Sunny,Blue,2025-07-28
M1757,Rainy Day,Crime,English,France,2005,115.0,UA,7.8,148,52.4,118000000.0,644054453.0,M. Wilson,Alex,64,Hot,Blue,2024-05-06
M2804,Wild Frontier 87,Drama,Telugu,UK,1995,186.0,PG-13,8.6,1094,68.8,230000000.0,781412351.0,Ananya Sen,Ananya,35,Rainy,Yellow,2025-09-20
M2313,Family Ties 60,Action,Tamil,France,2004,133.0,PG,6.3,349605,100.0,121000000.0,257113231.0,S. Varma,Sophia,38,Sunny,Blue,2026-08-13
M0750,Neon Nights,Animation,Malayalam,Australia,2004,126.0,R,5.7,161317,95.4,124000000.0,458230477.0,Arjun Rao,Rahul,22,Sunny,Red,2024-12-22
M1591,Echoes of Time 86,Horror,Tamil,France,2020,159.0,PG-13,5.9,440451,82.3,239000000.0,959772748.0,Raj Mehta,Alex,18,Rainy,Red,2025-06-08
M1171,Neon Nights 80,Fantasy,Malayalam,France,2012,173.0,U,6.8,1365,74.6,249000000.0,669276209.0,Arjun Rao,Meera,44,Cool,Yellow,2025-07-18
M3340,The Missing Piece 47,Comedy,Korean,France,2006,137.0,U,5.9,534,63.9,181000000.0,573896028.0,Raj Mehta,Meera,38,Cloudy,Green,2025-10-02
M1267,The Final Mission 6,Comedy,Korean,South Korea,2009,162.0,UA,4.1,693409,41.1,36000000.0,62961100.0,John Carter,Vikram,26,Cool,Red,2026-08-06
M1884,Beyond the Valley 86,Romance,Malayalam,India,2009,78.0,R,7.3,102,67.5,123000000.0,186227164.0,David Miller,Daniel,21,Rainy,Red,2026-05-04
M2130,The Silent Witness,Drama,Korean,Japan,2007,149.0,A,6.4,2443,40.5,232000000.0,1019018609.0,Ananya Sen,Daniel,62,Hot,Green,2026-02-23
M0909,Digital Hearts,Adventure,Telugu,France,2015,156.0,UA,,7374,90.0,220000000.0,1127050235.0,John Carter,Aarav,38,Cloudy,Black,2026-07-16
M1949,Chasing Tomorrow,Drama,Japanese,South Korea,2023,119.0,PG-13,5.9,361,88.3,176000000.0,835439031.0,M. Wilson,Daniel,18,Sunny,Green,2026-07-22
M0087,Parallel Worlds 36,Adventure,Malayalam,Japan,1995,152.0,A,7.2,189,52.5,238000000.0,449955860.0,Raj Mehta,Vikram,22,Cool,Black,2024-03-24
M2877,The Forgotten Code,Comedy,Malayalam,Japan,1995,83.0,PG,6.3,352135,64.3,122000000.0,359602318.0,John Carter,Aarav,34,Sunny,Yellow,2026-11-19
M1905,City of Dreams,Drama,Japanese,France,2018,182.0,PG-13,5.6,2211,75.4,22000000.0,11575917.0,Priya Kumar,Riya,64,Cool,Red,2024-05-21
M3201,The Missing Piece 98,Mystery,English,Australia,2021,121.0,A,6.0,248814,43.4,162000000.0,673144040.0,Priya Kumar,Rahul,23,Cloudy,Black,2026-08-01
M0971,Echoes of Time,Fantasy,Kannada,USA,2024,154.0,PG-13,6.7,434,48.9,19000000.0,22375026.0,Arjun Rao,Aarav,58,Rainy,Red,2026-02-06
M0014,Broken Compass 94,Crime,Japanese,Canada,2003,160.0,PG,6.7,3288,59.0,125000000.0,204768733.0,S. Varma,Ananya,19,Sunny,Black,2025-07-14
M0874,Hidden Truth 83,Comedy,Tamil,Australia,2009,87.0,U,8.1,495763,76.7,138000000.0,320315258.0,M. Wilson,Riya,43,Rainy,Blue,2026-10-07
M1724,Broken Compass,Romance,Hindi,Australia,2006,171.0,UA,7.4,316,47.5,104000000.0,255256500.0,John Carter,Aarav,26,Hot,Yellow,2025-09-28
M0809,Family Ties,Comedy,Telugu,France,2001,185.0,PG-13,7.3,942,58.8,242000000.0,386041046.0,M. Wilson,Kiran,59,Cool,Red,2024-08-09
M3116,Journey Home,Sci-Fi,Malayalam,UK,2006,114.0,PG,6.6,82907,38.2,121000000.0,204790471.0,David Miller,Alex,29,Rainy,Black,2026-02-02
M0515,Lost in Mumbai,Fantasy,Japanese,South Korea,2023,165.0,A,8.1,8440,65.4,77000000.0,301991802.0,David Miller,Ananya,24,Sunny,Yellow,2025-11-04
M2914,The Great Escape 5,Fantasy,Japanese,,2000,114.0,U,9.1,11937,76.6,216000000.0,540314170.0,Priya Kumar,Ananya,35,Cloudy,Yellow,2026-03-28
M0410,Rainy Day 18,Animation,Hindi,South Korea,2018,154.0,A,5.5,5188,25.7,7000000.0,24140058.0,David Miller,Alex,30,Cloudy,Green,2024-12-04
M2270,The Silent Witness,Action,Telugu,Canada,2011,80.0,U,8.3,584258,83.5,102000000.0,161170812.0,S. Varma,Daniel,38,Cool,Red,2025-04-10
M1338,City of Dreams,,Kannada,UK,2022,157.0,UA,5.8,27963,65.7,240000000.0,370069009.0,M. Wilson,Meera,41,Rainy,Yellow,2025-07-22
M1414,Secret Agent 40,Comedy,Japanese,France,2010,93.0,PG,5.9,1169,62.2,196000000.0,1057229675.0,Raj Mehta,Kiran,13,Cool,Yellow,2025-05-22
M2740,Wild Frontier,Fantasy,Japanese,USA,2013,82.0,PG-13,6.6,2780,54.0,204000000.0,348726164.0,Priya Kumar,Ananya,58,Hot,Blue,2026-02-16
M2950,The Missing Piece 81,Animation,Telugu,Canada,2008,153.0,U,4.8,37380,100.0,122000000.0,57102161.0,M. Wilson,Aarav,14,Cool,Blue,2024-04-25
M1823,Neon Nights 78,Adventure,Telugu,Australia,2019,80.0,PG-13,6.3,453938,39.6,2000000.0,4398871.0,M. Wilson,Sophia,53,Hot,Blue,2026-04-21
M2359,Lost in Mumbai,Animation,Telugu,South Korea,2018,89.0,A,7.6,687,64.2,227000000.0,134620820.0,S. Varma,Daniel,15,Rainy,Green,2024-08-28
M0007,Echoes of Time 33,Adventure,Malayalam,France,2023,157.0,PG-13,8.6,601,60.5,118000000.0,345202217.0,S. Varma,Sophia,27,Rainy,Yellow,2025-02-25
M0383,The Missing Piece 28,Adventure,Tamil,India,2022,110.0,U,7.0,690855,58.3,85000000.0,124750636.0,Arjun Rao,Meera,59,Cool,Green,2025-10-28
M2195,A New Beginning 18,Mystery,Japanese,Australia,2020,100.0,UA,7.3,4472,99.5,84000000.0,268672596.0,M. Wilson,Riya,33,Hot,Green,2026-07-22
M2656,Ocean of Stars,Comedy,Telugu,USA,2005,100.0,PG,6.3,460677,79.8,236000000.0,443635167.0,M. Wilson,Alex,14,Rainy,Black,2025-07-13
M1984,Beyond the Valley 11,Thriller,Tamil,Canada,2003,123.0,UA,8.8,220,89.5,172000000.0,848946126.0,Priya Kumar,Daniel,16,Sunny,Blue,2024-08-06
M1980,The Silent Witness 82,Mystery,Telugu,Japan,2025,100.0,UA,8.4,5396,66.1,204000000.0,658006291.0,S. Varma,Riya,19,Cool,Black,2026-09-19
M2506,After the Storm 9,Sci-Fi,English,South Korea,1995,179.0,U,5.4,39173,62.5,240000000.0,320274724.0,M. Wilson,Sophia,13,Rainy,Green,2024-04-01
M1714,Code Zero,Romance,Malayalam,Japan,2019,133.0,UA,5.1,155,91.7,163000000.0,59430035.0,M. Wilson,Ananya,35,Hot,Blue,2025-12-06
M2370,Secret Agent 75,Animation,Kannada,India,2019,160.0,U,7.0,599300,68.9,175000000.0,478243588.0,Raj Mehta,Sophia,36,Cool,Red,2026-02-03
M3530,Wild Frontier 63,Horror,Malayalam,USA,2006,156.0,UA,6.7,12559,97.3,170000000.0,87649268.0,M. Wilson,Kiran,44,Sunny,Blue,2026-09-03
M1394,Wild Frontier 87,Adventure,Telugu,France,2013,126.0,UA,6.2,295,75.9,60000000.0,282788820.0,John Carter,Vikram,15,Hot,Black,2024-06-22
M0553,City of Dreams,Mystery,Kannada,Canada,2009,76.0,U,7.6,483817,57.6,57000000.0,56351262.0,John Carter,Ananya,27,Hot,Green,2024-05-16
M3374,Chasing Tomorrow 49,Adventure,Telugu,Canada,2009,153.0,A,7.6,113782,69.3,37000000.0,42850164.0,David Miller,Alex,45,Sunny,Blue,2026-04-10
M0223,Digital Hearts,Sci-Fi,Kannada,UK,2020,169.0,UA,6.8,48629,100.0,15000000.0,37568773.0,Ananya Sen,Alex,33,Cloudy,Yellow,2024-12-23
M1383,Digital Hearts 58,Drama,Japanese,UK,2006,156.0,A,5.5,3673,64.8,139000000.0,286167900.0,Arjun Rao,Vikram,22,Cloudy,Yellow,2024-10-26
M1097,Kingdom of Ash 37,Sci-Fi,English,South Korea,2001,186.0,U,6.3,125545,85.0,171000000.0,887021341.0,S. Varma,Meera,23,Sunny,Blue,2026-08-17
M3142,Broken Compass,Adventure,Japanese,UK,2012,178.0,R,7.4,66960,53.2,25000000.0,79864854.0,David Miller,Meera,64,Cool,Blue,2026-02-12
M0009,Road to Victory,Mystery,Kannada,USA,2018,89.0,A,6.0,46840,59.2,175000000.0,443241437.0,S. Varma,Vikram,42,Sunny,Green,2026-03-17
M0635,Midnight Train 26,Drama,Malayalam,Canada,2017,87.0,UA,6.8,727,45.9,170000000.0,69075896.0,Ananya Sen,Alex,35,Cloudy,Red,2026-10-14
M0317,Road to Victory,Crime,Malayalam,Australia,2011,107.0,PG,8.1,635,69.8,225000000.0,178464146.0,M. Wilson,Ananya,61,Cloudy,Black,2026-08-19
M1329,Midnight Train,Romance,Hindi,USA,2025,100.0,R,8.0,349199,64.2,244000000.0,161847415.0,Priya Kumar,Kiran,44,Hot,Blue,2025-12-09
M0428,Journey Home 96,Mystery,Korean,Japan,2014,103.0,U,4.9,125841,90.3,17000000.0,11778456.0,David Miller,Sophia,63,Rainy,Blue,2026-03-11
M1989,Digital Hearts,Action,Korean,South Korea,1996,116.0,PG-13,8.0,23864,73.0,184000000.0,868814288.0,Raj Mehta,Alex,59,Hot,Blue,2024-05-05
M0106,The Last Letter,Action,Korean,India,2025,103.0,PG,6.8,165,59.2,210000000.0,174244340.0,Priya Kumar,Ananya,37,Sunny,Green,2024-01-11
M3318,The Final Mission 52,Comedy,Korean,Japan,2006,153.0,U,7.3,9268,32.9,50000000.0,63837410.0,John Carter,Meera,24,Cloudy,Green,2024-02-28
M0143,Neon Nights 45,Thriller,Tamil,UK,2015,107.0,PG-13,5.9,119,36.6,184000000.0,350891602.0,S. Varma,Rahul,45,Cloudy,Blue,2025-11-04
M0122,Lost in Mumbai,Fantasy,Japanese,Japan,2013,84.0,UA,7.0,780,75.3,33000000.0,124080449.0,David Miller,Vikram,40,Cool,Blue,2024-09-05
M2500,Crimson Sky,Crime,Korean,Japan,2025,164.0,UA,5.6,348,68.2,134000000.0,239881647.0,M. Wilson,Riya,36,Cloudy,Black,2024-02-01
M2865,A New Beginning 80,Animation,Hindi,India,2024,158.0,PG-13,7.9,29289,10.2,5000000.0,22218359.0,M. Wilson,Sophia,24,Hot,Yellow,2025-07-12
M3471,Midnight Train 67,Thriller,Kannada,Australia,2019,145.0,U,5.7,1298,66.2,177000000.0,523561176.0,S. Varma,Alex,56,Sunny,Yellow,2026-11-17
M1190,The Silent Witness,Thriller,Tamil,USA,2006,183.0,PG-13,9.1,72709,55.4,132000000.0,722796890.0,Ananya Sen,Vikram,58,Cool,Blue,2026-03-07
M2440,Neon Nights,Fantasy,Hindi,Canada,2024,107.0,UA,9.3,559694,67.9,102000000.0,157533709.0,Raj Mehta,Vikram,33,Rainy,Green,2024-04-18
M3144,Golden Promise 94,Fantasy,Japanese,France,2002,106.0,U,7.4,6132,87.2,129000000.0,616980179.0,David Miller,Kiran,44,Cloudy,Yellow,2024-08-06
M2032,The Forgotten Code,Thriller,English,USA,2014,104.0,R,5.2,566721,56.9,14000000.0,40750891.0,Priya Kumar,Vikram,42,Rainy,Blue,2026-02-25
M1690,Mystery Lake,Crime,Kannada,South Korea,2000,168.0,R,7.5,287,71.1,32000000.0,174341741.0,Arjun Rao,Meera,30,Cool,Blue,2025-02-15
M0116,Hidden Truth 83,Sci-Fi,Kannada,UK,2015,176.0,U,5.1,437042,100.0,243000000.0,1164003683.0,David Miller,Alex,56,Hot,Blue,2024-02-08
M3579,Love in Monsoon 54,Fantasy,English,Australia,1995,154.0,PG,4.6,354,57.0,118000000.0,451226521.0,Ananya Sen,Meera,26,Sunny,Black,2026-03-15
M3230,Secret Agent 40,Drama,Tamil,UK,2004,105.0,PG,6.0,108444,37.1,6000000.0,16869414.0,Ananya Sen,Daniel,46,Hot,Blue,2026-12-21
M2925,The Great Escape,Mystery,Kannada,France,2023,85.0,PG,6.3,4637,85.6,250000000.0,1351041064.0,John Carter,Aarav,49,Rainy,Blue,2024-12-13
M2601,The Missing Piece,Drama,Tamil,Canada,2000,177.0,A,9.8,16693,60.0,223000000.0,529761812.0,M. Wilson,Aarav,31,Cloudy,Green,2025-06-26
M3389,Ocean of Stars 39,Comedy,Japanese,France,2016,81.0,A,7.2,32712,34.9,155000000.0,169528075.0,David Miller,Aarav,65,Cloudy,Yellow,2025-09-21
M3571,The Final Mission,Fantasy,Kannada,Australia,2008,108.0,PG-13,5.6,116165,64.0,83000000.0,323272480.0,M. Wilson,Daniel,21,Cloudy,Green,2024-11-19
M3488,The Last Letter,Crime,Japanese,Japan,2025,132.0,U,7.2,666538,60.7,203000000.0,737416948.0,Raj Mehta,Alex,14,Hot,Green,2024-10-28
M2673,Lost in Mumbai 65,Animation,English,India,2023,128.0,PG-13,8.0,548,60.0,33000000.0,102422604.0,Priya Kumar,Kiran,16,Cloudy,Blue,2024-05-13
M0673,Chasing Tomorrow 12,Action,Telugu,UK,2006,84.0,unknown,6.1,47353,30.9,158000000.0,309998785.0,Priya Kumar,Alex,24,Hot,Red,2026-11-10
M3253,Love in Monsoon 35,Animation,Hindi,USA,2019,140.0,PG-13,6.1,14080,62.6,158000000.0,288927696.0,Arjun Rao,Meera,53,Rainy,Yellow,2025-06-26
M0092,Ocean of Stars,Crime,Korean,France,2008,77.0,R,7.5,224110,61.0,118000000.0,291892864.0,S. Varma,Daniel,20,Hot,Blue,2025-03-26
M1110,The Great Escape,Thriller,Korean,UK,2024,167.0,R,6.1,216458,17.2,53000000.0,106107232.0,Arjun Rao,Vikram,43,Hot,Blue,2024-06-02
M3231,Chasing Tomorrow 88,Drama,English,South Korea,2000,149.0,A,6.4,2763,80.7,218000000.0,1070445331.0,John Carter,Kiran,63,Rainy,Black,2024-08-16
M0592,The Missing Piece,Adventure,Hindi,France,2021,156.0,R,6.1,2775,40.6,208000000.0,99316174.0,John Carter,Meera,16,Cool,Blue,2024-07-25
M2112,Echoes of Time,Mystery,Malayalam,Canada,2016,109.0,PG,6.0,221,20.2,175000000.0,599846675.0,Priya Kumar,Ananya,49,Sunny,Black,2026-03-28
M3376,Chasing Tomorrow 13,Crime,English,Australia,2012,89.0,U,5.4,30539,100.0,212000000.0,377184967.0,S. Varma,Meera,43,Hot,Yellow,2024-02-07
M3233,The Final Mission 61,Sci-Fi,Kannada,UK,1998,154.0,UA,5.8,270321,71.7,114000000.0,493594535.0,John Carter,Rahul,52,Hot,Yellow,2025-02-14
M0889,Chasing Tomorrow 90,Adventure,Korean,India,2000,157.0,PG,3.2,2019,57.5,148000000.0,339102524.0,John Carter,Aarav,52,Hot,Blue,2024-04-11
M2308,Broken Compass 78,Crime,Japanese,USA,2009,114.0,U,7.6,24075,33.8,70000000.0,71124402.0,Priya Kumar,Ananya,27,Rainy,Green,2026-08-06
M2125,Crimson Sky 67,Romance,Malayalam,Australia,2011,151.0,PG,7.2,3019,100.0,199000000.0,398688023.0,Arjun Rao,Vikram,55,Cool,Yellow,2026-10-20
M1577,Starlight,Sci-Fi,English,Japan,2000,164.0,R,9.2,14889,85.5,132000000.0,542911539.0,Priya Kumar,Aarav,55,Cloudy,Yellow,2024-03-27
M2368,City of Dreams 99,Adventure,English,South Korea,2018,149.0,UA,4.6,6018,54.3,24000000.0,13857494.0,Arjun Rao,Meera,18,Cloudy,Green,2026-08-18
M1715,Chasing Tomorrow,Comedy,Malayalam,Australia,2007,126.0,PG,8.7,12515,71.4,95000000.0,442335283.0,David Miller,Sophia,63,Rainy,Yellow,2024-10-14
M0214,Ocean of Stars,Action,Korean,UK,2015,179.0,UA,8.1,639,74.5,101000000.0,26086067.0,John Carter,Daniel,33,Hot,Green,2025-08-09
M0779,Shadow Protocol 32,Romance,Kannada,Japan,1997,139.0,R,6.7,213,56.0,114000000.0,389456930.0,S. Varma,Riya,54,Hot,Green,2024-01-11
M2610,Parallel Worlds 46,Crime,English,USA,1997,183.0,U,6.0,16083,71.7,198000000.0,300577184.0,David Miller,Sophia,13,Rainy,Red,2024-07-02
M1449,Kingdom of Ash 32,Crime,English,India,2018,151.0,R,6.5,214,64.7,103000000.0,461482962.0,Priya Kumar,Kiran,33,Hot,Blue,2025-11-10
M2250,A New Beginning 68,Romance,Japanese,UK,2025,120.0,UA,5.9,142,100.0,179000000.0,49528297.0,M. Wilson,Vikram,24,Cloudy,Yellow,2024-02-02
M0801,Golden Promise 30,Crime,Telugu,Canada,2015,179.0,R,8.8,310,59.5,12000000.0,14892262.0,Arjun Rao,Alex,52,Cloudy,Red,2026-09-01
M2994,The Final Mission 13,Fantasy,Japanese,Japan,2001,117.0,U,5.7,4032,46.6,41000000.0,61084238.0,Priya Kumar,Riya,26,Cool,Blue,2026-11-09
M2093,Golden Promise,Sci-Fi,English,France,2001,142.0,PG,6.2,6696,70.9,219000000.0,126060782.0,David Miller,Ananya,56,Rainy,Blue,2024-05-22
M2823,Rainy Day 48,Mystery,English,Australia,2023,171.0,R,7.9,8026,100.0,15000000.0,17831826.0,David Miller,Alex,38,Rainy,Yellow,2026-12-01
M1568,Wild Frontier,Thriller,Hindi,India,2000,100.0,U,6.2,33233,91.6,133000000.0,132765660.0,Priya Kumar,Ananya,45,Cloudy,Green,2025-12-09
M2765,Lost in Mumbai 18,Drama,Tamil,India,2023,167.0,PG,7.1,720,70.0,181000000.0,98335971.0,David Miller,Daniel,59,Cool,Black,2025-05-04
M3224,The Final Mission,Action,Kannada,India,2021,78.0,R,5.8,73170,68.6,26000000.0,142277058.0,M. Wilson,Riya,35,Sunny,Yellow,2026-07-24
M1519,Echoes of Time 39,Sci-Fi,Kannada,South Korea,2018,124.0,PG,7.3,7623,79.8,5000000.0,14788576.0,M. Wilson,Meera,22,Sunny,Green,2024-08-04
M2145,Love in Monsoon 9,Romance,Tamil,South Korea,2025,118.0,A,9.8,487769,81.9,174000000.0,215155250.0,Raj Mehta,Meera,40,Cool,Black,2024-02-13
M3282,Kingdom of Ash 53,Comedy,Hindi,Canada,2024,121.0,PG-13,7.3,130416,35.9,206000000.0,900024140.0,Raj Mehta,Aarav,30,Cloudy,Yellow,2026-03-16
M1344,The Great Escape,adventure,Tamil,Japan,2000,75.0,UA,6.0,31250,79.4,74000000.0,107234690.0,David Miller,Ananya,40,Hot,Blue,2026-06-02
M0274,Broken Compass 26,Adventure,Kannada,,2024,184.0,PG,7.6,4347,63.0,101000000.0,362002939.0,Raj Mehta,Alex,20,Hot,Black,2026-10-17
M1813,Digital Hearts 35,Adventure,Tamil,Australia,1996,154.0,PG,6.1,60121,75.2,190000000.0,425653433.0,S. Varma,Riya,28,Hot,Black,2024-09-21
M0072,Beyond the Valley,Horror,Malayalam,UK,2008,97.0,A,4.3,126964,68.7,52000000.0,85041368.0,M. Wilson,Daniel,60,Cloudy,Blue,2025-02-05
M0721,Road to Victory,Action,Kannada,India,2021,126.0,U,5.1,719,53.7,10000000.0,52872728.0,M. Wilson,Riya,64,Hot,Green,2025-06-25
M1741,The Final Mission 3,Fantasy,English,India,2007,121.0,U,6.3,638,38.6,7000000.0,33920394.0,John Carter,Daniel,20,Rainy,Blue,2025-09-21
M1088,Secret Agent 38,Horror,Telugu,USA,2004,169.0,UA,6.8,302,60.7,77000000.0,140963836.0,Arjun Rao,Sophia,20,Sunny,Green,2025-06-04
M0395,Hidden Truth 52,Drama,Japanese,Japan,1996,88.0,A,6.0,48512,85.8,99000000.0,249410359.0,Priya Kumar,Ananya,58,Cool,Blue,2025-10-05
M0584,Broken Compass 28,Thriller,Korean,Australia,2018,83.0,UA,5.1,194616,48.6,100000000.0,186074396.0,John Carter,Alex,25,Cool,Black,2025-04-01
M3515,Road to Victory 40,Adventure,Korean,France,2006,80.0,U,7.1,1204,86.8,218000000.0,503080783.0,S. Varma,Ananya,45,Rainy,Yellow,2025-01-23
M2443,Kingdom of Ash,Adventure,English,Japan,2017,81.0,U,6.7,175373,41.4,6000000.0,1692342.0,Raj Mehta,Alex,58,Hot,Red,2025-08-26
M2542,Parallel Worlds 8,Mystery,Japanese,Japan,2016,143.0,A,4.6,340910,51.2,24000000.0,115380061.0,John Carter,Riya,56,Cloudy,Red,2024-03-10
M0501,The Final Mission 73,Action,English,Japan,2007,,UA,8.0,269608,75.0,109000000.0,352112887.0,M. Wilson,Sophia,51,Cool,Blue,2024-05-17
M2465,A New Beginning,Adventure,English,Canada,2010,149.0,R,5.8,2807,78.1,169000000.0,601878018.0,Arjun Rao,Sophia,44,Cloudy,Yellow,2025-10-07
M3437,Parallel Worlds,Romance,Malayalam,UK,2002,85.0,UA,9.8,4196,82.1,244000000.0,436748969.0,Raj Mehta,Meera,65,Sunny,Green,2024-02-26
M2458,Midnight Train 35,Sci-Fi,Hindi,France,2012,86.0,R,6.7,6864,59.6,115000000.0,214698460.0,M. Wilson,Kiran,41,Rainy,Red,2024-05-19
M0791,The Final Mission,Comedy,Tamil,South Korea,2023,96.0,UA,6.8,1514,48.0,74000000.0,235768760.0,Arjun Rao,Ananya,48,Cool,Red,2024-10-02
M3320,Neon Nights 4,Animation,Korean,India,2021,167.0,R,9.1,565,67.1,192000000.0,738912486.0,S. Varma,Alex,21,Cloudy,Red,2024-07-02
M2391,Midnight Train 12,Crime,Telugu,Australia,2002,181.0,A,6.3,722,69.6,40000000.0,9868744.0,Ananya Sen,Riya,24,Hot,Black,2025-06-13
M2113,Shadow Protocol,Adventure,Korean,Canada,2025,146.0,U,5.8,13346,55.0,8000000.0,24169955.0,S. Varma,Rahul,52,Hot,Yellow,2025-12-22
M1764,Crimson Sky 45,Sci-Fi,Malayalam,Australia,2005,130.0,U,9.8,2526,71.0,26000000.0,70704479.0,Priya Kumar,Sophia,51,Cloudy,Blue,2026-08-19
M2754,Ocean of Stars,Drama,Japanese,Canada,2013,117.0,A,7.0,963,84.5,56000000.0,294611265.0,John Carter,Sophia,46,Sunny,Blue,2026-08-14
M1260,The Forgotten Code 52,Romance,Tamil,South Korea,2016,154.0,R,7.9,165,75.3,188000000.0,782429562.0,David Miller,Meera,23,Sunny,Red,2026-09-13
M2212,Hidden Truth 90,Fantasy,English,Canada,2016,170.0,PG-13,8.7,7764,100.0,197000000.0,613633059.0,S. Varma,Ananya,16,Hot,Black,2025-01-01
M2298,Love in Monsoon,Thriller,Hindi,South Korea,2023,170.0,U,5.9,117095,62.7,58000000.0,127474421.0,M. Wilson,Kiran,27,Cloudy,Red,2026-11-15
M0206,Neon Nights 92,Drama,English,UK,2016,169.0,PG,4.9,27296,77.1,169000000.0,400510016.0,Priya Kumar,Kiran,46,Cloudy,Red,2025-03-24
M0734,Dream Catcher 3,Mystery,Japanese,France,2000,98.0,A,6.7,182,66.2,86000000.0,417096336.0,Raj Mehta,Vikram,29,Sunny,Red,2026-01-20
M1177,Digital Hearts 79,Mystery,Kannada,USA,2007,150.0,UA,7.1,1258,54.8,57000000.0,67077452.0,Arjun Rao,Kiran,58,Hot,Green,2025-01-21
M0527,Love in Monsoon 48,Horror,Telugu,USA,2011,138.0,UA,7.0,2184,44.4,188000000.0,764148462.0,M. Wilson,Rahul,62,Sunny,Red,2025-06-10
M3275,Golden Promise 96,, Malayalam ,Japan,2017,105.0,PG-13,5.1,5541,100.0,90000000.0,191025381.0,David Miller,Ananya,24,Cloudy,Yellow,2024-12-06
M2299,Road to Victory 40,Action,Telugu,USA,2023,181.0,U,7.1,272415,49.3,124000000.0,608231606.0,S. Varma,Kiran,22,Rainy,Blue,2024-08-20
M0899,The Last Horizon 30,Comedy,Korean,USA,2000,95.0,U,7.9,240144,100.0,26000000.0,45084766.0,M. Wilson,Meera,39,Cool,Black,2024-10-26
M0378,Golden Promise 59,Thriller,Telugu,USA,2017,81.0,UA,6.0,126,61.3,108000000.0,98969183.0,Ananya Sen,Aarav,52,Cloudy,Blue,2025-08-28
M2616,Road to Victory 2,Thriller,Tamil,India,2001,152.0,UA,9.2,156154,45.9,70000000.0,16096930.0,Priya Kumar,Rahul,60,Sunny,Red,2026-06-25
M1560,A New Beginning 16,Mystery,Korean,India,2016,79.0,PG,5.9,949,51.8,83000000.0,371117980.0,S. Varma,Vikram,38,Cloudy,Red,2026-09-23
M2291,Mystery Lake 14,Sci-Fi,Malayalam,Australia,2023,151.0,UA,6.0,4131,50.3,207000000.0,296728348.0,S. Varma,Riya,43,Cloudy,Black,2026-06-19
M3246,Wild Frontier,Drama,Telugu,Canada,2022,144.0,R,6.3,62718,65.4,17000000.0,13331985.0,M. Wilson,Rahul,54,Hot,Red,2024-06-09
M0349,The Forgotten Code 83,Action,Kannada,France,2024,188.0,A,5.2,111291,51.1,214000000.0,354485005.0,Raj Mehta,Alex,30,Cool,Blue,2026-02-27
M0387,Code Zero,Action,Telugu,Australia,2005,181.0,UA,5.1,2725,60.5,87000000.0,208355228.0,M. Wilson,Kiran,34,Hot,Black,2026-01-27
M0199,Crimson Sky,Drama,Telugu,USA,2023,113.0,PG-13,7.7,119,42.4,36000000.0,27063917.0,Raj Mehta,Alex,54,Rainy,Black,2025-12-07
M3553,Rainy Day,,Hindi,Australia,2004,100.0,UA,6.3,2602,63.9,49000000.0,42985233.0,Raj Mehta,Daniel,16,Cool,Red,2024-05-05
M1710,Beyond the Valley 24,Action,Kannada,France,2002,186.0,UA,7.0,82505,59.5,151000000.0,279656168.0,Raj Mehta,Riya,55,Cool,Blue,2024-02-25
M1051,City of Dreams 83,Drama,Japanese,UK,2005,137.0,R,7.8,2221,62.6,51000000.0,24994250.0,,Rahul,28,Rainy,Blue,2024-08-09
M0591,The Last Horizon,Drama,Japanese,Japan,1997,160.0,UA,6.8,4886,77.0,196000000.0,514658349.0,,Aarav,56,Cool,Red,2025-12-02
M0520,After the Storm,Action,Japanese,France,2008,183.0,PG,4.1,296,50.6,127000000.0,307393757.0,M. Wilson,Ananya,58,Sunny,Yellow,2024-07-19
M2453,Journey Home,Mystery,Telugu,Canada,2025,80.0,R,7.3,2737,60.3,182000000.0,80337680.0,Arjun Rao,Vikram,46,Sunny,Black,2024-09-27
M1629,Crimson Sky 46,Animation,Tamil,South Korea,1998,166.0,A,7.1,7632,32.5,141000000.0,553452093.0,Priya Kumar,Rahul,38,Rainy,Red,2026-11-12
M2938,Shadow Protocol,Animation,Japanese,USA,2022,93.0,PG,5.6,12756,88.1,90000000.0,347569111.0,David Miller,Kiran,49,Hot,Green,2025-07-26
M2474,Wild Frontier,Crime,Japanese,South Korea,2021,123.0,PG-13,7.4,1925,77.7,169000000.0,512064879.0,Raj Mehta,Ananya,53,Sunny,Green,2024-09-04
M0430,Family Ties 2,Drama,Hindi,South Korea,2019,95.0,PG,8.7,15427,100.0,5000000.0,16992423.0,M. Wilson,Vikram,26,Rainy,Green,2026-08-14
M1084,  FAMILY TIES  ,Fantasy,Korean,Japan,2018,104.0,R,6.6,133701,36.3,214000000.0,247135938.0,Priya Kumar,Ananya,15,Sunny,Black,2024-01-19
M2148,Parallel Worlds 8,Horror,Malayalam,Japan,2009,131.0,PG,8.0,5986,79.1,192000000.0,748760446.0,M. Wilson,Vikram,48,Rainy,Blue,2025-04-05
M2671,Kingdom of Ash 34,Adventure,,Japan,2009,100.0,A,9.1,428614,84.8,154000000.0,380413388.0,S. Varma,Kiran,54,Cool,Black,2026-04-23
M0208,The Silent Witness 34,Comedy,Hindi,Canada,2006,82.0,R,,245306,73.0,128000000.0,356273324.0,Raj Mehta,Aarav,13,Rainy,Blue,2025-06-13
M0492,Shadow Protocol 32,Fantasy,Korean,India,2015,164.0,PG,7.7,117,77.3,93000000.0,493169225.0,John Carter,Daniel,18,Rainy,Green,2024-03-15
M2644,After the Storm,Fantasy,Kannada,USA,2001,186.0,A,5.3,123627,56.5,33000000.0,79370684.0,Raj Mehta,Rahul,38,Cool,Yellow,2024-06-12
M1810,Shadow Protocol 85,Romance,English,Canada,2021,93.0,UA,7.3,32879,51.4,127000000.0,277098148.0,Priya Kumar,Rahul,54,Rainy,Black,2026-12-25
M2067,Lost in Mumbai,Thriller,Malayalam,South Korea,1999,135.0,UA,6.8,201418,30.2,101000000.0,290615205.0,Raj Mehta,Vikram,23,Cloudy,Yellow,2024-05-18
M3526,Love in Monsoon 71,Thriller,Tamil,France,2019,121.0,PG-13,7.5,5034,58.0,209000000.0,345086035.0,Priya Kumar,Sophia,50,Cloudy,Yellow,2024-08-15
M0793,Shadow Protocol,Comedy,Japanese,France,2009,112.0,PG,7.2,1169,44.9,236000000.0,657383165.0,John Carter,Riya,21,Cloudy,Blue,2025-02-24
M3009,Rainy Day 80,Crime,Japanese,Australia,2014,92.0,U,6.3,391168,35.4,41000000.0,199246882.0,Ananya Sen,Riya,15,Cool,Blue,2026-04-09
M3559,Echoes of Time 51,Action,Hindi,UK,2004,77.0,UA,7.4,1253,68.1,193000000.0,647552363.0,Arjun Rao,Rahul,21,Cloudy,Black,2025-02-01
M1187,Digital Hearts 32,Drama,Hindi,Japan,2015,104.0,A,6.5,592331,54.2,151000000.0,786249317.0,Arjun Rao,Ananya,13,Cloudy,Green,2025-01-17
M1186,Golden Promise,Comedy,Hindi,France,2000,139.0,A,7.4,1023,7.9,33000000.0,61948352.0,Raj Mehta,Vikram,13,Sunny,Blue,2024-05-12
M1551,Road to Victory 7,Sci-Fi,Japanese,France,2018,75.0,PG-13,7.0,1457,73.6,78000000.0,67880319.0,Ananya Sen,Ananya,28,Rainy,Yellow,2026-09-14
M2338,Wild Frontier 39,Sci-Fi,Japanese,South Korea,2022,143.0,R,7.9,341785,80.4,116000000.0,274942612.0,S. Varma,Daniel,57,Hot,Black,2026-01-08
M1916,The Great Escape,Comedy,Hindi,France,2021,114.0,A,5.4,136,78.7,150000000.0,355353411.0,Arjun Rao,Riya,48,Sunny,Green,2026-04-24
M3065,Journey Home,Romance,Korean,Australia,1995,89.0,UA,6.3,11833,100.0,208000000.0,202964834.0,Arjun Rao,Riya,33,Hot,Black,2026-09-03
M2703,The Forgotten Code 32,Thriller,Tamil,India,2004,148.0,UA,7.3,184,54.8,21000000.0,5601557.0,Arjun Rao,Aarav,58,Sunny,Black,2025-04-25
M1531,Wild Frontier,Action,Tamil,UK,2000,88.0,UA,5.9,1801,77.9,214000000.0,570755324.0,Raj Mehta,Vikram,60,Hot,Yellow,2026-01-04
M1411,Secret Agent,Animation,Tamil,South Korea,2017,89.0,A,7.7,889,100.0,91000000.0,377393277.0,M. Wilson,Vikram,60,Sunny,Red,2026-07-13
M1477,Journey Home 95,Mystery,Telugu,Canada,2011,180.0,A,7.6,14777,84.2,197000000.0,769777049.0,Ananya Sen,Daniel,47,Cloudy,Yellow,2025-05-15
M2886,The Final Mission 17,Mystery,Hindi,Australia,2021,75.0,PG,6.1,1549,50.0,50000000.0,105417355.0,Arjun Rao,Meera,14,Hot,Blue,2024-11-02
M1798,Code Zero,Fantasy,Japanese,USA,2017,183.0,U,6.6,19349,87.0,43000000.0,231048251.0,John Carter,Vikram,33,Rainy,Black,2026-09-13
M0084,The Final Mission 21,Mystery,Japanese,USA,2005,129.0,U,6.9,467523,57.3,81000000.0,263251064.0,Arjun Rao,Riya,40,Sunny,Green,2024-09-02
M2861,Kingdom of Ash,Animation,Hindi,Japan,2006,110.0,PG,7.2,14368,69.3,199000000.0,1060377388.0,Ananya Sen,Daniel,64,Sunny,Green,2026-02-01
M2697,Digital Hearts 30,Action,Tamil,UK,1995,81.0,PG-13,5.6,1215,64.2,228000000.0,1121455988.0,David Miller,Rahul,43,Rainy,Green,2026-05-28
M0021,Kingdom of Ash 22,Fantasy,Malayalam,India,2023,83.0,R,7.8,290316,92.1,226000000.0,610819037.0,John Carter,Riya,21,Cloudy,Blue,2024-12-18
M2044,The Great Escape,Drama,Kannada,Canada,2014,95.0,PG-13,6.1,437504,100.0,96000000.0,57911908.0,Raj Mehta,Meera,62,Cool,Blue,2026-02-28
M1628,Beyond the Valley 38,Adventure,Malayalam,South Korea,2020,109.0,A,6.9,5346,58.6,,847139464.0,Ananya Sen,Kiran,18,Sunny,Yellow,2024-11-18
M2155,Crimson Sky 62,Crime,Kannada,USA,2025,157.0,UA,8.5,111498,67.8,103000000.0,137971102.0,M. Wilson,Alex,46,Rainy,Blue,2024-05-05
M2182,The Missing Piece 19,Comedy,Telugu,France,2015,184.0,PG,5.6,2644,100.0,142000000.0,294071375.0,Raj Mehta,Sophia,52,Cloudy,Black,2026-12-20
M1406,Broken Compass 63,Sci-Fi,Hindi,Japan,2023,124.0,R,8.5,2582,67.3,173000000.0,515289153.0,Arjun Rao,Kiran,64,Hot,Red,2025-08-04
M2418,Journey Home 49,Comedy,Japanese,Canada,2000,126.0,PG-13,,193664,49.6,152000000.0,215688364.0,David Miller,Vikram,21,Cool,Red,2024-08-21
M1731,Shadow Protocol,Romance,Malayalam,Japan,2002,112.0,A,6.2,270155,64.1,37000000.0,9951302.0,John Carter,Vikram,16,Rainy,Green,2024-02-14
M1563,Mystery Lake 38,Comedy,Tamil,Australia,2017,87.0,UA,8.4,556383,69.2,100000000.0,440111112.0,M. Wilson,Meera,55,Hot,Yellow,2025-08-14
M2981,The Great Escape,Animation,Tamil,Canada,2009,97.0,PG,8.4,36929,50.7,191000000.0,626470205.0,M. Wilson,Daniel,63,Sunny,Yellow,2026-10-04
M3259,Family Ties,Thriller,Japanese,Australia,2020,135.0,A,6.4,300504,83.1,177000000.0,592326587.0,M. Wilson,Rahul,28,Sunny,Yellow,2024-06-15
M2417,Wild Frontier,Action,Telugu,South Korea,2021,117.0,PG-13,7.6,23770,87.8,46000000.0,109592458.0,M. Wilson,Daniel,43,Cool,Blue,2024-03-18
M0974,Ocean of Stars 43,Romance,,France,2001,164.0,R,6.8,174,41.6,32000000.0,18468003.0,John Carter,Alex,39,Cool,Green,2024-07-09
M1711,Golden Promise 75,,Tamil,Canada,2001,107.0,R,7.9,191,55.1,137000000.0,667170448.0,David Miller,Sophia,24,Cool,Black,2024-04-06
M3380,The Great Escape,Drama,English,USA,2016,167.0,A,6.7,12408,81.2,33000000.0,136391994.0,Ananya Sen,Sophia,32,Cloudy,Black,2024-07-28
M2379,Echoes of Time 85,Mystery,Telugu,South Korea,2000,182.0,PG,6.7,753,95.8,36000000.0,44439316.0,M. Wilson,Vikram,24,Sunny,Red,2025-04-08
M0884,Code Zero 97,Comedy,Kannada,France,2009,111.0,UA,6.9,1186,73.9,29000000.0,114840753.0,David Miller,Alex,32,Cool,Red,2026-02-15
M1099,The Last Letter 37,Fantasy,Korean,South Korea,2004,157.0,UA,6.1,3703,62.4,58000000.0,218712665.0,M. Wilson,Ananya,41,Rainy,Blue,2024-11-16
M0157,The Forgotten Code,Horror,Hindi,Canada,2001,117.0,U,7.6,400,31.8,166000000.0,456507061.0,John Carter,Rahul,56,Cool,Yellow,2024-02-07
M2758,Kingdom of Ash 3,Animation,English,Japan,2010,171.0,PG-13,7.2,114,72.9,238000000.0,1077987810.0,Raj Mehta,Sophia,54,Cool,Blue,2026-02-09
M0887,City of Dreams,Action,Kannada,Australia,2024,140.0,A,5.9,154887,50.8,96000000.0,492586716.0,Priya Kumar,Riya,60,Sunny,Yellow,2024-09-25
M1526,  THE MISSING PIECE  ,Crime,Telugu,Australia,2020,78.0,UA,5.0,354975,81.1,176000000.0,626492089.0,S. Varma,Riya,33,Cool,Black,2025-05-25
M2511,Secret Agent,Adventure,Kannada,Japan,2016,187.0,PG,8.6,803,100.0,178000000.0,79654721.0,John Carter,Alex,17,Sunny,Blue,Aug 21 2025
M1513,The Last Horizon 3,Romance,Tamil,Japan,1999,124.0,U,7.0,167307,88.2,19000000.0,34362843.0,John Carter,Vikram,31,Rainy,Blue,2026-09-28
M2992,Golden Promise 71,Animation,English,South Korea,2024,137.0,UA,7.6,82765,64.8,85000000.0,346109455.0,M. Wilson,Daniel,14,Hot,Red,2026-03-17
M3012,Secret Agent 42,Mystery,Japanese,South Korea,2017,129.0,UA,8.7,779,45.0,192000000.0,468859500.0,Raj Mehta,Kiran,44,Cool,Blue,2026-04-15
M3062,Parallel Worlds,Comedy,Telugu,UK,1996,145.0,PG-13,8.8,573563,37.8,119000000.0,548249107.0,Ananya Sen,Aarav,45,Hot,Yellow,2026-05-23
M2351,Journey Home 78,Drama,Tamil,Japan,2014,126.0,PG,7.5,12422,72.7,98000000.0,410124521.0,Priya Kumar,Daniel,13,Rainy,Blue,2025-10-21
M0738,Broken Compass,Romance,Korean,USA,2017,130.0,A,6.0,2770,61.3,93000000.0,247423166.0,M. Wilson,Kiran,24,Cloudy,Green,2025-07-19
M1454,Family Ties,Action,Malayalam,UK,2012,75.0,PG,8.1,14612,56.9,35000000.0,174252593.0,S. Varma,Ananya,40,Rainy,Yellow,2024-05-21
M1506,Rainy Day,Mystery,Japanese,Japan,2003,87.0,A,7.1,794320,88.9,149000000.0,256322796.0,Raj Mehta,Riya,17,Rainy,Black,2025-04-11
M2233,Chasing Tomorrow 11,Adventure,Tamil,India,2014,111.0,A,4.3,1017,70.8,163000000.0,65209907.0,John Carter,Kiran,31,Sunny,Green,2024-11-23
M3208,Digital Hearts 44,Drama,English,India,2015,185.0,PG,6.5,8630,72.0,135000000.0,275807814.0,John Carter,Riya,64,Hot,Black,2026-12-09
M0459,Wild Frontier,Mystery,Japanese,USA,2006,149.0,A,6.6,159,92.5,124000000.0,541542032.0,Raj Mehta,Daniel,23,Cool,Blue,2024-06-15
M2390,Echoes of Time,Drama,Hindi,France,1997,76.0,PG-13,6.8,379359,76.7,153000000.0,603715967.0,M. Wilson,Daniel,34,Rainy,Black,2024-05-15
M1952,Broken Compass 66,Drama,English,USA,2024,178.0,PG,7.3,5090,50.7,13000000.0,30404499.0,Ananya Sen,Aarav,18,Cloudy,Yellow,2025-11-21
M0079,Beyond the Valley 24,Comedy,English,UK,2003,184.0,U,7.4,7091,80.5,38000000.0,27303799.0,Priya Kumar,Ananya,50,Cloudy,Blue,2024-05-02
M3528,The Missing Piece,Fantasy,Korean,USA,2023,77.0,U,7.7,8285,42.8,218000000.0,935556171.0,Raj Mehta,Vikram,58,Rainy,Green,2024-11-05
M2523,Ocean of Stars 94,Adventure,Japanese,UK,2023,104.0,PG,6.5,774,98.3,161000000.0,202305465.0,Ananya Sen,Daniel,56,Cool,Red,2024-11-06
M1057,Beyond the Valley 74,Romance,Korean,UK,1996,113.0,PG,8.4,2147,56.0,4000000.0,10216688.0,John Carter,Ananya,13,Sunny,Red,2024-05-24
M0907,The Forgotten Code,Animation,Telugu,France,2008,145.0,PG-13,5.5,27587,80.1,241000000.0,1002443070.0,Ananya Sen,Vikram,56,Rainy,Blue,2024-12-24
M2598,After the Storm 94,Sci-Fi,Kannada,UK,2009,106.0,R,8.5,3,31.5,150000000.0,123382347.0,Ananya Sen,Alex,17,Cool,Yellow,2025-11-15
M2685,Secret Agent 58,Fantasy,Japanese,USA,2021,76.0,PG-13,6.3,24780,100.0,54000000.0,88798420.0,David Miller,Daniel,61,Cool,Black,2026-03-13
M3262,Wild Frontier,Mystery,Telugu,Australia,2001,174.0,PG,5.9,11380,52.5,212000000.0,646007110.0,Priya Kumar,Meera,36,Cloudy,Green,2024-06-17
M0381,Golden Promise 13,Action,Hindi,France,2013,182.0,UA,5.3,26200,77.0,155000000.0,565140197.0,David Miller,Daniel,52,Cool,Yellow,2026-03-15
M0948,Journey Home,Animation,Japanese,Canada,2019,90.0,UA,4.6,37569,37.9,102000000.0,259363267.0,Raj Mehta,Meera,43,Sunny,Blue,2024-01-27
M2282,Neon Nights,Adventure,Telugu,India,2007,88.0,R,6.8,27197,81.4,18000000.0,82799455.0,Ananya Sen,Aarav,37,Cool,Green,2024-07-11
M3575,The Last Letter,Action,English,UK,2005,96.0,R,9.6,23730,83.8,56000000.0,126412121.0,Priya Kumar,Alex,54,Hot,Red,2025-02-26
M2888,The Final Mission 10,Crime,Hindi,Japan,2025,182.0,A,3.9,29941,96.5,109000000.0,499950393.0,David Miller,Rahul,59,Sunny,Black,2026-03-28
M0716,Mystery Lake 82,Comedy,Japanese,UK,2007,129.0,U,7.4,500,46.5,52000000.0,201652507.0,John Carter,Alex,39,Cloudy,Yellow,2026-09-12
M2425,Shadow Protocol,Action,Hindi,USA,2021,149.0,PG-13,8.7,1636,87.9,39000000.0,73946271.0,S. Varma,Alex,52,Sunny,Red,2024-11-19
M0687,Midnight Train 21,Mystery,Japanese,USA,2013,186.0,R,8.1,3917,88.4,219000000.0,61668850.0,Arjun Rao,Ananya,26,Rainy,Red,2026-09-24
M3102,Midnight Train 74,Mystery,Hindi,South Korea,2001,159.0,U,6.1,2337,81.3,115000000.0,155113825.0,Arjun Rao,Daniel,37,Cool,Black,2024-12-08
M1294,The Last Letter,Horror,Hindi,Japan,1996,125.0,PG,7.1,421742,45.3,93000000.0,263444835.0,David Miller,Ananya,49,Rainy,Blue,2026-01-18
M0306,Journey Home 66,Mystery,Korean,UK,1999,88.0,PG-13,,72678,92.6,5000000.0,4486543.0,Arjun Rao,Vikram,43,Cool,Yellow,2024-09-17
M0210,Hidden Truth 68,Action,Korean,USA,1998,139.0,PG,,29684,30.8,173000000.0,271057218.0,John Carter,Daniel,33,Sunny,Yellow,2025-01-12
M1144,Crimson Sky,Mystery,Malayalam,Australia,2014,155.0,U,5.6,352558,52.3,108000000.0,456852998.0,John Carter,Vikram,47,Cloudy,Yellow,2025-11-19
M2692,The Last Horizon,Romance,Telugu,South Korea,2001,143.0,R,5.4,2956,58.2,140000000.0,494111492.0,David Miller,Meera,18,Hot,Blue,2026-09-24
M3084,The Forgotten Code,Fantasy,Kannada,India,1999,171.0,U,7.2,2498,88.6,52000000.0,256849248.0,Arjun Rao,Sophia,25,Rainy,Black,2026-01-25
M2165,Dream Catcher 86,Action,Kannada,South Korea,2019,86.0,PG-13,8.1,108,36.8,207000000.0,77579004.0,S. Varma,Kiran,45,Sunny,Green,2025-10-20
M0886,Chasing Tomorrow 92,Thriller,Malayalam,India,2002,133.0,UA,6.7,177333,52.9,93000000.0,415704296.0,Arjun Rao,Rahul,40,Hot,Black,2024-09-02
M1930,Love in Monsoon,,Korean,Japan,2012,86.0,PG-13,9.1,1070,48.0,172000000.0,45402953.0,John Carter,Sophia,33,Hot,Black,2026-12-14
M2228,Journey Home,Fantasy,Japanese,India,2003,146.0,U,5.2,307603,90.8,70000000.0,122152780.0,S. Varma,Vikram,64,Hot,Yellow,2025-12-22
M0918,The Last Letter,Crime,English,France,1996,119.0,R,5.7,38300,50.8,166000000.0,590739465.0,S. Varma,Aarav,26,Cool,Red,2024-11-11
M2721,Beyond the Valley 50,Adventure,English,South Korea,2007,75.0,PG,4.4,720733,34.5,114000000.0,306654414.0,John Carter,Riya,22,Sunny,Yellow,2024-09-01
M2248,Dream Catcher 63,Horror,Hindi,UK,2015,94.0,A,7.2,192,76.6,70000000.0,318637784.0,Ananya Sen,Meera,61,Cool,Yellow,2024-01-24
M0192,The Silent Witness 92,Thriller,Malayalam,South Korea,2003,151.0,PG-13,9.8,182,66.2,138000000.0,576121088.0,Arjun Rao,Vikram,61,Hot,Blue,2025-11-05
M2303,Ocean of Stars,Animation,Telugu,India,2001,116.0,A,7.5,119648,77.6,30000000.0,118575781.0,Raj Mehta,Ananya,29,Cloudy,Green,2024-09-24
M2537,Golden Promise,Sci-Fi,Telugu,Canada,2003,185.0,PG,6.8,8616,91.9,109000000.0,559305652.0,John Carter,Vikram,40,Cool,Green,2024-08-19
M1266,Echoes of Time,Adventure,English,South Korea,2013,142.0,A,7.9,88340,98.5,132000000.0,242900018.0,M. Wilson,Alex,57,Rainy,Black,2024-05-27
M0484,Neon Nights,Mystery,Telugu,Australia,2016,172.0,UA,7.9,51207,38.1,141000000.0,411306897.0,M. Wilson,Daniel,53,Cool,Yellow,2025-10-24
M3263,Crimson Sky,Horror,English,France,2008,146.0,PG,8.7,10388,58.4,83000000.0,284805030.0,John Carter,Kiran,43,Cool,Red,2026-07-10
M0916,Kingdom of Ash,Romance,Korean,South Korea,2017,178.0,U,7.6,123592,71.0,125000000.0,473089207.0,M. Wilson,Kiran,51,Cool,Black,2026-09-28
M3143,Neon Nights 66,Animation,Tamil,India,2006,189.0,UA,8.0,98285,63.4,54000000.0,243177872.0,Arjun Rao,Ananya,38,Hot,Blue,2025-01-21
M0278,Road to Victory,Horror,Hindi,Japan,2015,97.0,PG-13,7.2,102088,74.1,129000000.0,603378293.0,M. Wilson,Alex,49,Hot,Yellow,2025-07-26
M0989,Dream Catcher 77,Drama,Kannada,India,2001,165.0,U,7.3,240839,74.5,156000000.0,80491604.0,Raj Mehta,Sophia,48,Hot,Green,2024-06-27
M2099,Kingdom of Ash,Adventure,Korean,France,2011,110.0,PG-13,6.0,7202,38.0,195000000.0,85063137.0,Arjun Rao,Riya,17,Cloudy,Red,2024-01-14
M1246,Hidden Truth 80,Drama,Telugu,India,2005,177.0,R,7.2,142,48.1,169000000.0,569144067.0,M. Wilson,Sophia,28,Hot,Blue,2025-02-03
M2224,Parallel Worlds,Horror,Malayalam,Japan,2004,187.0,PG-13,,106,65.0,205000000.0,301897573.0,Priya Kumar,Rahul,63,Hot,Blue,2024-04-01
M0572,Family Ties 12,Fantasy,Hindi,UK,1999,183.0,PG-13,4.8,807,49.7,131000000.0,221301423.0,S. Varma,Kiran,36,Hot,Yellow,2025-03-11
M1436,Love in Monsoon 89,Fantasy,Tamil,South Korea,2011,147.0,A,8.0,604464,100.0,222000000.0,614125179.0,S. Varma,Meera,18,Hot,Black,2026-07-06
M0994,Echoes of Time,Drama,Kannada,Japan,2019,104.0,PG,4.5,20776,44.0,244000000.0,793157421.0,S. Varma,Aarav,45,Cloudy,Black,2024-11-23
M2064,Beyond the Valley 38,Action,Kannada,France,1999,106.0,R,5.1,9964,55.5,10000000.0,31088613.0,M. Wilson,Meera,19,Rainy,Green,2024-11-12
M2060,Midnight Train,Crime,Tamil,Australia,2011,170.0,PG,7.1,38949,26.1,185000000.0,410669053.0,M. Wilson,Ananya,46,Cool,Black,2024-05-13
M0586,Golden Promise 24,Sci-Fi,Tamil,UK,2017,182.0,PG-13,7.3,223,62.9,183000000.0,702939986.0,S. Varma,Meera,37,Rainy,Yellow,2024-07-23
M1350,The Last Horizon 42,Romance,Malayalam,USA,1998,180.0,R,7.1,3758,70.8,61000000.0,119955844.0,Priya Kumar,Vikram,13,Sunny,Red,2025-03-13
M1008,Midnight Train 82,Drama,Kannada,,2016,96.0,PG-13,5.8,14680,43.7,228000000.0,756129085.0,David Miller,Ananya,65,Hot,Blue,2025-02-17
M0675,Code Zero,Comedy,Korean,South Korea,2018,176.0,UA,8.2,597,94.0,202000000.0,488268234.0,Arjun Rao,Sophia,21,Rainy,Black,2025-06-16
M0448,Golden Promise 35,Romance,Japanese,Japan,2004,147.0,A,3.8,2268,82.7,34000000.0,168949968.0,Raj Mehta,Vikram,35,Cloudy,Black,2024-10-06
M2674,Dream Catcher,Action,English,India,1998,181.0,U,9.1,159,88.8,81000000.0,106798755.0,Raj Mehta,Aarav,41,Rainy,Yellow,2026-06-09
M3047,Mystery Lake,Animation,Japanese,India,2008,114.0,U,6.7,217,94.4,170000000.0,567793342.0,Priya Kumar,Riya,53,Rainy,Green,2024-09-21
M2883,Shadow Protocol 95,Animation,Tamil,USA,2024,142.0,PG,7.0,4139,88.8,153000000.0,822997618.0,Arjun Rao,Sophia,20,Sunny,Blue,2025-03-24
M2284,Hidden Truth 47,Crime,Japanese,UK,2014,103.0,U,5.7,26084,61.8,51000000.0,49039841.0,S. Varma,Vikram,27,Sunny,Green,2026-06-20
M1691,The Silent Witness,Comedy,Hindi,France,1995,118.0,PG-13,5.6,18394,75.4,4000000.0,19965541.0,Arjun Rao,Daniel,19,Rainy,Green,2025-11-16
M3562,The Silent Witness 26,Fantasy,Telugu,Japan,2020,84.0,U,6.3,13065,67.6,138000000.0,40253309.0,Arjun Rao,Vikram,51,Cool,Blue,2026-04-25
M1248,Hidden Truth 2,Action,English,South Korea,2005,122.0,UA,6.1,4409,78.9,154000000.0,715460666.0,John Carter,Kiran,50,Cloudy,Red,2024-05-13
M1986,Road to Victory 61,Sci-Fi,Telugu,Japan,2010,130.0,U,7.8,112293,56.7,28000000.0,143731858.0,M. Wilson,Rahul,54,Hot,Blue,2026-07-06
M0295,Wild Frontier 42,Romance,Tamil,France,2006,178.0,A,8.4,5826,69.0,81000000.0,292487904.0,Priya Kumar,Vikram,56,Cloudy,Black,2025-08-12
M1548,Parallel Worlds 19,Thriller,English,,2018,187.0,UA,6.6,5543,97.7,137000000.0,32552792.0,Arjun Rao,Riya,35,Rainy,Green,2025-01-11
M2013,Wild Frontier,Mystery,Japanese,France,1995,136.0,U,6.1,9303,92.1,143000000.0,380517029.0,David Miller,Aarav,27,Cool,Red,2024-02-08
M0589,Midnight Train 16,Adventure,Telugu,Japan,2022,99.0,R,6.9,1456,68.9,102000000.0,77360276.0,M. Wilson,Meera,42,Sunny,Blue,2026-11-08
M2795,A New Beginning 58,Horror,Korean,South Korea,2016,105.0,A,7.3,74197,44.3,28000000.0,133171156.0,Ananya Sen,Alex,61,Sunny,Yellow,2025-02-21
M0426,The Missing Piece 88,Animation,Telugu,Canada,2007,90.0,U,9.0,287674,57.0,55000000.0,183872423.0,Raj Mehta,Vikram,44,Sunny,Black,2026-01-08
M1055,The Missing Piece,Fantasy,Japanese,France,2004,122.0,PG-13,4.1,2903,68.6,14000000.0,,Raj Mehta,Kiran,59,Cool,Yellow,2024-03-27
M3024,Kingdom of Ash 14,Fantasy,Malayalam,France,2025,114.0,UA,5.9,23801,81.2,240000000.0,922847301.0,M. Wilson,Daniel,61,Rainy,Blue,2026-06-06
M0557,Digital Hearts 55,Animation,Japanese,Japan,2019,80.0,U,8.1,672843,69.5,227000000.0,535764561.0,S. Varma,Ananya,34,Sunny,Yellow,2024-12-08
M2358,Chasing Tomorrow,Thriller,Japanese,France,2018,184.0,U,5.8,17063,82.9,213000000.0,1052178536.0,Priya Kumar,Aarav,65,Cloudy,Yellow,2026-05-19
M3222,Wild Frontier 44,Romance,Japanese,South Korea,2014,182.0,UA,6.1,6387,64.5,80000000.0,193630917.0,Priya Kumar,Vikram,33,Hot,Black,2025-09-19
M3219,Dream Catcher,Drama,Hindi,USA,2007,115.0,UA,6.2,521,93.5,175000000.0,908158870.0,M. Wilson,Riya,57,Hot,Yellow,2024-01-19
M2471,Parallel Worlds 4,Adventure,Malayalam,France,2017,76.0,PG,6.9,2726,59.5,229000000.0,550287757.0,M. Wilson,Riya,46,Hot,Green,2025-03-14
M1194,Dream Catcher 86,Animation,Tamil,USA,1997,140.0,PG,,103223,92.1,210000000.0,231724775.0,Raj Mehta,Kiran,24,Hot,Blue,2026-08-06
M1717,Chasing Tomorrow 76,Adventure,Korean,UK,2005,160.0,R,7.1,14539,64.2,60000000.0,308004850.0,Priya Kumar,Ananya,22,Cloudy,Red,2026-07-16
M2478,Crimson Sky,Fantasy,Malayalam,India,1999,120.0,R,7.4,127415,70.3,228000000.0,751104126.0,Priya Kumar,Ananya,37,Rainy,Green,2024-11-22
M3278,Family Ties 39,Thriller,Tamil,Canada,2019,155.0,A,9.2,28818,66.6,219000000.0,976718367.0,S. Varma,Aarav,24,Hot,Red,2024-12-12
M2243,Echoes of Time,Adventure,Korean,Australia,2003,139.0,R,6.9,676945,71.4,70000000.0,139307471.0,John Carter,Kiran,41,Hot,Red,2026-07-12
M1286,Shadow Protocol,Action,Telugu,Australia,2038,82.0,U,5.5,21203,99.4,24000000.0,18467710.0,Arjun Rao,Sophia,24,Hot,Blue,2026-01-24
M2275,The Great Escape 71,Sci-Fi,Korean,India,2002,102.0,U,5.0,7178,69.7,56000000.0,105634402.0,Ananya Sen,Kiran,33,Cloudy,Blue,2024-03-19
M2300,The Missing Piece 15,Mystery,,India,2025,147.0,R,6.2,22279,87.4,222000000.0,757792520.0,S. Varma,Vikram,32,Rainy,Black,2025-08-17
M2910,Code Zero,Animation,Kannada,Australia,2000,79.0,U,7.0,62233,76.5,143000000.0,606096869.0,John Carter,Ananya,50,Sunny,Red,2025-01-17
M2088,Lost in Mumbai 18,Comedy,Hindi,France,2022,104.0,UA,7.8,2988,46.8,212000000.0,51510370.0,Priya Kumar,Aarav,38,Cool,Yellow,2026-04-12
M1890,Neon Nights 24,Romance,Japanese,France,2003,98.0,R,7.4,100,50.9,192000000.0,645075484.0,S. Varma,Rahul,50,Hot,Yellow,2024-03-19
M1592,Parallel Worlds,Sci-Fi,English,Canada,1995,98.0,PG-13,5.8,5360,79.1,142000000.0,493366210.0,S. Varma,Meera,13,Rainy,Green,2024-07-11
M3207,The Great Escape 91,Adventure,English,Canada,2009,118.0,U,2.6,539965,53.2,108000000.0,269865840.0,Ananya Sen,Aarav,54,Sunny,Blue,2026-07-03
M2184,Road to Victory,Fantasy,Hindi,UK,2016,96.0,UA,8.6,7189,64.4,209000000.0,636217606.0,David Miller,Aarav,26,Hot,Black,2026-07-10
M2935,Parallel Worlds,Adventure,Telugu,Australia,2025,170.0,R,5.8,40568,88.2,175000000.0,699910072.0,Priya Kumar,Alex,18,Cloudy,Green,2026-10-10
M1138,Love in Monsoon 18,Sci-Fi,English,India,2018,80.0,UA,7.1,13573,80.3,133000000.0,202644671.0,Raj Mehta,Kiran,26,Cloudy,Black,2025-10-03
M2329,The Last Horizon,Crime,Korean,Japan,2021,183.0,PG,7.8,60677,6.1,106000000.0,174853910.0,S. Varma,Riya,15,Cool,Green,2026-10-16
M3417,Shadow Protocol,Crime,Malayalam,Australia,2025,80.0,A,6.8,572,71.1,114000000.0,311043730.0,Raj Mehta,Sophia,53,Rainy,Red,2024-02-03
M3436,The Great Escape 61,Horror,Hindi,France,2002,98.0,PG,7.4,1287,59.7,25000000.0,91647536.0,David Miller,Alex,39,Sunny,Green,2026-07-12
M1712,The Final Mission 54,Mystery,Malayalam,Japan,2002,168.0,UA,7.5,450059,34.8,154000000.0,584283585.0,Ananya Sen,Daniel,24,Cool,Black,2025-05-20
M3005,The Missing Piece,Drama,Tamil,Canada,1996,182.0,U,6.5,525580,34.6,143000000.0,673158266.0,M. Wilson,Aarav,18,Cool,Yellow,2026-03-10
M0454,Hidden Truth,Horror,Korean,UK,2014,140.0,R,5.5,227615,66.2,242000000.0,975481625.0,S. Varma,Sophia,37,Cloudy,Blue,2025-06-12
M0914,Family Ties,Romance,Hindi,USA,2008,149.0,R,4.7,380346,86.2,44000000.0,-500000.0,Priya Kumar,Ananya,55,Hot,Black,2025-01-21
M3040,Hidden Truth 5,Fantasy,English,Japan,2009,81.0,R,5.8,354780,76.8,125000000.0,573464126.0,Raj Mehta,Rahul,21,Hot,Red,2024-08-13
M1200,The Missing Piece,Adventure,Hindi,Canada,2023,151.0,unknown,7.1,63456,85.7,120000000.0,260619709.0,Priya Kumar,Vikram,50,Cool,Yellow,2024-03-05
M1275,Parallel Worlds,Fantasy,English,India,2007,153.0,A,6.2,36285,86.5,210000000.0,639987824.0,Ananya Sen,Rahul,39,Cool,Red,2025-09-05
M0038,The Silent Witness,Drama,English,France,2020,126.0,PG-13,8.6,29697,37.0,186000000.0,565366683.0,Raj Mehta,Riya,54,Hot,Red,2025-03-02
M0975,Kingdom of Ash 85,Mystery,Malayalam,South Korea,2021,119.0,UA,8.9,267327,100.0,189000000.0,596622060.0,Arjun Rao,Aarav,17,Hot,Green,2026-01-20
M0984,Lost in Mumbai,Crime,Tamil,Canada,2023,91.0,UA,7.4,7150,100.0,248000000.0,1262047622.0,M. Wilson,Alex,43,Sunny,Green,2026-02-13
M2438,Shadow Protocol,Horror,Tamil,UK,2025,109.0,R,5.4,20308,67.1,178000000.0,332568757.0,Arjun Rao,Kiran,54,Sunny,Blue,2024-04-02
M1419,Midnight Train 41,Mystery,Tamil,Australia,2013,146.0,A,9.6,2468,40.3,49000000.0,52461035.0,Arjun Rao,Kiran,35,Hot,Red,2024-03-15
M1561,The Last Horizon,,Japanese,UK,2025,120.0,UA,5.7,9293,52.8,3000000.0,14363756.0,John Carter,Rahul,18,Hot,Black,2026-03-28
M0040,Midnight Train,Romance,Tamil,India,1997,174.0,PG-13,4.9,32973,66.4,246000000.0,276538950.0,David Miller,Ananya,21,Hot,Blue,2026-04-15
M1487,The Last Horizon 52,Drama,English,Japan,2024,173.0,PG-13,8.2,915,54.0,74000000.0,39607986.0,Arjun Rao,Meera,29,Cloudy,Red,2025-04-26
M3507,Starlight,Action,Telugu,Australia,2015,one hundred,UA,5.9,209490,45.4,34000000.0,89415863.0,Priya Kumar,Meera,33,Cloudy,Blue,2024-07-07
M0170,The Forgotten Code,Thriller,Tamil,USA,2013,159.0,U,5.0,349,87.9,98000000.0,432016683.0,John Carter,Vikram,37,Rainy,Black,2025-06-04
M1356,Code Zero 79,Drama,Telugu,,2000,129.0,R,6.5,92145,33.1,126000000.0,162758909.0,S. Varma,Aarav,42,Cloudy,Yellow,2026-09-20
M2315,The Final Mission,Drama,Korean,South Korea,2010,146.0,R,8.1,213438,80.8,203000000.0,1087296421.0,Ananya Sen,Alex,26,Rainy,Blue,2025-12-25
M3267,The Last Letter,Horror,Kannada,Japan,1998,100.0,PG-13,8.2,313706,63.7,137000000.0,721715841.0,John Carter,Vikram,24,Cool,Yellow,2024-11-07
M3033,Secret Agent 86,Comedy,English,India,2013,176.0,PG-13,6.8,7126,99.1,3000000.0,2349337.0,M. Wilson,Kiran,31,Cloudy,Red,2026-09-06
M2405,Family Ties,Sci-Fi,Kannada,India,2006,134.0,PG-13,8.0,457534,69.2,6000000.0,2905382.0,John Carter,Rahul,24,Sunny,Black,2026-11-11
M1641,Journey Home 24,Animation,Malayalam,South Korea,2200,129.0,UA,8.2,244,93.8,158000000.0,537535255.0,Ananya Sen,Daniel,44,Sunny,Yellow,2026-09-05
M1291,A New Beginning 25,Comedy,Japanese,South Korea,2012,159.0,UA,5.9,2166,60.6,157000000.0,848009072.0,Priya Kumar,Meera,29,Cool,Red,2025-03-14
M1381,City of Dreams 93,Drama,Telugu,UK,2025,177.0,A,5.8,389941,97.2,149000000.0,543306429.0,Raj Mehta,Sophia,16,Hot,Black,2025-11-18
M1934,Crimson Sky,Action,Tamil,South Korea,2014,147.0,PG,6.8,183,98.9,200000000.0,806995542.0,Arjun Rao,Aarav,13,Cloudy,Yellow,21/08/2025
M0580,Family Ties,Horror,Kannada,Canada,2025,169.0,PG,5.9,28656,56.8,3000000.0,1463879.0,S. Varma,Rahul,61,Cool,Green,2025-10-01
M2031,Beyond the Valley 23,Sci-Fi,Korean,UK,2002,136.0,UA,5.2,7558,88.1,107000000.0,371501595.0,Priya Kumar,Daniel,51,Rainy,Blue,21/08/2025
M0893,Crimson Sky,Comedy,Hindi,UK,2007,100.0,PG-13,6.7,52612,56.7,53000000.0,64935987.0,Arjun Rao,Vikram,61,Rainy,Blue,2025-12-20
M0781,Lost in Mumbai 96,Animation,Kannada,Canada,1998,152.0,PG,7.6,1313,48.9,55000000.0,244969651.0,Raj Mehta,Vikram,37,Sunny,Blue,2024-10-17
M0160,Lost in Mumbai,Horror,Kannada,France,2020,167.0,U,7.5,6927,93.8,121000000.0,288313578.0,Ananya Sen,Vikram,14,Cloudy,Yellow,2026-10-24
M0003,Mystery Lake,Action,Japanese,USA,2007,87.0,PG,8.8,120,80.3,92000000.0,491328043.0,Arjun Rao,Kiran,31,Cool,Green,2026-04-23
M2997,The Great Escape 28,Crime,English,France,2013,94.0,U,4.8,6280,48.0,173000000.0,265438181.0,Priya Kumar,Rahul,25,Hot,Blue,2025-02-05
M0850,Golden Promise 4,Drama,Malayalam,USA,2005,156.0,PG,7.4,2523,34.1,192000000.0,876446745.0,Arjun Rao,Ananya,49,Cloudy,Green,2026-09-18
M2190,Secret Agent,Thriller,Korean,Australia,2022,83.0,UA,6.7,202,87.6,93000000.0,294889846.0,S. Varma,Sophia,37,Cool,Blue,2025-05-17
M1597,Dream Catcher,Crime,Korean,UK,2007,84.0,UA,6.6,1057,87.6,248000000.0,367375268.0,Priya Kumar,Rahul,52,Cool,Yellow,2026-03-19
M1777,Lost in Mumbai 44,Comedy,Telugu,India,1999,147.0,PG,5.3,1173,78.6,108000000.0,201815077.0,David Miller,Meera,39,Hot,Red,not available
M1914,Kingdom of Ash,Adventure,Malayalam,Japan,2018,139.0,UA,8.3,120,65.2,39000000.0,132747872.0,Priya Kumar,Rahul,36,Rainy,Green,2024-04-28
M1044,Parallel Worlds,Drama,Tamil,France,1999,184.0,A,7.3,2759,65.8,112000000.0,234429369.0,David Miller,Kiran,17,Rainy,Blue,2026-01-19
M1545,Parallel Worlds 3,Sci-Fi,Telugu,South Korea,2004,150.0,R,4.3,147632,64.6,96000000.0,460407014.0,Arjun Rao,Alex,26,Hot,Green,2026-02-19
M2219,Parallel Worlds 96,Fantasy,Malayalam,USA,2008,190.0,PG,4.4,6898,54.0,205000000.0,930558826.0,Ananya Sen,Meera,62,Sunny,Red,2024-07-08
M0054,Parallel Worlds,Comedy,English,UK,2002,157.0,A,6.8,17852,94.1,39000000.0,109603407.0,John Carter,Meera,20,Hot,Green,2026-07-09
M3501,The Great Escape,Drama,Korean,Canada,2001,154.0,PG-13,7.5,1016,29.4,173000000.0,101496899.0,Priya Kumar,Ananya,49,Sunny,Blue,2025-12-16
M1912,Echoes of Time 63,Sci-Fi,Japanese,Japan,2004,78.0,U,4.0,48221,41.6,68000000.0,103652234.0,John Carter,Alex,41,Cloudy,Red,2025-02-03
M2781,Secret Agent,Comedy,Tamil,Japan,2008,102.0,PG-13,8.0,24721,39.8,184000000.0,554634252.0,John Carter,Sophia,63,Cool,Red,2026-02-04
M0825,Hidden Truth 92,Action,Kannada,USA,2021,183.0,PG-13,6.6,565966,63.7,31000000.0,115930697.0,John Carter,Ananya,54,Cool,Blue,2025-11-28
M3250,Mystery Lake 21,Animation,Tamil,South Korea,2022,142.0,PG,6.4,623,45.6,130000000.0,469714590.0,Ananya Sen,Kiran,65,Cool,Blue,2025-02-22
M1390,City of Dreams,Action,Kannada,France,1995,109.0,PG-13,8.9,90023,71.1,119000000.0,406455908.0,Priya Kumar,Riya,52,Cloudy,Red,2026-08-16
M3338,Beyond the Valley 68,Comedy,Telugu,India,2004,100.0,PG,4.0,20604,45.5,154000000.0,431772638.0,Raj Mehta,Aarav,26,Hot,Yellow,2024-01-04
M2722,Broken Compass 21,Horror,Telugu,South Korea,2001,130.0,U,7.4,8254,59.0,133000000.0,448958905.0,John Carter,Ananya,50,Rainy,Green,2024-07-01
M1608,Journey Home 26,Romance,Japanese,India,2018,84.0,UA,7.2,16149,44.1,152000000.0,606164186.0,John Carter,Vikram,64,Cloudy,Green,2025-08-10
M1595,Beyond the Valley 6,Sci-Fi,Korean,Australia,2008,94.0,PG-13,7.8,70602,30.1,51000000.0,121275164.0,S. Varma,Daniel,50,Sunny,Red,2025-10-10
M0772,Midnight Train 50,Drama,Korean,India,2007,124.0,R,5.9,30348,55.3,114000000.0,384898338.0,John Carter,Aarav,47,Cloudy,Blue,2026-06-27
M1869,Chasing Tomorrow,Thriller,Hindi,India,2010,82.0,A,6.0,331,24.0,99000000.0,44963422.0,Raj Mehta,Rahul,60,Rainy,Yellow,2024-02-18
M1086,After the Storm,Adventure,Kannada,USA,1999,135.0,PG-13,6.3,23996,62.0,127000000.0,187485048.0,Raj Mehta,Sophia,28,Cloudy,Yellow,2025-05-02
M2485,The Last Letter,Horror,Malayalam,South Korea,2016,140.0,UA,7.3,38058,50.2,23000000.0,9960143.0,Priya Kumar,Vikram,30,Hot,Black,2025-08-09
M1326,Broken Compass,Mystery,Telugu,Japan,2025,93.0,R,7.4,149,90.5,66000000.0,230966937.0,Priya Kumar,Daniel,56,Rainy,Blue,2026-09-28
M1464,Broken Compass 14,Comedy,English,India,2004,76.0,UA,7.1,389934,56.1,68000000.0,111154370.0,John Carter,Rahul,46,Hot,Blue,2026-07-07
M0807,Secret Agent,Fantasy,Malayalam,Canada,1997,103.0,PG,5.9,14899,60.4,248000000.0,1160426847.0,Raj Mehta,Meera,59,Hot,Green,2026-12-04
M3424,The Final Mission 41,Romance,Japanese,Canada,2003,174.0,PG,7.8,214527,76.8,131000000.0,79849759.0,S. Varma,Rahul,16,Cloudy,Green,2026-07-26
M2260,A New Beginning 88,Fantasy,Malayalam,Canada,1998,116.0,PG-13,6.3,27915,95.0,91000000.0,369118269.0,S. Varma,Ananya,51,Cool,Green,2026-06-20
M2109,Family Ties,Sci-Fi,,France,2016,166.0,A,5.5,33540,55.0,42000000.0,111747029.0,Arjun Rao,Vikram,52,Cloudy,Green,2025-02-22
M2631,Chasing Tomorrow,Action,Tamil,South Korea,2006,119.0,PG-13,8.2,166887,35.0,77000000.0,397697448.0,Arjun Rao,Alex,34,Cloudy,Red,2025-12-24
M3570,Dream Catcher,Action,Korean,India,2001,182.0,PG-13,5.1,308874,60.7,164000000.0,871213097.0,Ananya Sen,Sophia,46,Cloudy,Green,2026-11-08
M0964,Crimson Sky 4,Crime,Kannada,Australia,2023,123.0,PG-13,5.2,5338,54.4,122000000.0,55671328.0,David Miller,Meera,14,Hot,Yellow,2025-06-03
M0399,Wild Frontier,Sci-Fi,Kannada,Canada,1997,118.0,UA,7.4,9982,51.4,54000000.0,205481190.0,Arjun Rao,Alex,44,Sunny,Yellow,2026-08-11
M3405,Secret Agent 50,Horror,Kannada,France,2017,77.0,R,5.5,198286,72.4,32000000.0,39603458.0,M. Wilson,Ananya,24,Rainy,Yellow,2026-11-26
M0705,Secret Agent 5,Drama,Kannada,Japan,2002,75.0,A,6.8,165,26.6,231000000.0,647448501.0,David Miller,Alex,40,Rainy,Yellow,2025-04-20
M0432,The Great Escape,Animation,Tamil,Australia,2011,87.0,R,5.8,169,64.9,159000000.0,313462631.0,Ananya Sen,Daniel,16,Rainy,Blue,2024-11-28
M0293,After the Storm 72,Comedy,Malayalam,USA,2013,184.0,A,6.9,58550,52.1,14000000.0,67425908.0,Arjun Rao,Ananya,59,Cool,Black,2025-06-05
M3432,Midnight Train 50,Horror,Telugu,India,2023,148.0,R,6.6,6461,54.0,104000000.0,356547286.0,Arjun Rao,Daniel,45,Hot,Black,2024-10-14
M0146,Echoes of Time 79,Horror,Korean,Australia,2025,92.0,PG-13,6.9,19520,47.8,123000000.0,510551993.0,Ananya Sen,Ananya,56,Cool,Blue,2026-08-17
M2034,Chasing Tomorrow,Adventure,Malayalam,Australia,2020,103.0,A,8.2,13219,19.5,56000000.0,158755252.0,David Miller,Vikram,49,Cool,Red,2026-06-20
M2561,Code Zero 11,Romance,Japanese,UK,1996,98.0,UA,6.7,5738,92.5,159000000.0,389020321.0,David Miller,Riya,14,Cool,Red,2025-11-25
M1166,The Forgotten Code,Mystery,Kannada,India,2005,161.0,A,7.6,129988,97.8,41000000.0,196026789.0,M. Wilson,Riya,56,Cloudy,Black,2026-03-24
M2051,Road to Victory,Comedy,Kannada,France,2025,140.0,PG-13,5.8,118,92.4,122000000.0,89402929.0,Raj Mehta,Sophia,53,Sunny,Yellow,2025-06-13
M2875,Journey Home,Romance,Kannada,UK,2023,154.0,U,7.5,521,49.6,174000000.0,506493098.0,S. Varma,Vikram,24,Hot,Blue,2026-10-07
M0340,Love in Monsoon 28,Fantasy,Korean,South Korea,2009,169.0,A,5.9,7877,59.4,198000000.0,309061330.0,David Miller,Aarav,60,Cool,Yellow,2024-05-16
M2203,The Forgotten Code,Comedy,Tamil,South Korea,2012,190.0,R,7.7,300,63.4,153000000.0,202533383.0,Ananya Sen,Daniel,64,Cool,Green,2025-02-07
M0266,Neon Nights 53,Fantasy,Malayalam,France,2006,179.0,R,7.6,251,68.7,88000000.0,454723366.0,M. Wilson,Rahul,54,Rainy,Blue,2024-12-24
M2874,Journey Home 16,Horror,Korean,France,2011,75.0,A,7.8,151722,65.1,73000000.0,139642127.0,Raj Mehta,Riya,16,Sunny,Green,2025-01-03
M1772,Ocean of Stars 35,Sci-Fi,Kannada,France,2002,164.0,PG,7.9,12000000,61.3,179000000.0,640167014.0,Ananya Sen,Vikram,43,Cool,Green,2024-08-22
M0272,Dream Catcher 81,Crime,Japanese,Japan,1996,179.0,R,5.5,209,79.2,58000000.0,220785485.0,M. Wilson,Riya,19,Rainy,Blue,2025-06-27
M0697,Mystery Lake,Fantasy,Japanese,UK,2004,96.0,R,7.4,436971,74.4,51000000.0,157311847.0,S. Varma,Sophia,57,Cool,Black,2024-09-26
M3461,Broken Compass,Drama,English,Australia,1997,140.0,UA,7.4,577,74.4,22000000.0,21108312.0,Ananya Sen,Alex,20,Cool,Blue,2026-05-13
M0245,The Great Escape,Animation,Korean,USA,2017,100.0,R,7.0,23553,74.8,71000000.0,207124686.0,Raj Mehta,Ananya,36,Hot,Yellow,2025-03-28
M3410,Wild Frontier 82,Horror,Telugu,UK,2006,96.0,U,8.3,695,42.5,160000000.0,633563351.0,M. Wilson,Ananya,21,Cool,Green,2024-05-25
M0477,Code Zero 22,Animation,English,France,2012,162.0,A,8.4,2033,64.5,139000000.0,155810165.0,M. Wilson,Alex,37,Cool,Green,2025-06-02
M2033,Neon Nights 10,Thriller,Japanese,Japan,2009,98.0,PG,6.1,2432,96.1,210000000.0,495173864.0,Raj Mehta,Aarav,53,Sunny,Yellow,2025-03-20
M3087,Digital Hearts,Crime,Korean,Japan,2015,175.0,PG,6.7,854,63.4,199000000.0,1007627726.0,Priya Kumar,Ananya,61,Hot,Black,2025-05-11
M2288,Mystery Lake 53,Action,Kannada,India,2005,108.0,PG,6.5,647185,76.7,72000000.0,121728823.0,David Miller,Meera,29,Cloudy,Black,2025-10-18
M0814,Chasing Tomorrow,Adventure,Telugu,UK,2009,101.0,PG-13,3.4,21369,55.0,240000000.0,1319437398.0,M. Wilson,Aarav,33,Hot,Red,2024-08-03
M1915,Secret Agent 6,Mystery,English,India,2016,91.0,A,7.7,1277,56.6,242000000.0,929232886.0,M. Wilson,Aarav,49,Sunny,Blue,2024-12-08
M3499,Journey Home 59,Adventure,Telugu,France,1997,190.0,UA,7.2,179,68.1,18000000.0,21944630.0,S. Varma,Vikram,32,Sunny,Red,2024-09-23
M3576,Family Ties 9,Horror,Tamil,UK,2019,146.0,U,8.3,7224,59.4,217000000.0,1179438109.0,Ananya Sen,Rahul,17,Rainy,Blue,2024-05-10
M1805,Midnight Train 46,Animation,Tamil,South Korea,1995,78.0,PG,6.9,1354,39.3,130000000.0,459315644.0,Priya Kumar,Alex,42,Cool,Red,2024-06-10
M2633,The Forgotten Code 88,Adventure,Hindi,South Korea,2001,158.0,R,4.9,459,64.0,243000000.0,48803159.0,Priya Kumar,Sophia,60,Sunny,Black,2024-03-13
M0251,Midnight Train,Crime,Tamil,Japan,2007,124.0,R,6.0,294349,57.2,189000000.0,995076105.0,Ananya Sen,Kiran,53,Hot,Green,2026-05-28
M0546,Kingdom of Ash 98,Animation,Korean,USA,2001,105.0,A,5.8,167,52.6,193000000.0,388890037.0,Raj Mehta,Sophia,42,Cool,Black,2024-08-01
M0739,Journey Home 68,Adventure,Kannada,USA,2008,110.0,PG,7.9,58395,90.5,80000000.0,19546201.0,M. Wilson,Alex,63,Cloudy,Green,2024-01-16
M0311,A New Beginning,Mystery,Hindi,Canada,2013,119.0,PG,5.2,104456,88.2,199000000.0,177832449.0,David Miller,Riya,26,Cool,Black,2025-09-20
M1132,Love in Monsoon 66,Sci-Fi,English,India,2019,116.0,UA,6.2,5659,63.2,100000000.0,326134932.0,Ananya Sen,Aarav,64,Sunny,Yellow,2024-06-25
M1450,The Forgotten Code,Sci-Fi,Korean,Canada,2009,160.0,PG-13,7.0,216396,67.0,64000000.0,244533151.0,M. Wilson,Alex,24,Cloudy,Green,2024-02-13
M3521,Road to Victory,,English,Japan,2008,183.0,R,7.4,161828,33.2,7000000.0,30287994.0,Raj Mehta,Daniel,56,Cloudy,Yellow,2025-11-28
M0016,Dream Catcher 11,Fantasy,Hindi,India,2008,98.0,R,7.2,195,57.3,72000000.0,390996055.0,Raj Mehta,Riya,61,Rainy,Red,2025-08-16
M3187,Crimson Sky 93,Mystery,Telugu,Japan,2005,132.0,U,7.7,606791,93.4,101000000.0,125808431.0,S. Varma,Daniel,17,Sunny,Red,2024-09-10
M2556,Crimson Sky 99,Mystery,Korean,South Korea,2000,166.0,U,5.6,58688,58.1,74000000.0,349960459.0,Priya Kumar,Daniel,60,Hot,Red,2025-02-15
M2930,Code Zero,Adventure,Hindi,USA,2011,80.0,PG-13,6.4,379,60.5,179000000.0,701821238.0,Arjun Rao,Vikram,55,Sunny,Black,2025-03-22
M0364,The Great Escape,Action,Malayalam,France,2016,184.0,UA,5.9,39374,89.7,234000000.0,1033317041.0,S. Varma,Kiran,58,Sunny,Green,2025-10-18
M0183,A New Beginning,Drama,Korean,France,2025,134.0,U,5.6,698109,62.5,60000000.0,278769591.0,Ananya Sen,Meera,50,Hot,Black,2024-12-07
M1195,Broken Compass 93,Adventure,Tamil,UK,1997,133.0,U,4.8,4845,41.4,176000000.0,764444221.0,Priya Kumar,Vikram,24,Rainy,Yellow,2026-10-07
M2255,Rainy Day 28,Adventure,Telugu,Australia,2016,95.0,UA,6.7,127417,63.9,112000000.0,269963988.0,S. Varma,Kiran,46,Cloudy,Yellow,2024-05-24
M1122,Code Zero 28,Romance,Korean,Australia,2012,166.0,PG-13,9.2,5110,49.5,11000000.0,18334765.0,Priya Kumar,Aarav,62,Cool,Yellow,2024-03-03
M1183,Code Zero,,Telugu,Australia,2017,150.0,U,3.0,1223,76.4,135000000.0,713072825.0,John Carter,Sophia,21,Rainy,Yellow,2026-09-28
M2670,The Last Horizon 86,Horror,Japanese,South Korea,2009,156.0,UA,6.5,304,91.5,26000000.0,82980085.0,S. Varma,Meera,43,Sunny,Green,2025-07-27
M0615,A New Beginning,Drama,English,USA,2009,186.0,PG-13,8.0,57849,63.5,179000000.0,94812200.0,John Carter,Ananya,36,Hot,Yellow,2026-11-28
M1467,The Last Horizon 61,Romance,Japanese,USA,2002,92.0,UA,6.0,556,64.2,86000000.0,377516102.0,Raj Mehta,Meera,23,Rainy,Blue,2024-04-18
M0402,Starlight 18,Thriller,English,Japan,2013,76.0,PG-13,5.5,478,75.7,157000000.0,113275020.0,Raj Mehta,Aarav,58,Cool,Green,2024-05-28
M0935,The Silent Witness 69,Action,English,Japan,2016,122.0,PG,6.7,19297,45.4,25000000.0,76732110.0,John Carter,Aarav,64,Cool,Yellow,2025-02-06
M2407,Shadow Protocol 79,Romance,Korean,India,2022,185.0,PG-13,7.4,58375,30.6,6000000.0,5474908.0,Arjun Rao,Alex,30,Cool,Blue,2026-02-21
M2400,Shadow Protocol 35,Romance,Japanese,Australia,2012,190.0,U,6.9,125,100.0,73000000.0,372384798.0,David Miller,Riya,63,Hot,Blue,2026-05-15
M0727,Journey Home 45,Romance,Kannada,South Korea,2009,179.0,R,7.9,627,60.3,99000000.0,286245317.0,M. Wilson,Vikram,45,Sunny,Red,2024-06-13
M0827,Neon Nights 37,Crime,Tamil,France,2018,109.0,UA,7.9,497572,55.9,22000000.0,107574106.0,Raj Mehta,Daniel,30,Cool,Green,2024-06-15
M1522,The Silent Witness,Horror,Malayalam,France,2000,124.0,R,7.9,337937,65.5,13000000.0,13384862.0,S. Varma,Vikram,41,Rainy,Yellow,2026-05-02
M0137,Family Ties 46,Animation,Malayalam,South Korea,2001,163.0,U,5.9,256836,69.3,181000000.0,919592893.0,S. Varma,Rahul,65,Cloudy,Red,2025-01-10
M0629,Neon Nights,Sci-Fi,Hindi,Australia,2017,151.0,R,6.2,4712,70.3,245000000.0,86876938.0,S. Varma,Daniel,53,Hot,Green,2024-02-04
M0335,The Last Horizon 26,Sci-Fi,Korean,France,2004,151.0,UA,8.9,26177,85.2,60000000.0,159391105.0,David Miller,Rahul,37,Rainy,Green,2024-07-21
M0391,Lost in Mumbai 14,,Telugu,Canada,2022,142.0,R,6.8,268,76.6,80000000.0,248334823.0,Raj Mehta,Meera,37,Cool,Blue,2024-05-02
M2793,Crimson Sky 42,Adventure,English,Australia,2005,143.0,PG-13,6.6,22702,91.0,115000000.0,568819513.0,Arjun Rao,Aarav,55,Hot,Red,2026-12-08
M1818,The Silent Witness 53,Drama,Telugu,UK,2015,125.0,PG,5.1,833,83.0,226000000.0,920210452.0,S. Varma,Rahul,41,Cool,Yellow,2024-10-23
M3266,Broken Compass,Fantasy,English,France,2016,170.0,PG-13,8.7,182905,5.7,99000000.0,407322168.0,Priya Kumar,Riya,17,Cool,Blue,2026-07-21
M0711,Broken Compass,Sci-Fi,Kannada,Australia,2010,155.0,UA,7.4,1589,75.9,20000000.0,100861575.0,David Miller,Daniel,13,Rainy,Yellow,2026-10-28
M1040,Crimson Sky 53,Romance,Tamil,Japan,2014,182.0,A,8.3,2610,86.1,179000000.0,869972514.0,S. Varma,Daniel,28,Cloudy,Red,2025-10-16
M2385,City of Dreams,Sci-Fi,Kannada,USA,2006,160.0,UA,6.7,56469,53.9,242000000.0,339384124.0,Ananya Sen,Sophia,48,Cloudy,Blue,2026-02-21
M3138,The Final Mission,Animation,English,UK,2023,161.0,A,6.4,260576,52.7,203000000.0,414116802.0,John Carter,Rahul,64,Rainy,Yellow,2026-03-14
M1562,Broken Compass,Romance,Korean,USA,2002,161.0,U,6.6,2460,62.8,29000000.0,120714085.0,John Carter,Daniel,58,Sunny,Black,2025-03-07
M3339,Echoes of Time,Action,Telugu,Canada,1995,106.0,A,7.5,41031,28.8,163000000.0,55660219.0,Arjun Rao,Rahul,13,Cool,Yellow,2024-10-15
M3045,Journey Home,Comedy,Japanese,Canada,2005,169.0,U,8.0,522,54.3,58000000.0,154426361.0,Ananya Sen,Daniel,65,Hot,Green,2025-02-20
M1113,City of Dreams 39,Sci-Fi,Japanese,USA,2003,152.0,PG-13,6.1,145,52.8,55000000.0,104882686.0,Arjun Rao,Vikram,16,Rainy,Yellow,2024-09-16
M1224,Kingdom of Ash 72,Comedy,Malayalam,India,2018,158.0,A,6.7,1625,33.4,68000000.0,79107600.0,Ananya Sen,Riya,33,Rainy,Blue,2025-10-20
M2429,Parallel Worlds 9,Crime,Kannada,South Korea,2016,112.0,PG,7.1,7842,25.6,59000000.0,122466351.0,Raj Mehta,Aarav,39,Sunny,Red,2026-09-28
M1509,Journey Home 31,Action,Japanese,France,2019,90.0,PG-13,5.5,4760,73.6,138000000.0,237700278.0,Arjun Rao,Aarav,24,Cloudy,Yellow,2024-11-24
M1751,Family Ties,Crime,Malayalam,India,2005,119.0,PG-13,6.3,162,67.6,235000000.0,616480487.0,John Carter,Vikram,49,Sunny,Black,2026-07-19
M3252,Hidden Truth,Mystery,Malayalam,USA,2014,160.0,PG,4.8,1120,100.0,195000000.0,96906109.0,M. Wilson,Alex,33,Rainy,Blue,2024-08-20
M0339,Journey Home,Thriller,Korean,India,2012,135.0,U,7.7,891,70.6,47000000.0,240324305.0,Ananya Sen,Rahul,62,Hot,Red,2026-01-07
M0216,Dream Catcher 17,Comedy,Telugu,South Korea,2001,132.0,R,4.5,10601,39.4,79000000.0,35464650.0,Raj Mehta,Ananya,33,Rainy,Blue,2026-04-12
M1342,The Missing Piece,Drama,English,UK,2006,165.0,PG-13,6.5,259591,56.9,40000000.0,35327348.0,M. Wilson,Ananya,35,Rainy,Green,2026-06-27
M3039,Golden Promise,Comedy,Hindi,Japan,1997,98.0,A,6.1,2127,53.1,101000000.0,190496344.0,John Carter,Meera,48,Cool,Yellow,2024-08-21
M3399,The Missing Piece 72,Comedy,Tamil,South Korea,1996,133.0,U,6.9,193443,58.5,65000000.0,261151713.0,Priya Kumar,Riya,30,Sunny,Green,2024-12-03
M2357,The Missing Piece,Mystery,Hindi,Japan,2009,162.0,A,7.3,5404,62.7,108000000.0,453815786.0,Raj Mehta,Ananya,16,Cool,Blue,2026-07-24
M2496,The Forgotten Code,Action,Kannada,India,2007,104.0,UA,7.2,125,62.4,130000000.0,285639701.0,David Miller,Kiran,58,Cool,Red,2024-08-25
M2461,Dream Catcher,Drama,English,Australia,2005,121.0,UA,6.2,120459,70.9,86000000.0,259836288.0,David Miller,Ananya,51,Cloudy,Black,2026-08-05
M0102,Beyond the Valley 39,Comedy,English,Japan,2010,99.0,PG-13,6.2,214,69.6,58000000.0,314893006.0,David Miller,Alex,37,Rainy,Red,2024-12-25
M2609,Secret Agent 59,Thriller,Hindi,UK,1995,123.0,U,7.3,355395,72.8,208000000.0,602991964.0,M. Wilson,Alex,57,Sunny,Black,2025-01-14
M0172,After the Storm 78,Horror,Korean,India,1995,86.0,A,6.2,932,48.0,91000000.0,377005296.0,S. Varma,Rahul,62,Sunny,Yellow,2024-10-17
M0108,After the Storm,Crime,Korean,USA,2001,,A,6.7,1303,73.0,39000000.0,187339439.0,Ananya Sen,Daniel,20,Sunny,Red,2025-11-26
M2554,The Last Horizon 7,Action,Korean,Canada,2006,102.0,R,5.2,145,40.4,11000000.0,37077261.0,David Miller,Sophia,45,Hot,Black,2025-06-10
M1840,Dream Catcher,,Telugu,Australia,2016,103.0,UA,6.4,2040,63.5,177000000.0,951004509.0,Arjun Rao,Rahul,42,Rainy,Red,2025-05-13
M2672,Mystery Lake 66,Sci-Fi,Hindi,India,2016,81.0,UA,6.3,6459,81.6,194000000.0,465583332.0,Priya Kumar,Ananya,19,Rainy,Yellow,2024-07-27
M2432,A New Beginning 3,Drama,Kannada,USA,2016,100.0,A,6.4,456297,98.0,112000000.0,459679438.0,S. Varma,Sophia,48,Sunny,Black,2026-10-04
M2314,The Silent Witness,Animation,Telugu,USA,2025,166.0,UA,6.8,6020,28.0,36000000.0,72916871.0,David Miller,Riya,50,Rainy,Yellow,2025-09-06
M2651,The Forgotten Code,Animation,Korean,Canada,2001,88.0,PG,7.9,234,48.4,193000000.0,366709919.0,Raj Mehta,Kiran,36,Cloudy,Red,2025-01-14
M3081,Digital Hearts 3,Sci-Fi,Malayalam,Japan,2010,100.0,A,8.0,7051,68.9,227000000.0,943594365.0,Raj Mehta,Daniel,63,Cool,Red,2026-05-02
M2731,Neon Nights 33,Thriller,Hindi,USA,2005,139.0,U,5.9,543,59.0,119000000.0,339462130.0,John Carter,Kiran,34,Hot,Yellow,2026-07-15
M2827,Journey Home,Action,Kannada,Canada,2017,115.0,R,6.0,387,43.4,196000000.0,683836892.0,S. Varma,Sophia,52,Hot,Red,2025-09-07
M3520,Ocean of Stars 65,Mystery,Malayalam,Australia,2013,163.0,UA,6.5,183735,68.4,12000000.0,28361080.0,Arjun Rao,Riya,18,Cloudy,Yellow,2025-04-07
M1041,Kingdom of Ash,Comedy,Japanese,India,2025,78.0,PG,6.1,3904,71.7,176000000.0,862015601.0,Priya Kumar,Sophia,37,Sunny,Black,2025-12-15
M2121,Code Zero 71,Sci-Fi,Hindi,South Korea,2017,172.0,UA,5.9,370,58.8,152000000.0,57337641.0,David Miller,Alex,27,Cloudy,Green,2026-05-22
M1525,The Missing Piece,Animation,Korean,Canada,1995,177.0,UA,6.9,119,68.0,68000000.0,131453239.0,Raj Mehta,Sophia,62,Cloudy,Red,2025-01-12
M3096,Golden Promise 40,Adventure,Tamil,India,2016,139.0,PG-13,7.0,548,50.1,15000000.0,31718802.0,M. Wilson,Alex,44,Cloudy,Black,2026-12-26
M2249,Broken Compass 54,Crime,Tamil,Canada,2020,120.0,UA,8.3,22117,64.5,216000000.0,823762455.0,M. Wilson,Rahul,27,Rainy,Green,2024-03-18
M0482,Rainy Day 40,Crime,Korean,Canada,2022,143.0,PG-13,5.3,47730,88.8,55000000.0,31300394.0,Arjun Rao,Alex,19,Cool,Green,2025-02-19
M2588,After the Storm,drama,English,Japan,1998,183.0,U,8.3,112518,75.7,177000000.0,368744180.0,Arjun Rao,Vikram,17,Rainy,Green,2024-07-07
M2689,The Great Escape 54,Animation,English,Canada,2010,79.0,PG-13,9.5,128,57.4,167000000.0,46597074.0,Ananya Sen,Riya,50,Rainy,Green,2025-06-23
M1763,The Great Escape,Fantasy,Japanese,USA,2015,106.0,PG-13,4.7,1058,85.1,55000000.0,46530705.0,Raj Mehta,Aarav,16,Sunny,Red,2026-10-21
M3083,The Great Escape,Fantasy,Tamil,France,2000,155.0,U,6.1,15056,56.5,164000000.0,193554487.0,Raj Mehta,Sophia,35,Cool,Red,2026-03-14
M3072,The Silent Witness,Sci-Fi,Japanese,India,2021,152.0,PG-13,6.0,10332,62.0,72000000.0,146423101.0,Raj Mehta,Sophia,60,Cool,Green,2026-03-09
M2517,The Last Horizon,Adventure,English,Japan,2007,123.0,PG,7.1,3411,60.4,6000000.0,1339092.0,Ananya Sen,Rahul,54,Cool,Blue,2026-04-01
M2487,Starlight,Sci-Fi,Malayalam,France,2013,143.0,UA,4.7,180,25.0,224000000.0,521393781.0,M. Wilson,Sophia,64,Cloudy,Red,2025-08-19
M0406,The Last Horizon,Adventure,Tamil,South Korea,2002,98.0,PG,7.4,145,100.0,109000000.0,581295966.0,Priya Kumar,Aarav,15,Cool,Black,2026-06-04
M0758,Rainy Day 96,Drama,Korean,Canada,2003,137.0,U,7.6,292688,59.0,113000000.0,217416551.0,Raj Mehta,Riya,26,Sunny,Red,2024-06-25
M2380,Parallel Worlds 51,Mystery,Hindi,Canada,2010,165.0,PG-13,7.4,782,53.5,143000000.0,427742171.0,S. Varma,Meera,32,Cool,Green,2025-09-08
M0098,Chasing Tomorrow,Comedy,Telugu,India,1998,178.0,UA,6.8,167,47.1,231000000.0,718988210.0,M. Wilson,Meera,46,Cool,Yellow,2024-06-12
M1334,Shadow Protocol,Thriller,English,South Korea,2003,98.0,R,6.8,6218,58.9,99000000.0,281608480.0,Ananya Sen,Ananya,63,Rainy,Black,2024-05-25
M2887,Beyond the Valley 70,,Hindi,USA,1998,88.0,PG,5.7,146,61.5,173000000.0,652539665.0,David Miller,Aarav,28,Cloudy,Black,2026-07-12
M3355,Midnight Train,Crime,Kannada,India,2011,183.0,R,8.5,457,72.9,35000000.0,27137018.0,Raj Mehta,Meera,45,Hot,Black,2025-06-11
M2393,Dream Catcher,Action,Tamil,France,2005,999,R,6.5,474,69.0,108000000.0,216717731.0,M. Wilson,Aarav,22,Hot,Green,2024-01-01
M2059,The Final Mission,Drama,Kannada,South Korea,2022,88.0,A,5.5,371,45.6,37000000.0,64107855.0,Priya Kumar,Aarav,55,Sunny,Green,2025-10-02
M3475,Kingdom of Ash,Drama,Hindi,Australia,2019,184.0,PG-13,8.3,201,100.0,96000000.0,499081361.0,John Carter,Aarav,55,Hot,Yellow,2025-03-20
M0149,Ocean of Stars 46,Adventure,Hindi,India,1995,170.0,U,5.1,249,76.3,56000000.0,56568592.0,M. Wilson,Aarav,31,Hot,Red,2024-11-24
M0029,Chasing Tomorrow,Mystery,Hindi,South Korea,2025,160.0,PG-13,5.9,775,58.4,236000000.0,581426422.0,John Carter,Rahul,33,Hot,Green,2026-03-07
M2489,Mystery Lake,Crime,Korean,India,2022,121.0,U,7.2,1102,67.7,65000000.0,164629679.0,S. Varma,Aarav,49,Cool,Red,2024-11-24
M3098,The Last Letter 2,Romance,English,UK,2025,124.0,R,8.6,193,53.2,92000000.0,62029659.0,Ananya Sen,Riya,21,Sunny,Black,2026-02-15
M0693,Road to Victory,Fantasy,Hindi,USA,2009,134.0,UA,6.2,599,70.3,165000000.0,800347555.0,Arjun Rao,Rahul,62,Hot,Red,2025-06-03
M1387,Shadow Protocol 24,,Telugu,Australia,2014,115.0,PG,6.2,18121,91.5,189000000.0,950691097.0,John Carter,Ananya,27,Cool,Black,2024-03-01
M1846,After the Storm 94,Romance,Hindi,Canada,2022,161.0,A,4.6,129,61.5,38000000.0,129467466.0,David Miller,Meera,36,Cloudy,Black,2025-08-06
M3152,Ocean of Stars,Crime,Malayalam,Canada,2019,135.0,PG,6.4,143,69.5,75000000.0,314411474.0,S. Varma,Ananya,56,Rainy,Black,2026-06-14
M1600,City of Dreams 10,Thriller,Malayalam,India,1999,126.0,R,6.8,816,35.4,3000000.0,7112018.0,M. Wilson,Rahul,22,Cool,Blue,2025-12-21
M0702,Wild Frontier,Adventure,Hindi,USA,2008,123.0,U,5.1,56686,78.9,73000000.0,180038956.0,Arjun Rao,Aarav,52,Hot,Blue,2025-12-25
M1709,Love in Monsoon,Sci-Fi,Korean,Canada,2013,93.0,UA,6.9,25120,79.4,5000000.0,13784225.0,David Miller,Vikram,21,Rainy,Green,2024-01-11
M0455,After the Storm 95,Fantasy,Korean,Australia,2004,132.0,A,7.0,13227,57.7,224000000.0,141824330.0,David Miller,Rahul,59,Hot,Red,2026-10-03
M2041,Neon Nights 99,Fantasy,Malayalam,India,2004,87.0,R,6.7,4738,65.3,217000000.0,512508454.0,Priya Kumar,Ananya,58,Hot,Red,2024-04-08
M3227,Starlight 94,Adventure,Korean,France,2000,145.0,U,7.5,109670,73.4,189000000.0,669938589.0,Ananya Sen,Aarav,49,Cool,Blue,2025-02-21
M0610,The Last Horizon 91,Sci-Fi,Korean,South Korea,2000,179.0,R,6.8,572494,69.6,126000000.0,75689046.0,S. Varma,Vikram,24,Cloudy,Red,2026-03-07
M0168,Crimson Sky,Animation,Kannada,France,2002,147.0,R,6.8,806,98.5,214000000.0,1063097481.0,David Miller,Riya,45,Cloudy,Blue,2024-07-08
M0731,Family Ties 15,Mystery,English,Canada,2003,142.0,U,6.7,2005,89.5,156000000.0,685660321.0,Ananya Sen,Riya,16,Sunny,Yellow,2025-04-03
M2619,Starlight 79,Mystery,Tamil,Japan,2013,112.0,PG,6.2,868,56.9,16000000.0,46918385.0,Priya Kumar,Ananya,34,Rainy,Green,2026-04-16
M3251,Lost in Mumbai,Animation,Japanese,Japan,2014,78.0,UA,9.7,370031,90.9,90000000.0,259364544.0,Raj Mehta,Vikram,50,Hot,Blue,2025-12-19
M2414,Code Zero,Drama,Kannada,UK,2014,149.0,U,9.2,164,67.7,152000000.0,259625915.0,Arjun Rao,Alex,25,Sunny,Black,2025-07-21
M1623,Crimson Sky 70,Thriller,English,UK,1995,92.0,A,6.3,259,69.0,192000000.0,539854297.0,M. Wilson,Kiran,41,Sunny,Red,2025-09-13
M0588,Lost in Mumbai 23,Thriller,Tamil,India,1998,139.0,PG,8.0,589617,89.7,197000000.0,833999556.0,Raj Mehta,Riya,53,Hot,Black,2025-12-13
M1402,Parallel Worlds,Animation,Hindi,UK,2014,151.0,PG-13,6.6,244492,71.2,157000000.0,764688692.0,Ananya Sen,Riya,60,Cool,Blue,2024-04-14
M1701,Kingdom of Ash,Comedy,Malayalam,Japan,1995,113.0,A,7.4,10195,47.2,121000000.0,152558895.0,S. Varma,Riya,36,Hot,Green,2026-04-05
M2654,The Missing Piece 58,Thriller,Korean,Canada,2019,91.0,R,5.6,3380,66.6,79000000.0,262528086.0,Priya Kumar,Vikram,56,Rainy,Green,2025-02-04
M2860,The Last Horizon 56,Drama,English,USA,2007,110.0,PG-13,7.1,17460,85.6,139000000.0,626825704.0,Ananya Sen,Kiran,46,Cool,Green,2024-02-04
M1380,The Final Mission,Drama,Tamil,India,2013,146.0,UA,5.7,891,74.5,198000000.0,923398101.0,John Carter,Vikram,15,Rainy,Yellow,2025-08-03
M2090,Beyond the Valley 14,,Korean,France,2002,107.0,R,5.4,15321,85.6,170000000.0,305128084.0,David Miller,Sophia,33,Rainy,Yellow,2026-01-11
M2176,The Final Mission 33,Animation,English,USA,2017,149.0,UA,6.3,970,65.0,54000000.0,158880249.0,John Carter,Kiran,31,Cloudy,Black,2026-04-14
M2622,Neon Nights,Crime,Korean,Japan,2010,150.0,UA,6.1,2118,82.4,193000000.0,995988526.0,Ananya Sen,Alex,38,Hot,Green,2026-10-19
M2339,Beyond the Valley,Romance,Japanese,South Korea,2001,183.0,U,5.8,5004,55.1,220000000.0,512613893.0,Priya Kumar,Alex,22,Sunny,Yellow,2025-02-02
M3566,Beyond the Valley 91,Fantasy,Korean,USA,2007,170.0,PG,7.4,835,83.8,217000000.0,476980602.0,John Carter,Meera,50,Sunny,Green,2025-06-06
M0442,Wild Frontier,Adventure,Tamil,USA,2011,79.0,PG-13,6.8,5070,100.0,76000000.0,309045914.0,Priya Kumar,Aarav,45,Cloudy,Blue,2024-07-12
M2052,The Silent Witness 24,Animation,English,India,2019,146.0,PG,9.3,2025,64.2,138000000.0,536280259.0,David Miller,Meera,23,Sunny,Yellow,2024-11-22
M1302,Mystery Lake,Romance,Kannada,Japan,2025,144.0,UA,6.9,430,24.6,92000000.0,486372013.0,Raj Mehta,Sophia,37,Sunny,Blue,2024-07-16
M3070,Ocean of Stars,Mystery,Telugu,France,2022,165.0,PG-13,6.0,25839,80.9,161000000.0,424774521.0,Raj Mehta,Aarav,52,Cool,Black,2026-01-21
M1305,The Silent Witness 3,Romance,Telugu,Japan,2019,183.0,U,6.8,63486,62.9,217000000.0,552542026.0,Arjun Rao,Meera,26,Hot,Green,2025-03-13
M0237,Secret Agent,Mystery,Japanese,Canada,2007,179.0,PG,6.9,462664,86.3,134000000.0,594095854.0,John Carter,Riya,38,Sunny,Yellow,2026-09-26
M0521,Parallel Worlds,Sci-Fi,Japanese,USA,2005,145.0,PG,6.6,205,66.5,17000000.0,35364893.0,Priya Kumar,Meera,57,Hot,Blue,2024-05-24
M0736,Chasing Tomorrow 96,Horror,Malayalam,Australia,2004,177.0,A,6.0,2920,69.2,189000000.0,842981029.0,Priya Kumar,Meera,13,Cloudy,Green,2026-06-17
M3213,A New Beginning,Adventure,Kannada,South Korea,2020,168.0,PG,6.1,4228,47.9,58000000.0,120308279.0,Arjun Rao,Aarav,65,Cool,Yellow,2026-10-19
M2107,Code Zero,Animation,Tamil,USA,1998,80.0,UA,8.3,323485,74.2,228000000.0,799343589.0,M. Wilson,Ananya,58,Hot,Green,2025-09-12
M0593,Kingdom of Ash 4,Sci-Fi,English,India,2001,106.0,A,6.2,161823,94.0,96000000.0,451857062.0,Ananya Sen,Riya,27,Sunny,Red,2026-03-02
M1304,Beyond the Valley,Romance,Tamil,South Korea,2011,,A,6.9,5990,58.8,178000000.0,524295680.0,Priya Kumar,Ananya,14,Sunny,Black,2025-08-13
M1388,Echoes of Time 50,Drama,Korean,Japan,2006,184.0,R,5.2,3006,69.2,75000000.0,350150083.0,John Carter,Alex,54,Hot,Red,2024-12-24
M2365,Echoes of Time 88,Fantasy,Korean,Japan,2020,94.0,UA,6.1,113,54.8,234000000.0,1003993142.0,Arjun Rao,Daniel,65,Cloudy,Blue,2026-11-07
M2700,The Missing Piece,Animation,Telugu,Canada,2009,124.0,U,5.0,471866,75.0,13000000.0,43167943.0,David Miller,Sophia,47,Hot,Red,2026-10-26
M3379,Rainy Day,Mystery,Kannada,Australia,2022,151.0,PG,9.0,2454,43.6,18000000.0,95543433.0,Raj Mehta,Ananya,19,Hot,Blue,2025-07-18
M0905,Chasing Tomorrow 25,Thriller,Kannada,Australia,2015,173.0,PG-13,8.9,46130,95.5,132000000.0,428921277.0,M. Wilson,Riya,55,Cloudy,Yellow,2025-02-26
M3075,The Final Mission,Comedy,Malayalam,Japan,2024,134.0,PG-13,7.6,96276,44.5,108000000.0,502335619.0,Ananya Sen,Vikram,36,Sunny,Yellow,2026-01-03
M1280,Family Ties 79,Drama,Hindi,USA,2016,170.0,PG-13,6.5,28935,80.3,36000000.0,89271233.0,David Miller,Daniel,18,Cool,Yellow,2025-03-14
M3582,Dream Catcher 65,Action,English,USA,2020,106.0,U,6.8,59105,68.8,208000000.0,103565416.0,David Miller,Vikram,21,Sunny,Red,2026-07-18
M2157,The Missing Piece 91,Comedy,Japanese,India,2003,146.0,R,6.8,2374,64.2,6000000.0,18846132.0,S. Varma,Meera,19,Cloudy,Red,2024-08-15
M2309,Dream Catcher 5,Action,Tamil,South Korea,2014,130.0,UA,7.6,843,77.8,216000000.0,373665183.0,John Carter,Daniel,51,Cool,Black,2025-12-23
M2885,The Final Mission 2,Mystery,Korean,France,2010,189.0,PG-13,6.7,143,65.2,216000000.0,273134472.0,Priya Kumar,Daniel,33,Sunny,Yellow,2025-08-24
M3216,Wild Frontier,Adventure,Hindi,France,2009,119.0,UA,6.1,8829,34.8,52000000.0,157384877.0,David Miller,Sophia,18,Sunny,Black,2024-11-07
M2878,Ocean of Stars,Adventure,English,India,2006,78.0,A,7.5,50639,61.9,142000000.0,681369958.0,S. Varma,Meera,64,Rainy,Green,2024-07-08
M0707,Beyond the Valley 82,Crime,Korean,South Korea,1998,165.0,PG-13,6.5,188,59.4,206000000.0,243889072.0,David Miller,Sophia,26,Sunny,Blue,2024-07-01
M3198,Starlight 65,Horror,Korean,Japan,2007,179.0,R,7.5,372056,17.2,38000000.0,203638570.0,M. Wilson,Kiran,57,Rainy,Red,2026-04-20
M0746,Starlight 81,Animation,Malayalam,India,2020,106.0,PG,8.9,295356,86.4,149000000.0,486883694.0,David Miller,Rahul,55,Sunny,Black,2026-08-27
M1940,Beyond the Valley 73,Fantasy,Japanese,France,2006,130.0,A,6.4,3206,32.5,207000000.0,1118837092.0,S. Varma,Alex,52,Rainy,Blue,2024-07-22
M2388,Rainy Day,Sci-Fi,Kannada,India,2006,133.0,A,5.1,683,58.9,231000000.0,53305554.0,David Miller,Meera,14,Rainy,Green,2026-10-14
M0514,The Final Mission 76,Comedy,English,USA,2008,87.0,R,7.1,278,50.0,119000000.0,241532236.0,M. Wilson,Vikram,63,Rainy,Black,2024-02-14
M0082,Parallel Worlds,Crime,Kannada,France,1999,83.0,PG-13,8.6,9199,36.3,33000000.0,156400073.0,John Carter,Meera,45,Cool,Black,2024-12-04
M1309,Lost in Mumbai,Drama,Hindi,UK,2020,144.0,PG-13,6.0,626,6.7,116000000.0,408558256.0,S. Varma,Daniel,23,Hot,Blue,2024-04-14
M3011,Lost in Mumbai 90,Fantasy,Telugu,France,2003,128.0,U,6.2,6983,54.2,231000000.0,648082218.0,David Miller,Riya,26,Sunny,Yellow,2026-01-14
M0915,Parallel Worlds,Adventure,Malayalam,South Korea,1998,185.0,R,7.4,1396,50.3,198000000.0,591028540.0,Priya Kumar,Rahul,55,Cloudy,Green,2024-01-04
M3344,Journey Home,Comedy,English,UK,2009,110.0,UA,7.0,16635,52.8,91000000.0,35405771.0,John Carter,Kiran,41,Hot,Blue,2026-05-10
M3328,Lost in Mumbai,Mystery,Telugu,France,2024,94.0,R,7.2,212,74.0,151000000.0,742714450.0,S. Varma,Aarav,56,Cool,Black,2026-07-25
M0775,Parallel Worlds 86,Thriller,English,USA,2007,79.0,A,8.7,186807,82.1,158000000.0,703873876.0,Priya Kumar,Daniel,24,Hot,Black,2024-08-01
M0330,The Great Escape,Animation,Japanese,France,2003,188.0,UA,8.3,142264,40.4,114000000.0,483372678.0,David Miller,Aarav,21,Rainy,Green,2026-12-24
M2055,Crimson Sky 74,Action,Korean,France,2023,85.0,PG-13,7.0,933,56.6,67000000.0,121405530.0,S. Varma,Meera,36,Sunny,Yellow,2025-08-04
M2002,The Great Escape,Adventure,Malayalam,Australia,1996,133.0,PG,6.5,254,62.5,153000000.0,689803643.0,Arjun Rao,Riya,19,Sunny,Black,2026-08-13
M0944,Shadow Protocol,Action,Tamil,Japan,2001,190.0,UA,6.2,19121,58.2,177000000.0,944720792.0,S. Varma,Ananya,36,Hot,Blue,2024-03-20
M0823,Parallel Worlds 37,Mystery,Japanese,France,2011,76.0,U,7.7,423190,100.0,156000000.0,351438257.0,John Carter,Daniel,53,Sunny,Yellow,2024-12-16
M0910,Golden Promise 34,Adventure,Malayalam,Canada,2009,116.0,R,6.3,113,24.5,35000000.0,22136562.0,Arjun Rao,Aarav,61,Hot,Red,2024-08-27
M0182,City of Dreams,Mystery,Hindi,UK,2020,165.0,R,8.8,443525,54.8,30000000.0,153165393.0,Ananya Sen,Kiran,24,Cool,Red,2025-09-14
M0165,A New Beginning 53,Fantasy,Tamil,Canada,2021,120.0,A,7.3,39475,56.6,69000000.0,205085025.0,Arjun Rao,Aarav,18,Hot,Black,2025-09-16
M1524,Secret Agent,Horror,Telugu,Canada,2025,126.0,PG-13,,21776,21.4,122000000.0,70784073.0,S. Varma,Kiran,43,Cool,Blue,2025-11-23
M0452,Code Zero,Drama,Hindi,South Korea,2017,89.0,U,7.4,23721,64.3,188000000.0,385848149.0,S. Varma,Alex,27,Hot,Green,2024-06-02
M1312,The Silent Witness 69,Comedy,Japanese,India,1998,157.0,R,5.1,6468,64.3,204000000.0,306579056.0,Priya Kumar,Alex,19,Hot,Blue,2024-09-14
M1112,The Missing Piece,Crime,Kannada,Australia,2017,146.0,UA,7.4,12288,48.3,227000000.0,809757518.0,Ananya Sen,Meera,40,Rainy,Yellow,2025-05-11
M3008,Hidden Truth 22,Horror,Telugu,South Korea,2023,,PG,7.6,1,50.8,125000000.0,39170110.0,Priya Kumar,Kiran,14,Hot,Yellow,2024-11-15
M1288,The Forgotten Code,Crime,Malayalam,Japan,1995,136.0,R,7.9,586452,40.4,66000000.0,333551858.0,John Carter,Ananya,64,Rainy,Yellow,2026-08-14
M0328,Rainy Day 88,Animation,Japanese,Australia,2015,143.0,U,6.7,250396,71.6,45000000.0,195598937.0,S. Varma,Alex,31,Hot,Red,2024-11-26
M1791,Wild Frontier 48,Animation,Korean,France,2010,164.0,PG-13,6.3,2054,90.5,27000000.0,38954661.0,S. Varma,Riya,18,Cool,Yellow,2025-07-15
M3215,City of Dreams 71,Drama,English,Australia,2003,187.0,U,5.9,93218,57.4,55000000.0,259002481.0,Raj Mehta,Aarav,22,Hot,Black,2025-06-09
M2008,Road to Victory,Mystery,Telugu,South Korea,2020,79.0,UA,5.7,369,78.7,105000000.0,197016692.0,David Miller,Ananya,25,Rainy,Blue,2024-04-20
M1859,Code Zero 7,Action,Kannada,UK,2015,137.0,U,5.7,407,70.4,110000000.0,276790661.0,John Carter,Riya,62,Sunny,Black,2024-08-04
M0313,A New Beginning,Animation,Malayalam,India,1996,167.0,UA,6.9,2067,39.3,99000000.0,454715102.0,M. Wilson,Meera,13,Rainy,Yellow,2025-04-02
M0833,Code Zero 77,Horror,Kannada,France,2016,155.0,R,7.2,386,42.0,48000000.0,255878631.0,Raj Mehta,Sophia,57,Sunny,Green,2024-03-14
M1202,The Last Letter 28,Adventure,Kannada,Japan,2011,139.0,UA,7.7,592670,59.2,130000000.0,331529541.0,Ananya Sen,Kiran,38,Sunny,Blue,2024-01-09
M3258,Midnight Train 46,Comedy,English,France,2004,175.0,R,7.4,12979,46.7,124000000.0,36935792.0,M. Wilson,Vikram,32,Cloudy,Black,2024-10-12
M2944,Code Zero 98,Mystery,Korean,Canada,2018,118.0,UA,5.9,10402,59.8,182000000.0,242291826.0,Priya Kumar,Daniel,24,Sunny,Green,2024-10-11
M2135,Chasing Tomorrow 72,Horror,English,UK,2013,150.0,UA,7.6,53832,48.5,155000000.0,233311408.0,Arjun Rao,Vikram,65,Hot,Green,2024-03-15
M2210,  FAMILY TIES 68  ,Fantasy,Korean,Japan,2008,78.0,U,5.0,445,52.1,246000000.0,504844357.0,M. Wilson,Meera,35,Rainy,Green,2026-11-15
M3191,Beyond the Valley,Animation,Korean,India,2017,179.0,PG,6.5,64310,78.0,111000000.0,282289633.0,Arjun Rao,Ananya,63,Cool,Green,2026-08-26
M1482,Midnight Train 71,Adventure,Kannada,South Korea,2018,166.0,PG-13,7.8,222,73.5,159000000.0,760731266.0,Arjun Rao,Kiran,40,Hot,Green,2025-04-02
M0778,Midnight Train,Romance,English,South Korea,2009,149.0,A,9.0,2428,96.5,82000000.0,38994572.0,Raj Mehta,Sophia,47,Sunny,Yellow,2024-06-04
M0800,The Final Mission,Sci-Fi,Korean,Australia,2012,173.0,PG,8.0,3870,57.7,83000000.0,160989743.0,S. Varma,Daniel,16,Cloudy,Black,2026-04-11
M0055,The Last Letter 7,Sci-Fi,Kannada,South Korea,2011,144.0,U,7.6,1247,47.9,127000000.0,41767077.0,Arjun Rao,Ananya,56,Cool,Yellow,2024-11-27
M1921,Golden Promise 59,Romance,Tamil,USA,2007,123.0,A,6.3,774,38.9,9000000.0,29650039.0,M. Wilson,Kiran,34,Rainy,Green,2025-05-28
M3148,Wild Frontier,Mystery,Telugu,Canada,2016,85.0,U,6.5,101,65.2,88000000.0,63151570.0,S. Varma,Meera,48,Sunny,Blue,2026-10-09
M3209,Crimson Sky 39,Drama,Tamil,USA,2001,79.0,PG,4.7,168017,40.8,141000000.0,366083515.0,M. Wilson,Vikram,26,Rainy,Green,2025-12-09
M1702,The Final Mission,Crime,Japanese,Australia,2006,86.0,PG-13,7.9,191,31.1,30000000.0,29445028.0,Priya Kumar,Ananya,17,Rainy,Blue,2025-01-19
M2162,The Last Letter,Thriller,Telugu,Japan,2014,129.0,UA,6.2,532,75.9,83000000.0,71878337.0,S. Varma,Alex,61,Cloudy,Red,2024-05-03
M3401,Love in Monsoon 94,Crime,Malayalam,Japan,2003,139.0,UA,7.0,800,74.6,237000000.0,363616221.0,Priya Kumar,Sophia,28,Cool,Black,2024-06-27
M0988,Secret Agent 61,Drama,Japanese,France,1995,,PG-13,8.3,4358,47.5,165000000.0,538775612.0,David Miller,Alex,41,Cloudy,Blue,2025-08-09
M2612,After the Storm 49,Action,Japanese,France,2018,5,PG,5.9,710486,50.8,158000000.0,287849512.0,M. Wilson,Kiran,29,Rainy,Blue,2024-11-03
M1395,City of Dreams,Animation,Kannada,USA,2003,154.0,UA,6.8,676980,89.6,132000000.0,94524759.0,Ananya Sen,Riya,27,Cool,Blue,2024-05-19
M0769,Digital Hearts 40,Horror,Malayalam,Canada,2018,179.0,PG-13,7.6,20660,82.7,92000000.0,44412483.0,John Carter,Sophia,57,Cool,Yellow,2024-01-12
M3212,Dream Catcher,Mystery,Korean,Japan,2019,125.0,PG-13,6.3,1924,81.5,70000000.0,235929928.0,Priya Kumar,Meera,61,Cloudy,Black,2026-01-08
M0286,The Missing Piece,Horror,Japanese,Australia,2004,78.0,U,5.6,880,64.0,234000000.0,1270458948.0,John Carter,Ananya,33,Cool,Blue,2024-03-25
M3193,Beyond the Valley,Action,Kannada,Japan,2023,143.0,A,,2296,59.9,227000000.0,526819928.0,S. Varma,Sophia,17,Rainy,Blue,2025-10-01
M0429,Echoes of Time,Drama,Kannada,UK,1997,90.0,PG,6.1,32140,100.0,71000000.0,,Ananya Sen,Alex,15,Rainy,Blue,2026-10-13
M2333,Beyond the Valley 48,Romance,Japanese,,2005,157.0,UA,6.6,4083,85.7,10000000.0,42505017.0,Raj Mehta,Kiran,59,Cloudy,Yellow,2026-07-11
M2080,Hidden Truth,Fantasy,Japanese,India,2020,88.0,U,6.4,216067,71.3,7000000.0,26879085.0,M. Wilson,Meera,61,Rainy,Black,2025-10-10
M0723,The Last Horizon 43,Adventure,Korean,Canada,2002,81.0,UA,9.1,55022,72.8,212000000.0,-500000.0,Arjun Rao,Ananya,59,Cloudy,Yellow,2024-12-28
M0952,Shadow Protocol,Sci-Fi,English,UK,2025,115.0,R,6.5,431,45.7,15000000.0,61382071.0,Priya Kumar,Sophia,15,Rainy,Blue,2026-04-01
M2263,Dream Catcher 92,Drama,Telugu,Canada,2006,,A,6.5,28874,61.3,100000000.0,179649646.0,M. Wilson,Daniel,49,Rainy,Yellow,2024-07-22
M0990,City of Dreams,Mystery,Kannada,France,2018,123.0,UA,5.8,4197,73.5,141000000.0,438160122.0,Priya Kumar,Alex,61,Sunny,Green,2025-10-25
M3384,The Silent Witness 76,Adventure,Tamil,Australia,2010,144.0,UA,5.1,728274,96.9,231000000.0,632435016.0,Arjun Rao,Riya,21,Sunny,Red,2026-03-24
M2462,Crimson Sky,Comedy,Japanese,Australia,2016,85.0,PG,8.0,31937,39.1,126000000.0,165094899.0,S. Varma,Meera,60,Hot,Green,2024-04-17
M0327,The Great Escape 73,Thriller,Kannada,India,2018,117.0,PG,8.8,260,42.1,67000000.0,247000867.0,Arjun Rao,Sophia,56,Cool,Red,2026-10-21
M1384,A New Beginning,Thriller,Malayalam,UK,2017,118.0,UA,7.6,396,77.1,99000000.0,212129408.0,M. Wilson,Ananya,53,Rainy,Black,2026-02-26
M1725,Shadow Protocol 54,Adventure,Korean,South Korea,2016,85.0,PG-13,7.8,1053,48.3,171000000.0,833300394.0,M. Wilson,Riya,52,Hot,Black,2026-01-14
M1087,Golden Promise,Drama,Malayalam,France,2022,88.0,UA,5.9,375,61.1,15000000.0,26689190.0,John Carter,Sophia,39,Sunny,Yellow,2025-02-16
M0342,Midnight Train,Adventure,Japanese,UK,2020,106.0,A,,62402,33.6,3000000.0,4934721.0,Arjun Rao,Ananya,23,Hot,Blue,2026-10-11
M0148,The Last Letter,Fantasy,Telugu,,1997,190.0,PG,8.0,2454,100.0,131000000.0,711137537.0,Raj Mehta,Kiran,42,Cloudy,Blue,2025-05-27
M2826,The Last Letter 83,Horror,Hindi,Australia,2021,173.0,R,8.0,2864,74.2,246000000.0,1189472810.0,Raj Mehta,Kiran,55,Cool,Green,2024-08-11
M1108,Mystery Lake,Animation,Telugu,India,2017,119.0,R,6.9,2155,72.8,240000000.0,872846916.0,Arjun Rao,Alex,14,Cloudy,Red,2024-03-08
M0849,The Missing Piece,Action,Hindi,Japan,2002,180.0,A,6.3,765,100.0,232000000.0,801337888.0,Raj Mehta,Vikram,51,Sunny,Black,2026-12-03
M0967,The Final Mission 57,Horror,English,South Korea,2002,164.0,R,7.4,4134,91.9,79000000.0,416891931.0,M. Wilson,Riya,34,Cool,Blue,2024-10-01
M2974,Family Ties,Action,English,Japan,1999,170.0,U,8.3,1057,51.7,104000000.0,201920000.0,Arjun Rao,Sophia,65,Sunny,Red,2025-11-17
M2204,Wild Frontier,Fantasy,Korean,France,2001,151.0,U,6.7,1214,56.0,197000000.0,947668785.0,David Miller,Meera,28,Cloudy,Red,2024-02-05
M0662,Road to Victory,Comedy,Telugu,Australia,2021,125.0,PG-13,7.7,3163,82.0,127000000.0,42357686.0,S. Varma,Kiran,62,Hot,Black,2026-05-07
M1003,Code Zero 90,Drama, Tamil ,USA,2003,109.0,PG,7.1,14085,49.9,6000000.0,14154223.0,S. Varma,Aarav,15,Hot,Black,2025-07-06
M2828,The Great Escape 60,Adventure,English,Japan,2022,154.0,U,9.1,93947,38.8,243000000.0,751410914.0,Ananya Sen,Aarav,39,Cool,Black,2025-03-03
M3150,Golden Promise 53,Drama,Tamil,Australia,2004,145.0,PG-13,6.7,9765,68.6,115000000.0,129939804.0,S. Varma,Riya,43,Rainy,Red,2025-08-14
M2831,Secret Agent,Mystery,Tamil,France,2011,102.0,PG-13,3.7,496,45.4,9000000.0,45895315.0,Arjun Rao,Rahul,41,Rainy,Red,2026-07-14
M3214,Code Zero 71,Adventure,Korean,Japan,2021,155.0,UA,9.8,16283,77.2,56000000.0,205357154.0,Ananya Sen,Aarav,47,Sunny,Green,2025-04-07
M1880,Midnight Train 71,Sci-Fi,Tamil,South Korea,2017,99.0,A,7.8,769011,52.4,104000000.0,160067846.0,John Carter,Riya,65,Rainy,Yellow,2025-06-08
M3414,Dream Catcher,Animation,English,Japan,1997,111.0,A,6.7,10168,66.6,64000000.0,215353518.0,David Miller,Vikram,43,Hot,Blue,2026-03-14
M1204,The Silent Witness,Adventure,Kannada,India,1999,157.0,U,6.6,2396,54.5,148000000.0,277182694.0,John Carter,Ananya,43,Cloudy,Yellow,2024-01-20
M1991,Dream Catcher,Fantasy,Malayalam,UK,1999,149.0,U,9.2,20431,78.7,101000000.0,414330629.0,Priya Kumar,Ananya,17,Cool,Red,2026-07-24
M0025,The Silent Witness,Drama,Korean,India,2024,105.0,UA,6.5,3997,72.1,222000000.0,933381469.0,Priya Kumar,Rahul,64,Rainy,Green,2024-12-04
M3406,Golden Promise 32,Thriller,Malayalam,France,2001,124.0,UA,6.7,73181,66.5,130000000.0,222127566.0,David Miller,Kiran,14,Hot,Green,2026-10-21
M2459,The Last Horizon 18,Action,Malayalam,Canada,2014,148.0,R,-2.0,71532,75.8,123000000.0,669546369.0,John Carter,Meera,29,Rainy,Red,2025-05-05
M3330,Broken Compass 76,Crime,Kannada,India,2011,128.0,PG,6.4,116,34.5,59000000.0,59208646.0,S. Varma,Rahul,54,Hot,Black,2024-12-11
M2981,The Great Escape,Animation,Tamil,Canada,2009,97.0,PG,8.4,36929,50.7,191000000.0,626470205.0,M. Wilson,Daniel,63,Sunny,Yellow,2026-10-04
M0876,Code Zero 84,Thriller,Malayalam,Canada,2000,117.0,A,8.9,48473,86.4,130000000.0,108947041.0,John Carter,Kiran,45,Cloudy,Black,2024-03-16
M3261,The Final Mission,Drama,English,UK,2011,76.0,UA,9.5,258,28.5,210000000.0,1145430273.0,Ananya Sen,Aarav,33,Cool,Black,2025-08-08
M0939,Mystery Lake 63,Mystery,Hindi,USA,2020,126.0,R,8.8,2654,76.5,11000000.0,39568290.0,Priya Kumar,Kiran,49,Cool,Yellow,2026-07-25
M2395,Journey Home,Romance,Kannada,Canada,2022,163.0,PG-13,8.1,182,56.1,154000000.0,799940770.0,Ananya Sen,Ananya,14,Cloudy,Green,2026-05-24
M3027,Parallel Worlds 60,Sci-Fi,Malayalam,Canada,1996,77.0,A,7.9,5869,59.4,105000000.0,196430296.0,John Carter,Rahul,34,Rainy,Black,2026-11-12
M3599,The Great Escape,Fantasy,English,USA,2020,153.0,A,8.0,142602,51.6,20000000.0,53161470.0,Arjun Rao,Riya,18,Cloudy,Yellow,2024-11-13
M0386,Ocean of Stars 66,Animation,Kannada,India,2004,107.0,U,8.0,11404,35.3,203000000.0,499023112.0,Priya Kumar,Sophia,38,Cool,Yellow,2024-03-07
M2777,The Forgotten Code 38,Animation,Malayalam,France,2023,119.0,U,8.4,991,83.3,48000000.0,32305136.0,Ananya Sen,Rahul,25,Cool,Red,2026-07-23
M3028,Journey Home 64,Mystery,Malayalam,USA,1996,183.0,U,6.9,120572,89.5,82000000.0,94346969.0,S. Varma,Aarav,23,Cool,Green,2026-10-12
M2666,The Great Escape,Crime,Tamil,France,2018,175.0,U,4.9,197601,90.9,196000000.0,510087768.0,Arjun Rao,Alex,62,Cloudy,Blue,2024-11-15
M2292,Crimson Sky 59,Sci-Fi,Hindi,USA,2024,76.0,PG,8.2,60151,64.5,35000000.0,114582947.0,S. Varma,Vikram,62,Cool,Black,2025-01-25
M2534,Dream Catcher,Animation,Tamil,Japan,2009,107.0,U,6.9,175684,78.9,89000000.0,189992053.0,M. Wilson,Alex,47,Rainy,Yellow,2025-12-03
M0937,Midnight Train,Comedy,Malayalam,South Korea,2021,131.0,U,8.2,145,74.5,,22720709.0,Priya Kumar,Vikram,50,Cool,Red,2024-08-07
M3119,The Final Mission,Fantasy,Korean,UK,2016,85.0,UA,7.3,48832,66.1,49000000.0,242240005.0,Raj Mehta,Alex,35,Cloudy,Blue,2025-06-09
M2361,The Last Letter,Fantasy,Malayalam,Japan,2005,113.0,PG-13,8.5,5510,17.7,115000000.0,367256762.0,David Miller,Sophia,31,Sunny,Red,2024-09-15
M3540,Wild Frontier 83,Mystery,Kannada,Canada,2019,159.0,PG,8.9,80931,76.2,97000000.0,484648614.0,David Miller,Alex,21,Sunny,Red,2026-06-02
M1333,Crimson Sky 59,Drama,Hindi,Canada,2025,122.0,U,7.7,39742,67.2,148000000.0,674892518.0,M. Wilson,Daniel,21,Rainy,Green,2026-10-04
M1935,Mystery Lake 99,Drama,Japanese,India,2020,156.0,R,6.0,39096,83.0,163000000.0,401132743.0,Ananya Sen,Vikram,22,Sunny,Blue,2026-11-15
M0936,Family Ties 29,Horror,Hindi,UK,2001,156.0,PG-13,7.0,13323,46.9,159000000.0,228773365.0,Priya Kumar,Alex,24,Hot,Red,2026-03-27
M2419,Chasing Tomorrow,Action,Tamil,South Korea,2009,140.0,R,,225390,61.7,111000000.0,67338712.0,M. Wilson,Sophia,61,Sunny,Green,2025-08-23
M0567,Digital Hearts 29,Romance,Japanese,Japan,2015,103.0,R,7.2,221,86.4,178000000.0,495628075.0,S. Varma,Ananya,38,Rainy,Blue,2025-01-03
M1855,Kingdom of Ash,Animation,Hindi,India,2017,167.0,U,7.0,589,88.1,38000000.0,71495200.0,Ananya Sen,Kiran,55,Rainy,Black,2024-02-02
M2929,The Great Escape 38,Animation,Telugu,South Korea,2009,119.0,PG,7.4,840,68.9,44000000.0,170555644.0,S. Varma,Vikram,33,Hot,Black,2024-02-07
M1646,Rainy Day 6,Mystery,Japanese,South Korea,2004,92.0,R,7.0,1218,92.2,162000000.0,85296616.0,Raj Mehta,Vikram,44,Cloudy,Blue,2026-11-28
M3448,Echoes of Time 79,Drama,Kannada,Canada,2025,92.0,PG-13,,58182,97.0,196000000.0,725209434.0,John Carter,Riya,48,Hot,Green,2025-07-03
M1793,Road to Victory 46,Sci-Fi,Kannada,Australia,2003,120.0,R,4.2,5661,60.3,165000000.0,532046174.0,David Miller,Kiran,36,Rainy,Green,2024-04-19
M1431,Golden Promise,Thriller,,Australia,2015,81.0,A,6.8,720608,97.2,93000000.0,247935295.0,John Carter,Meera,27,Cloudy,Red,2025-03-10
M2805,Journey Home 78,Mystery,Korean,South Korea,2010,88.0,PG,8.3,5497,91.0,96000000.0,-500000.0,David Miller,Rahul,46,Cloudy,Black,2025-07-09
M1014,Mystery Lake,Mystery,Japanese,India,2017,150.0,PG,5.6,271489,85.1,159000000.0,73278464.0,Raj Mehta,Meera,61,Sunny,Black,2025-09-03
M1929,Mystery Lake 8,Comedy,Kannada,Canada,1997,117.0,U,6.1,741,59.8,226000000.0,270456550.0,Ananya Sen,Aarav,64,Cloudy,Green,2024-08-15
M2727,Family Ties 85,Fantasy,Japanese,India,2005,109.0,A,5.5,4344,78.6,187000000.0,223899891.0,Raj Mehta,Alex,39,Hot,Yellow,2024-10-10
M0127,Shadow Protocol 33,Drama,Hindi,India,2005,105.0,A,8.1,3395,29.8,120000000.0,302234050.0,S. Varma,Alex,39,Rainy,Red,2025-10-24
M2957,Chasing Tomorrow 22,Sci-Fi,Japanese,UK,2006,80.0,A,6.5,243900,74.0,243000000.0,878318500.0,John Carter,Kiran,28,Hot,Red,2025-09-23
M1348,Echoes of Time 87,Adventure,Telugu,UK,2014,112.0,UA,7.6,12326,65.4,65000000.0,148798625.0,Priya Kumar,Rahul,16,Hot,Red,2026-06-07
M0356,Crimson Sky 9,Horror,Kannada,,2004,79.0,PG,7.5,1175,97.6,188000000.0,116733459.0,Arjun Rao,Ananya,60,Cool,Blue,2026-11-13
M0828,The Forgotten Code,Fantasy,Hindi,USA,2013,182.0,U,11.5,1256,84.1,179000000.0,949739936.0,David Miller,Riya,24,Cloudy,Yellow,2026-01-25
M1640,Road to Victory,Mystery,Telugu,India,2000,103.0,UA,9.8,546,60.4,185000000.0,920340029.0,Ananya Sen,Vikram,14,Cool,Blue,2025-12-01
M0985,Lost in Mumbai 64,Fantasy,Malayalam,USA,2019,93.0,PG,6.6,2321,57.9,160000000.0,695497088.0,S. Varma,Ananya,63,Cloudy,Red,2025-01-16
M2189,Chasing Tomorrow 54,Animation,Tamil,Australia,2018,94.0,PG,7.0,165,66.2,85000000.0,275569663.0,Raj Mehta,Daniel,19,Sunny,Black,2025-09-18
M3082,Road to Victory 50,Drama,Kannada,Japan,2010,184.0,PG-13,7.6,408926,81.1,174000000.0,446870527.0,M. Wilson,Vikram,49,Rainy,Black,2024-07-25
M2444,Neon Nights 39,Comedy,Korean,Canada,1999,119.0,PG-13,8.8,131122,53.2,71000000.0,369874907.0,David Miller,Meera,40,Rainy,Yellow,2026-06-23
M0363,The Missing Piece 23,Action,Malayalam,Canada,1995,123.0,R,7.0,238,36.7,150000000.0,388044894.0,John Carter,Aarav,42,Sunny,Blue,2025-11-09
M2350,Chasing Tomorrow 81,Crime,English,USA,1995,183.0,R,5.1,34050,56.3,183000000.0,881564316.0,Priya Kumar,Vikram,26,Sunny,Red,2026-10-22
M0346,Kingdom of Ash 10,Mystery,Korean,Canada,2014,184.0,PG-13,7.1,147,92.3,94000000.0,334236015.0,M. Wilson,Kiran,22,Cool,Green,2025-07-21
M2499,Mystery Lake 3,Drama,Korean,India,2000,85.0,PG,5.5,436859,77.5,212000000.0,339584192.0,M. Wilson,Vikram,17,Cloudy,Red,2026-11-09
M3073,Code Zero 89,Crime,Kannada,Australia,2016,76.0,UA,7.2,7859,67.7,66000000.0,176273342.0,John Carter,Aarav,15,Rainy,Blue,2024-02-12
M0712,Chasing Tomorrow,Fantasy,English,UK,1996,90.0,PG-13,6.6,2417,71.6,250000000.0,719965253.0,John Carter,Riya,25,Cool,Blue,2026-01-17
M2502,Digital Hearts 18,Crime,Japanese,Canada,2002,134.0,A,5.7,588262,48.6,116000000.0,28263641.0,Arjun Rao,Daniel,46,Cloudy,Blue,2024-11-23
M0011,The Great Escape,Thriller,Tamil,India,1995,89.0,UA,7.8,1646,40.6,238000000.0,703613801.0,Arjun Rao,Riya,59,Hot,Blue,2026-03-05
M2918,Wild Frontier,Comedy,Kannada,Japan,2013,175.0,R,6.3,192,85.9,18000000.0,57865307.0,Ananya Sen,Aarav,51,Rainy,Black,2024-12-04
M2117,Journey Home 22,Adventure,Kannada,Japan,2017,128.0,UA,6.7,299893,49.2,26000000.0,18216922.0,Ananya Sen,Vikram,21,Cool,Blue,2025-09-27
M1835,Shadow Protocol 88,Drama,English,South Korea,2005,,A,8.1,961,59.8,90000000.0,485951066.0,Raj Mehta,Vikram,48,Sunny,Green,2024-06-08
M0794,Ocean of Stars 66,Horror,Malayalam,Australia,2020,103.0,R,6.7,1570,48.3,187000000.0,852462018.0,Arjun Rao,Sophia,15,Hot,Blue,2026-09-11
M3349,Beyond the Valley,Sci-Fi,Kannada,UK,2000,165.0,PG-13,6.0,53453,98.2,80000000.0,439770644.0,Ananya Sen,Kiran,65,Cloudy,Green,2026-11-02
M0095,Family Ties 74,Crime,Japanese,Japan,2000,173.0,R,7.2,513221,62.4,161000000.0,521514549.0,Priya Kumar,Vikram,41,Sunny,Black,2025-11-10
M0130,A New Beginning 73,Romance,Kannada,South Korea,2007,121.0,U,4.7,6195,63.9,12000000.0,64730071.0,S. Varma,Kiran,41,Cool,Green,2026-11-20
M2372,The Last Horizon,Romance,Japanese,UK,2013,80.0,R,7.0,27870,48.0,48000000.0,146487435.0,Arjun Rao,Kiran,47,Cool,Red,2026-05-10
M2713,After the Storm 22,Sci-Fi,Korean,UK,2009,186.0,A,7.3,1689,91.1,101000000.0,320562241.0,Raj Mehta,Sophia,61,Sunny,Black,2026-04-23
M3518,Lost in Mumbai,Drama,Kannada,South Korea,2010,155.0,A,6.4,441882,59.7,24000000.0,23140899.0,Ananya Sen,Kiran,33,Rainy,Red,not available
M2264,Love in Monsoon,,English,South Korea,2007,75.0,PG-13,8.0,611,80.8,205000000.0,295452243.0,S. Varma,Rahul,59,Sunny,Black,2024-12-05
M1901,Wild Frontier,Horror,English,South Korea,2001,122.0,A,7.0,103112,51.4,157000000.0,720555835.0,Raj Mehta,Sophia,63,Hot,Black,2026-10-26
M2657,Golden Promise 66,Comedy,Tamil,UK,2002,125.0,PG,6.0,882,69.6,167000000.0,718183589.0,Priya Kumar,Alex,45,Cloudy,Green,2024-04-07
M2894,Midnight Train,Animation,Korean,Japan,2012,,PG,8.3,24033,31.6,218000000.0,691171061.0,S. Varma,Aarav,20,Cool,Yellow,2024-01-09
M1933,Shadow Protocol 20,Sci-Fi,Telugu,UK,1999,177.0,R,5.4,1059,49.9,190000000.0,545951986.0,Arjun Rao,Meera,35,Hot,Red,2026-07-27
M2604,Secret Agent 64,Mystery,Telugu,South Korea,2014,89.0,R,9.0,27121,56.3,32000000.0,115689589.0,S. Varma,Daniel,24,Cool,Yellow,2026-08-06
M1866,A New Beginning,Adventure,Korean,Canada,2002,89.0,PG,7.8,18914,65.0,154000000.0,470229173.0,John Carter,Meera,14,Cloudy,Black,2025-07-18
M1659,Secret Agent 34,Horror,Hindi,UK,1996,120.0,UA,5.8,12406,71.4,19000000.0,47820814.0,John Carter,Daniel,29,Sunny,Yellow,2026-10-16
M0517,A New Beginning,Comedy,Telugu,UK,2017,161.0,U,7.1,23588,75.2,247000000.0,454399824.0,Ananya Sen,Riya,65,Sunny,Red,2024-04-16
M1858,The Forgotten Code,Adventure,Japanese,Canada,2012,147.0,R,8.8,5571,67.1,174000000.0,763213153.0,S. Varma,Alex,13,Hot,Yellow,2026-12-10
M2244,Rainy Day,Thriller,Kannada,France,1996,184.0,A,5.6,1045,79.5,122000000.0,355395911.0,M. Wilson,Vikram,40,Hot,Black,2025-11-09
M1278,Kingdom of Ash 13,Drama,Korean,Japan,1995,163.0,PG,7.4,42837,47.4,153000000.0,825245872.0,David Miller,Rahul,13,Cloudy,Blue,2026-01-25
M3503,The Silent Witness 73,Horror,Kannada,Japan,2014,148.0,R,7.2,330346,92.1,181000000.0,511505870.0,David Miller,Aarav,17,Sunny,Blue,2026-12-23
M0951,Chasing Tomorrow,Fantasy,English,Australia,2000,155.0,U,8.6,3689,100.0,50000000.0,99592368.0,Ananya Sen,Alex,46,Cloudy,Yellow,2024-03-18
M1121,Shadow Protocol 21,Thriller,Tamil,Japan,2007,123.0,A,7.1,590,23.4,145000000.0,647776524.0,Raj Mehta,Sophia,32,Rainy,Yellow,2025-12-02
M2205,  THE FORGOTTEN CODE  ,Adventure,Tamil,USA,1995,173.0,UA,8.8,11915,94.3,43000000.0,29532691.0,Raj Mehta,Riya,31,Cool,Green,2026-01-06
M0420,Road to Victory,Romance,Hindi,Australia,2010,88.0,R,,108,40.5,37000000.0,55773725.0,John Carter,Riya,15,Sunny,Blue,2026-12-09
M0923,Road to Victory 81,Adventure,Hindi,Canada,2004,171.0,U,5.7,984,92.1,144000000.0,38643348.0,Arjun Rao,Alex,55,Hot,Green,2024-12-11
M2669,The Last Letter 4,Romance,Japanese,Canada,2010,129.0,A,8.4,84230,79.5,57000000.0,165432952.0,John Carter,Kiran,27,Hot,Green,2025-08-01
M0478,Beyond the Valley,Horror,English,Japan,1995,150.0,PG,7.9,247,75.9,12000000.0,17655993.0,Arjun Rao,Rahul,35,Cloudy,Black,2025-01-22
M2036,A New Beginning 7,Adventure,Tamil,UK,2018,174.0,PG-13,7.0,37501,78.2,61000000.0,142099893.0,Raj Mehta,Alex,15,Sunny,Black,2025-08-14
M2652,Journey Home 26,Horror,Korean,Australia,2020,94.0,UA,8.7,414,36.6,45000000.0,214254170.0,Priya Kumar,Meera,42,Cloudy,Black,2026-12-10
M1693,Kingdom of Ash,Action,Telugu,France,2007,111.0,R,5.4,1668,52.4,171000000.0,196283660.0,Priya Kumar,Aarav,49,Cool,Black,2026-03-04
M2683,Secret Agent 58,Fantasy,Korean,Australia,2021,135.0,PG,6.0,20999,23.9,131000000.0,702406947.0,Arjun Rao,Alex,21,Cool,Yellow,2026-03-25
M1472,Digital Hearts,Fantasy,Korean,USA,2006,115.0,R,6.9,452395,43.4,25000000.0,45856656.0,M. Wilson,Alex,65,Cloudy,Yellow,2024-11-05
M1203,Crimson Sky,Crime,Kannada,,2004,105.0,PG,7.2,48353,25.1,237000000.0,390911338.0,Arjun Rao,Sophia,23,Rainy,Yellow,2024-01-25
M2439,Beyond the Valley 47,Sci-Fi,Telugu,Canada,2011,115.0,A,7.9,43521,71.5,226000000.0,472795066.0,David Miller,Kiran,29,Sunny,Red,2024-12-24
M1670,Journey Home,Sci-Fi,Korean,UK,1998,183.0,PG-13,7.6,13149,43.0,114000000.0,526034310.0,Ananya Sen,Riya,36,Sunny,Yellow,2024-08-18
M3363,Neon Nights 99,Thriller,Kannada,South Korea,2010,121.0,U,7.6,333,79.4,100000000.0,66915097.0,Ananya Sen,Daniel,50,Cool,Yellow,2024-10-15
M1971,Chasing Tomorrow,Animation,Tamil,Australia,2017,115.0,A,5.0,135,100.0,147000000.0,278440921.0,Priya Kumar,Rahul,15,Sunny,Black,2025/08/21
M2152,Parallel Worlds 63,Fantasy,Japanese,India,1995,178.0,PG,5.6,3128,43.8,179000000.0,828505932.0,Arjun Rao,Vikram,52,Cool,Yellow,2026-08-05
M0821,After the Storm,Mystery,Kannada,UK,2003,162.0,U,6.3,134312,42.4,31000000.0,,Priya Kumar,Meera,62,Cloudy,Black,2024-10-18
M1998,After the Storm,Romance,Tamil,Australia,2002,172.0,PG,7.0,442,27.3,163000000.0,877246098.0,John Carter,Riya,61,Cool,Black,2025-08-15
M3474,City of Dreams 87,Adventure,Tamil,France,2002,132.0,PG,6.4,4303,36.9,175000000.0,76084012.0,Arjun Rao,Vikram,44,Cloudy,Black,2024-07-20
M1249,Parallel Worlds,Adventure,Korean,France,2007,162.0,PG,6.4,14090,75.0,222000000.0,270887441.0,S. Varma,Aarav,33,Hot,Green,2024-01-27
M2665,The Forgotten Code,Crime,Kannada,France,2023,149.0,R,7.5,14958,56.3,218000000.0,282584135.0,M. Wilson,Kiran,25,Rainy,Red,2026-12-21
M3221,The Last Letter,Sci-Fi,Korean,France,1998,84.0,A,6.8,354,71.7,4000000.0,5457103.0,S. Varma,Daniel,19,Cloudy,Black,2024-06-28
M2191,Wild Frontier 31,Romance,Telugu,UK,2016,189.0,PG-13,5.6,205995,56.0,68000000.0,201584464.0,Arjun Rao,Vikram,31,Cool,Yellow,2025-06-18
M3163,Crimson Sky,Fantasy,Kannada,Australia,2004,102.0,A,7.7,149863,80.5,59000000.0,13201425.0,Priya Kumar,Daniel,38,Sunny,Black,2026-04-09
M1047,  STARLIGHT  ,Sci-Fi,Telugu,UK,2021,77.0,U,6.6,38754,62.9,129000000.0,432851987.0,M. Wilson,Vikram,21,Rainy,Yellow,2025-10-26
M1889,Starlight,Drama,Korean,USA,2015,154.0,R,4.6,1245,51.1,15000000.0,80292261.0,Arjun Rao,Aarav,54,Rainy,Green,2025-06-20
M2470,Family Ties,Comedy,Hindi,UK,2019,154.0,A,4.2,232296,56.5,80000000.0,378209501.0,S. Varma,Riya,57,Hot,Green,2026-08-18
M0616,Journey Home 83,Horror,English,Japan,2010,140.0,U,5.8,334,100.0,106000000.0,559367389.0,Priya Kumar,Meera,27,Cool,Black,2025-12-20
M1319,Hidden Truth 52,Romance,English,India,2008,117.0,A,7.4,907,43.9,227000000.0,908698099.0,Ananya Sen,Meera,42,Hot,Green,2025-10-04
M3494,Rainy Day 7,Comedy,Korean,India,1996,146.0,PG,7.9,326,58.8,36000000.0,30522283.0,John Carter,Daniel,64,Cool,Blue,2024-06-21
M3531,The Forgotten Code 31,Romance,Japanese,Japan,2015,175.0,R,8.6,17366,70.4,170000000.0,273041039.0,David Miller,Ananya,25,Sunny,Green,2024-03-09
M3544,The Great Escape 68,Comedy,Malayalam,Japan,2003,114.0,UA,7.1,713808,36.3,108000000.0,474951794.0,Priya Kumar,Vikram,58,Cool,Yellow,2026-11-26
M2137,Chasing Tomorrow,Crime,Tamil,Japan,1997,112.0,A,5.9,3317,63.0,109000000.0,450224064.0,Priya Kumar,Sophia,57,Hot,Blue,2024-01-02
M2969,Journey Home,Adventure,Malayalam,Australia,2007,151.0,PG,7.8,523,71.4,200000000.0,930783195.0,S. Varma,Rahul,16,Cloudy,Green,2026-06-13
M1773,Family Ties 74,Comedy,Kannada,Canada,2012,100.0,PG-13,5.3,395896,66.1,206000000.0,868204709.0,David Miller,Aarav,19,Sunny,Green,2026-01-27
M3574,The Final Mission 15,Crime,Tamil,UK,2007,131.0,A,6.3,969,61.3,134000000.0,167316372.0,S. Varma,Meera,17,Cool,Yellow,2026-03-15
M0132,Dream Catcher 67,Drama,Kannada,Japan,2020,135.0,UA,7.3,512,46.2,133000000.0,270260868.0,S. Varma,Alex,60,Cloudy,Yellow,2025-09-27
M0078,  CITY OF DREAMS 44  ,Romance,Telugu,Canada,2015,156.0,U,,113,50.8,153000000.0,124723304.0,Ananya Sen,Alex,26,Rainy,Green,2024-10-01
M2053,The Last Letter 26,Fantasy,Tamil,Japan,2025,185.0,PG,8.1,8362,85.9,75000000.0,378667244.0,John Carter,Aarav,42,Cool,Red,2026-12-23
M0725,Echoes of Time,Sci-Fi,Japanese,USA,1999,115.0,PG-13,5.5,23113,66.7,221000000.0,181480934.0,Ananya Sen,Alex,43,Hot,Green,2025-12-16
M1315,Golden Promise,Mystery,Hindi,UK,2011,110.0,UA,7.1,5548,49.0,85000000.0,367482229.0,M. Wilson,Vikram,13,Sunny,Red,2026-04-20
M1852,The Great Escape,Action,Malayalam,South Korea,2021,168.0,A,6.8,6392,79.1,21000000.0,91578498.0,Raj Mehta,Aarav,64,Rainy,Blue,2024-11-13
M3537,Chasing Tomorrow,Fantasy,Telugu,Japan,2023,82.0,R,4.2,668389,71.2,215000000.0,407293234.0,Arjun Rao,Meera,27,Rainy,Red,2025-09-04
M2779,Golden Promise 62,Action,Korean,Canada,2011,176.0,R,6.2,23099,59.6,153000000.0,581908913.0,David Miller,Kiran,34,Rainy,Red,2026-11-02
M3393,Road to Victory 40,Crime,Japanese,India,2018,184.0,A,7.8,3482,75.4,144000000.0,459411160.0,S. Varma,Daniel,48,Cloudy,Green,2025-02-22
M1373,Journey Home 39,Drama,Malayalam,France,1996,184.0,UA,6.2,937,48.5,64000000.0,139086567.0,Arjun Rao,Aarav,32,Rainy,Black,2026-10-14
M1856,Love in Monsoon 37,Sci-Fi,English,USA,2022,171.0,PG-13,7.1,159,29.1,81000000.0,84259572.0,John Carter,Vikram,22,Sunny,Blue,2024-09-22
M1320,Beyond the Valley,Mystery,English,UK,2014,143.0,PG-13,7.7,25029,87.1,58000000.0,285944999.0,Arjun Rao,Rahul,56,Sunny,Black,2025-07-28
M3481,Golden Promise 47,Animation,Kannada,USA,2023,180.0,PG-13,7.1,6928,77.1,221000000.0,956882950.0,M. Wilson,Meera,39,Rainy,Yellow,2025-09-13
M2634,Beyond the Valley,Sci-Fi,English,France,2003,77.0,PG,6.1,894,71.6,111000000.0,197440645.0,John Carter,Riya,33,Sunny,Green,2025-09-16
M0376,Dream Catcher 43,Adventure,Telugu,USA,2023,100.0,U,6.8,23241,81.4,226000000.0,961289179.0,Arjun Rao,Meera,53,Cloudy,Blue,2026-12-13
M1909,Mystery Lake 56,Drama,Korean,UK,2004,110.0,PG,7.8,77536,61.1,222000000.0,683107161.0,Ananya Sen,Rahul,41,Cool,Green,2026-01-17
M0334,The Last Horizon 99,Drama,Kannada,South Korea,2003,94.0,PG,6.0,770,38.5,78000000.0,45859194.0,Raj Mehta,Meera,61,Hot,Green,2024-07-26
M3484,Hidden Truth 74,Animation,Kannada,UK,2024,122.0,PG-13,5.3,286,82.3,207000000.0,59018134.0,John Carter,Kiran,39,Rainy,Blue,2026-10-24
M2785,Lost in Mumbai 64,Horror,Kannada,USA,1996,125.0,A,5.5,596394,69.5,47000000.0,211521608.0,Raj Mehta,Alex,57,Hot,Black,2024-11-23
M2366,Hidden Truth 38,Horror,Kannada,Canada,2003,88.0,A,7.2,542,83.9,128000000.0,219132593.0,Priya Kumar,Sophia,52,Cloudy,Green,2025-03-04
M1605,Secret Agent 69,Sci-Fi,Kannada,Australia,2009,153.0,UA,5.6,10552,58.2,105000000.0,83667036.0,John Carter,Aarav,32,Rainy,Green,2025-05-04
M1119,Road to Victory 64,Animation,Hindi,UK,2012,179.0,UA,7.4,561,93.9,38000000.0,141870490.0,John Carter,Kiran,52,Sunny,Green,2025-08-02
M3428,Hidden Truth,Mystery,Kannada,Japan,2010,189.0,UA,6.9,2643,67.5,114000000.0,589902310.0,Raj Mehta,Aarav,17,Hot,Red,2024-05-04
M1944,Kingdom of Ash,Comedy,Korean,Australia,2009,91.0,UA,5.2,957,74.0,144000000.0,161270260.0,Raj Mehta,Alex,34,Rainy,Red,2026-12-13
M2742,Echoes of Time 2,Fantasy,Hindi,UK,2010,134.0,PG,8.0,1665,66.3,91000000.0,295118332.0,M. Wilson,Riya,41,Hot,Red,2026-06-01
M2377,Chasing Tomorrow 43,Horror,Korean,France,2013,153.0,A,7.4,2638,42.9,181000000.0,853874079.0,David Miller,Ananya,52,Cloudy,Blue,2024-11-13
M3046,Love in Monsoon,Sci-Fi,Kannada,India,2021,129.0,UA,6.8,165,58.4,192000000.0,1033331445.0,Arjun Rao,Aarav,64,Sunny,Blue,2024-08-17
M1343,Broken Compass,Drama,Telugu,UK,2023,185.0,R,6.1,27049,70.9,169000000.0,352729479.0,M. Wilson,Ananya,57,Cool,Red,2026-10-20
M0321,Lost in Mumbai 75,Thriller,Japanese,UK,2022,136.0,PG-13,9.4,350,62.2,96000000.0,34450562.0,John Carter,Rahul,27,Cool,Red,2024-09-26
M1620,The Silent Witness 42,Romance,Japanese,India,2020,162.0,PG,7.5,16826,93.2,173000000.0,83724347.0,M. Wilson,Daniel,36,Cloudy,Green,2025-12-23
M2953,After the Storm 78,comedy,Malayalam,France,1998,144.0,A,8.7,220041,54.5,40000000.0,73723467.0,Priya Kumar,Riya,18,Rainy,Blue,2024-04-19
M2061,The Last Horizon 38,Romance,Tamil,India,1998,125.0,U,5.6,1358,89.9,55000000.0,168756318.0,Raj Mehta,Alex,18,Cloudy,Red,2025-03-20
M2220,Mystery Lake,Crime,Japanese,Australia,1998,133.0,PG,5.1,2873,55.3,86000000.0,168941333.0,Raj Mehta,Riya,29,Cloudy,Yellow,2025-01-17
M1674,Secret Agent 42,,Hindi,India,2015,176.0,PG,6.9,15384,18.7,114000000.0,463029277.0,Ananya Sen,Meera,45,Sunny,Green,2026-02-11
M1943,Kingdom of Ash,Adventure,Malayalam,South Korea,2019,116.0,U,8.1,383,100.0,187000000.0,140315215.0,Arjun Rao,Daniel,42,Cool,Blue,2025-04-10
M0261,Echoes of Time 89,Mystery,English,South Korea,2012,107.0,PG,6.6,2032,67.9,122000000.0,505152438.0,Arjun Rao,Kiran,30,Cool,Yellow,2026-03-14
M2841,Broken Compass,Adventure,English,South Korea,1996,108.0,R,7.2,439129,44.3,92000000.0,113822607.0,S. Varma,Meera,53,Rainy,Green,2024-05-01
M2040,Starlight 30,Romance,English,Australia,2021,177.0,UA,5.7,803,52.1,212000000.0,938968967.0,John Carter,Sophia,28,Rainy,Blue,2024-04-14
M0690,The Forgotten Code 92,Fantasy,Malayalam,Australia,2013,121.0,A,6.8,229,61.5,91000000.0,379145771.0,M. Wilson,Vikram,20,Cool,Black,Aug 21 2025
M0902,Dream Catcher,Animation,Malayalam,UK,2005,165.0,A,7.0,163421,73.5,250000000.0,786952667.0,S. Varma,Sophia,55,Rainy,Yellow,2026-01-24
M2307,Shadow Protocol 51,Comedy,Malayalam,South Korea,1995,156.0,A,6.1,416,49.0,210000000.0,259776587.0,David Miller,Alex,63,Cool,Black,2025-06-23
M2027,Road to Victory 10,Drama,Malayalam,Australia,2014,85.0,R,6.7,36818,84.8,133000000.0,657532532.0,M. Wilson,Ananya,61,Hot,Black,2025-03-25
M0139,Kingdom of Ash 69,Romance,Tamil,India,2018,150.0,U,6.1,2792,53.5,62000000.0,171614252.0,S. Varma,Sophia,58,Hot,Blue,2026-03-01
M1918,Secret Agent 85,Sci-Fi,Telugu,India,2003,167.0,R,8.7,169228,96.4,119000000.0,291849022.0,Priya Kumar,Vikram,36,Hot,Green,2026-10-12
M1829,The Final Mission 10,Thriller,,France,2025,122.0,PG-13,7.7,2531,24.4,57000000.0,49404885.0,S. Varma,Sophia,45,Rainy,Green,2026-04-26
M1574,The Last Letter 56,Crime,Tamil,Canada,2002,165.0,U,7.1,136,45.0,64000000.0,181574415.0,S. Varma,Meera,54,Hot,Red,2024-07-16
M0320,The Final Mission 27,Romance,Kannada,UK,2018,105.0,U,7.9,5955,71.9,224000000.0,656915605.0,Arjun Rao,Riya,56,Hot,Yellow,2024-09-02
M0654,Code Zero,Comedy,Telugu,Canada,2021,129.0,PG-13,7.6,1437,34.9,51000000.0,203308851.0,David Miller,Ananya,20,Rainy,Black,2024-05-07
M2138,The Final Mission 55,Thriller,Malayalam,Japan,2008,89.0,PG-13,4.8,21073,43.9,121000000.0,583544764.0,John Carter,Meera,64,Hot,Blue,2024-02-18
M2806,Midnight Train 21,Animation,Tamil,USA,2016,121.0,U,7.4,1794,77.9,83000000.0,61918143.0,Arjun Rao,Kiran,35,Sunny,Yellow,2026-01-18
M0559,The Final Mission 62,Romance,Kannada,India,2015,117.0,A,6.6,215322,62.0,216000000.0,545938710.0,Ananya Sen,Riya,62,Cool,Yellow,2025-02-21
M2188,Code Zero 18,Fantasy,Tamil,UK,2005,142.0,UA,6.3,20281,85.3,92000000.0,264039931.0,Priya Kumar,Meera,14,Cloudy,Red,2025-01-25
M0113,Midnight Train,Romance,Malayalam,Japan,2012,135.0,U,4.1,18969,54.5,65000000.0,39779582.0,Priya Kumar,Daniel,20,Cloudy,Black,2025-12-15
M0532,Beyond the Valley 71,Thriller,Tamil,USA,2018,167.0,PG-13,8.4,56749,31.8,190000000.0,731223853.0,John Carter,Kiran,34,Rainy,Blue,2024-09-19
M0225,Chasing Tomorrow,Romance,Telugu,Japan,2011,136.0,R,7.6,2563,33.6,1000000.0,685384.0,David Miller,Sophia,16,Sunny,Red,2026-12-05
M0724,Midnight Train 40,Comedy,Malayalam,Japan,1996,108.0,R,3.5,249887,65.1,227000000.0,805060104.0,S. Varma,Daniel,57,Rainy,Red,2026-08-04
M3139,The Final Mission,Action,Japanese,Canada,1997,134.0,PG,4.4,6182,100.0,53000000.0,282952789.0,Ananya Sen,Riya,29,Cool,Red,2026-02-17
M3107,Kingdom of Ash 8,Romance,Korean,Canada,2008,128.0,R,6.0,550,68.9,87000000.0,173184426.0,Priya Kumar,Meera,30,Rainy,Red,2026-02-19
M1434,Road to Victory,Animation,Hindi,Japan,2011,135.0,UA,6.9,105569,85.7,130000000.0,413317735.0,M. Wilson,Kiran,43,Rainy,Blue,2025-09-14
M2374,Neon Nights 97,Sci-Fi,Korean,South Korea,2011,164.0,PG,5.7,110,52.5,24000000.0,35623832.0,John Carter,Vikram,59,Hot,Green,2025-01-09
M3473,Wild Frontier 30,Sci-Fi,Japanese,South Korea,2024,141.0,PG,5.9,3950,57.8,248000000.0,87084708.0,Arjun Rao,Rahul,19,Hot,Blue,2025-05-08
M2896,Code Zero 99,Crime,Japanese,India,2015,184.0,U,7.0,512960,38.7,156000000.0,548278760.0,S. Varma,Kiran,62,Cloudy,Red,2025-04-03
M1459,The Final Mission 93,Action,English,USA,2010,132.0,A,6.7,93384,65.3,4000000.0,15915902.0,Ananya Sen,Kiran,65,Hot,Blue,2024-09-05
M3269,Dream Catcher 26,Sci-Fi,English,South Korea,2009,164.0,PG-13,7.1,219,98.6,201000000.0,1026754458.0,Raj Mehta,Alex,46,Cloudy,Yellow,2024-08-04
M0847,City of Dreams 24,Thriller,Kannada,France,2016,112.0,U,7.2,156897,61.9,197000000.0,1066342520.0,M. Wilson,Sophia,32,Sunny,Yellow,2024-06-24
M0194,The Great Escape 64,Horror,English,USA,2011,170.0,R,6.8,16018,54.1,72000000.0,39474416.0,M. Wilson,Sophia,17,Cool,Black,2024-07-27
M1465,Echoes of Time 59,Adventure, Telugu ,India,1996,135.0,UA,8.1,276305,25.9,4000000.0,20768398.0,Raj Mehta,Aarav,51,Cloudy,Red,2025-07-24
M0947,Family Ties 70,Horror,Telugu,South Korea,2000,190.0,R,5.4,281,31.3,203000000.0,990914067.0,S. Varma,Daniel,47,Cloudy,Green,2026-05-04
M2022,A New Beginning 36,Adventure,Kannada,USA,1999,104.0,PG-13,6.6,17773,77.1,35000000.0,153916579.0,M. Wilson,Aarav,19,Cloudy,Blue,2026-02-19
M2552,Secret Agent,Thriller,Telugu,UK,2001,180.0,R,7.7,43591,58.0,42000000.0,84287992.0,Raj Mehta,Aarav,42,Rainy,Red,2025-07-23
M1630,Family Ties 91,Sci-Fi,Korean,India,1999,90.0,UA,7.7,547,48.3,127000000.0,411417306.0,S. Varma,Riya,64,Hot,Red,2025-09-14
M0118,Parallel Worlds 16,Action,Telugu,Australia,2007,115.0,PG-13,4.7,610468,92.1,167000000.0,778759458.0,S. Varma,Kiran,20,Cloudy,Green,2026-08-07
M0646,Road to Victory,Comedy,Malayalam,South Korea,2005,161.0,PG,6.0,628075,65.7,64000000.0,89501712.0,John Carter,Daniel,26,Sunny,Yellow,2025-04-10
M1871,The Last Letter 95,Adventure,Malayalam,Australia,2021,136.0,A,4.8,776,74.1,86000000.0,22453557.0,M. Wilson,Alex,51,Sunny,Green,2024-03-04
M0004,Digital Hearts,Comedy,Tamil,USA,1997,80.0,PG,6.2,512,75.9,170000000.0,199247463.0,John Carter,Meera,53,Cloudy,Red,2025-06-07
M0075,Golden Promise,Comedy,Telugu,India,2015,180.0,U,6.2,13921,51.9,119000000.0,474495648.0,John Carter,Meera,20,Sunny,Red,2026-03-13
M1756,Midnight Train 60,Adventure,Telugu,South Korea,2011,75.0,U,7.5,17871,58.4,197000000.0,270300219.0,Priya Kumar,Sophia,28,Hot,Yellow,2024-06-18
M0468,Code Zero 77,Drama,Japanese,USA,2024,139.0,UA,6.0,221639,85.6,218000000.0,1090557916.0,Priya Kumar,Rahul,40,Rainy,Yellow,2024-07-04
M0006,Digital Hearts,Horror,Korean,South Korea,2019,174.0,U,5.5,1381,71.3,15000000.0,32125766.0,Ananya Sen,Alex,58,Cloudy,Red,2026-08-13
M1247,Hidden Truth 78,Animation,Korean,Canada,2010,85.0,PG,4.6,199,20.4,109000000.0,409300955.0,Priya Kumar,Ananya,39,Rainy,Blue,2026-10-09
M0920,The Silent Witness 72,Mystery,Kannada,France,2017,156.0,A,7.6,2176,100.0,68000000.0,62101286.0,David Miller,Meera,18,Cloudy,Green,2026-09-24
M2596,Kingdom of Ash 66,Fantasy,Telugu,Australia,2012,135.0,UA,6.8,260,42.9,201000000.0,408347304.0,Ananya Sen,Ananya,53,Cloudy,Black,2026-11-01
M0229,Mystery Lake,Drama,Hindi,Japan,2018,84.0,PG,7.3,506,69.2,61000000.0,195816693.0,Raj Mehta,Daniel,26,Rainy,Blue,2025-05-26
M1064,The Last Horizon 56,Fantasy,Hindi,UK,1997,176.0,U,4.6,4257,74.4,189000000.0,415307554.0,Raj Mehta,Meera,24,Sunny,Red,2025-06-22
M2591,A New Beginning,Mystery,Hindi,UK,2024,140.0,A,8.0,12151,34.4,143000000.0,194026441.0,Raj Mehta,Meera,60,Cool,Blue,2025-11-10
M0243,Lost in Mumbai 55,Crime,Hindi,Canada,2009,174.0,PG,8.0,486826,60.7,212000000.0,567572338.0,Ananya Sen,Rahul,60,Hot,Yellow,2025-01-17
M2761,Ocean of Stars 39,Sci-Fi,Japanese,France,1995,188.0,A,5.5,707,48.7,36000000.0,33281420.0,David Miller,Kiran,20,Rainy,Green,2026-09-28
M1161,The Final Mission,Sci-Fi,Japanese,USA,2002,132.0,UA,6.0,18910,62.3,53000000.0,259012068.0,M. Wilson,Meera,55,Cool,Red,2024-02-01
M3038,Parallel Worlds,Crime,English,Australia,2012,170.0,UA,5.9,497865,51.3,201000000.0,1056659965.0,Arjun Rao,Vikram,46,Rainy,Blue,2026-02-26
M2708,Code Zero,Romance,Telugu,USA,2012,111.0,PG,6.7,115623,36.9,82000000.0,227396514.0,Priya Kumar,Aarav,24,Cloudy,Red,2024-09-19
M2564,Golden Promise 52,Sci-Fi,Malayalam,Canada,2011,94.0,PG,8.3,229239,100.0,80000000.0,364378157.0,Raj Mehta,Alex,53,Cloudy,Red,2026-07-17
M1527,Lost in Mumbai 9,Adventure,Japanese,Australia,1995,115.0,PG,4.4,3414,71.2,,57607572.0,Priya Kumar,Sophia,29,Rainy,Black,2024-10-23
M1606,Digital Hearts,Mystery,Tamil,Australia,2017,95.0,R,6.1,3129,35.1,82000000.0,361760493.0,Priya Kumar,Rahul,19,Sunny,Blue,2025-08-16
M3375,The Last Letter 45,Thriller,Telugu,South Korea,2019,,PG,7.5,40829,88.2,58000000.0,267437611.0,Arjun Rao,Riya,35,Cloudy,Yellow,2024-03-03
M2471,Parallel Worlds 4,Adventure,Malayalam,France,2017,0,PG,6.9,2726,59.5,229000000.0,550287757.0,M. Wilson,Riya,46,Hot,Green,2025-03-14
M2813,Road to Victory,Horror,Hindi,USA,2007,77.0,PG,7.1,449700,59.9,147000000.0,136109527.0,John Carter,Meera,59,Rainy,Black,2025-06-07
M3076,A New Beginning 35,Crime,Telugu,UK,1995,92.0,PG,7.3,14394,61.4,221000000.0,860056156.0,M. Wilson,Meera,16,Cool,Green,2026-05-28
M1990,Shadow Protocol,Crime,Japanese,India,2005,179.0,U,7.0,5734,30.5,170000000.0,44492054.0,Arjun Rao,Sophia,48,Cool,Blue,2024-07-18
M3117,City of Dreams,Drama,Malayalam,Japan,2025,175.0,U,6.8,541624,57.3,157000000.0,356981471.0,Arjun Rao,Daniel,58,Hot,Green,2025-01-05
M2363,Secret Agent 35,Adventure,Hindi,France,2004,147.0,PG,5.5,103,70.2,177000000.0,265506636.0,David Miller,Ananya,56,Cool,Green,2025-11-28
M1976,Love in Monsoon,Crime,English,USA,2002,177.0,A,7.7,111287,60.3,89000000.0,374139761.0,Ananya Sen,Aarav,51,Hot,Green,2024-08-21
M1762,Golden Promise 47,Action,Telugu,UK,2000,139.0,U,6.0,161274,75.0,12000000.0,51324335.0,S. Varma,Riya,55,Cool,Blue,2024-10-08
M1306,Dream Catcher 25,Crime,English,UK,2000,111.0,R,5.7,149199,80.4,28000000.0,92923196.0,David Miller,Ananya,63,Rainy,Green,2025-02-03
M1542,After the Storm 28,Crime,Tamil,Canada,2011,179.0,UA,0.0,53043,42.8,142000000.0,508664090.0,David Miller,Daniel,28,Hot,Red,2026-07-05
M2473,Digital Hearts 43,Fantasy,English,South Korea,2009,174.0,R,8.4,964,88.8,4000000.0,7684712.0,John Carter,Ananya,63,Sunny,Black,2024-03-10
M2643,Crimson Sky,Horror,Japanese,Japan,2016,170.0,UA,4.8,49262,60.9,23000000.0,73542291.0,M. Wilson,Sophia,31,Rainy,Yellow,2026-11-28
M0623,Dream Catcher 38,Drama,English,Japan,2002,138.0,A,7.0,675500,51.8,175000000.0,211324845.0,Arjun Rao,Daniel,58,Cool,Black,2026-04-16
M3453,Broken Compass,Thriller,Japanese,UK,1999,162.0,PG,8.8,1131,73.8,29000000.0,60020513.0,Ananya Sen,Alex,24,Rainy,Black,2026-12-17
M1494,Secret Agent 54,Animation,Telugu,UK,2002,119.0,A,4.9,6206,46.6,143000000.0,648534532.0,Arjun Rao,Vikram,65,Hot,Red,2025-08-01
M0111,Love in Monsoon,Adventure,Kannada,UK,2002,168.0,U,9.5,19082,49.7,169000000.0,840967229.0,Priya Kumar,Kiran,34,Rainy,Black,2026-08-21
M2276,Code Zero 68,Action,Hindi,India,2005,175.0,U,7.4,693880,54.6,219000000.0,66899652.0,David Miller,Daniel,64,Cloudy,Black,2024-09-03
M3093,The Last Horizon,Animation,Korean,India,2012,153.0,PG-13,7.3,120869,69.9,150000000.0,185237213.0,Arjun Rao,Riya,13,Hot,Blue,2025-10-24
M1170,Road to Victory 98,Action,Japanese,USA,2006,132.0,A,7.5,15021,55.5,161000000.0,78798971.0,David Miller,Ananya,47,Hot,Black,not available
M2970,Mystery Lake 36,Drama,Telugu,South Korea,1999,115.0,PG,6.5,139,57.6,121000000.0,114502647.0,John Carter,Aarav,37,Cool,Green,2026-12-23
M0233,After the Storm,Adventure,Malayalam,South Korea,2001,127.0,A,6.3,199,58.8,179000000.0,696369161.0,Ananya Sen,Riya,16,Hot,Yellow,2026-08-05
M0067,The Missing Piece 89,Drama,Telugu,UK,2008,93.0,U,5.8,18075,60.3,63000000.0,24601125.0,S. Varma,Alex,56,Rainy,Black,2026-03-08
M3276,Family Ties 15,Sci-Fi,Telugu,Australia,2004,119.0,A,6.8,2034,57.7,82000000.0,16973615.0,Ananya Sen,Sophia,19,Cloudy,Yellow,2024-09-27
M2073,The Last Horizon,Thriller,English,France,2011,121.0,PG,5.9,2080,78.3,107000000.0,480566271.0,Arjun Rao,Daniel,55,Cool,Black,2026-04-03
M2193,Lost in Mumbai 12,Drama,English,Canada,2015,146.0,UA,7.0,1066,28.3,153000000.0,200779266.0,Raj Mehta,Riya,28,Cool,Black,2024-07-05
M0537,Dream Catcher 92,Animation,Hindi,Canada,1999,137.0,PG,5.3,718444,53.2,183000000.0,476936172.0,M. Wilson,Aarav,60,Rainy,Yellow,2025-02-20
M0126,The Last Letter 61,Romance,Kannada,UK,2017,82.0,A,,55986,92.4,41000000.0,54477112.0,Priya Kumar,Sophia,38,Rainy,Green,2026-09-04
M2134,Starlight 51,Crime,,UK,2015,75.0,UA,8.3,150123,78.3,126000000.0,354765432.0,Ananya Sen,Kiran,33,Cloudy,Blue,2024-04-14
M1255,Journey Home,Drama,Kannada,Australia,2010,146.0,U,4.9,127,78.2,33000000.0,135191467.0,John Carter,Meera,21,Hot,Green,2024-11-26
M2998,Shadow Protocol 28,Crime,Malayalam,USA,2004,181.0,UA,8.3,180374,54.9,209000000.0,378742930.0,Priya Kumar,Kiran,65,Sunny,Yellow,2024-07-13
M1977,Wild Frontier 88,Romance,Kannada,Australia,2004,153.0,R,8.8,30916,92.1,59000000.0,208401177.0,S. Varma,Meera,62,Sunny,Green,2026-01-07
M2971,Shadow Protocol,Fantasy,Kannada,South Korea,2011,128.0,U,6.7,200,81.7,194000000.0,1025591134.0,David Miller,Meera,62,Hot,Blue,2024-05-18
M2811,Family Ties 42,Action,Kannada,UK,2004,101.0,U,5.9,20360,100.0,141000000.0,576766053.0,John Carter,Aarav,33,Sunny,Green,2025-03-25
M2076,Love in Monsoon,Sci-Fi,Malayalam,USA,2014,104.0,UA,6.3,42725,26.8,64000000.0,196478930.0,S. Varma,Daniel,17,Sunny,Black,2024-04-06
M0485,Journey Home 20,Romance,Telugu,South Korea,2015,82.0,PG,5.5,134,51.4,134000000.0,242662734.0,S. Varma,Sophia,17,Rainy,Black,2025-05-21
M1655,Parallel Worlds 98,Mystery,Kannada,France,2013,151.0,R,6.1,123,53.0,138000000.0,683480426.0,M. Wilson,Alex,30,Cool,Black,2024-11-18
M3239,The Forgotten Code,Crime,Tamil,Japan,2002,147.0,PG-13,8.6,7195,46.0,165000000.0,764180647.0,John Carter,Daniel,48,Sunny,Blue,2024-08-16
M3306,Secret Agent 84,Animation,English,South Korea,1999,129.0,U,8.8,295128,78.6,169000000.0,782414806.0,Priya Kumar,Alex,38,Cloudy,Black,2024-04-07
M3600,Ocean of Stars 80,Thriller,Telugu,USA,2021,94.0,U,7.4,749785,43.4,55000000.0,192485246.0,Priya Kumar,Kiran,42,Hot,Green,2024-10-25
M1775,Kingdom of Ash 48,Mystery,Korean,Japan,2005,119.0,PG,5.5,5154,79.0,57000000.0,247642751.0,M. Wilson,Rahul,29,Cool,Black,2026-05-19
M2411,Midnight Train 17,Romance,Kannada,France,2021,96.0,UA,4.8,357007,77.6,39000000.0,70659538.0,M. Wilson,Daniel,59,Cool,Yellow,2024-06-02
M0919,Secret Agent,,Japanese,South Korea,1998,112.0,A,6.5,69901,65.9,236000000.0,451871839.0,Priya Kumar,Sophia,28,Cloudy,Black,2024-06-15
M1647,The Great Escape 56,,Korean,UK,2008,135.0,A,5.4,180,81.4,201000000.0,775912492.0,Raj Mehta,Rahul,23,Sunny,Blue,2024-12-13
M1027,Parallel Worlds 61,Mystery,Kannada,South Korea,2015,80.0,PG-13,5.8,143523,42.7,95000000.0,459808535.0,Priya Kumar,Daniel,43,Cool,Black,2025-12-19
M1031,Rainy Day,Romance,Kannada,UK,2000,90.0,R,6.3,135464,50.4,186000000.0,886385909.0,M. Wilson,Sophia,28,Hot,Black,2026-05-19
M0883,Crimson Sky,Adventure,Japanese,Canada,2025,80.0,A,6.7,19787,64.2,200000000.0,461545479.0,S. Varma,Aarav,19,Sunny,Green,2025-09-12
M1336,The Missing Piece,Drama,Telugu,USA,2018,90.0,U,5.3,33900,64.0,127000000.0,141433260.0,Priya Kumar,Kiran,41,Sunny,Yellow,2025-06-06
M2723,Chasing Tomorrow 58,Horror,Telugu,France,1999,125.0,PG,6.5,484607,49.1,156000000.0,518603051.0,John Carter,Kiran,16,Rainy,Blue,2025-04-13
M0365,Starlight,Animation,English,India,1997,98.0,UA,5.4,747743,58.7,51000000.0,260768361.0,John Carter,Sophia,44,Hot,Red,2024-06-22
M2126,Family Ties 15,Adventure,Hindi,Canada,2018,104.0,R,7.9,8642,70.3,2000000.0,9142065.0,M. Wilson,Alex,51,Rainy,Black,2024-11-11
M0028,Starlight 75,Romance,Malayalam,India,2005,130.0,R,6.9,141746,84.4,156000000.0,772088286.0,S. Varma,Aarav,46,Cool,Red,2025-07-03
M0474,Love in Monsoon,mystery,Japanese,Australia,2005,94.0,UA,7.0,538,57.9,78000000.0,370370393.0,John Carter,Meera,44,Cool,Green,2026-06-26
M0526,Love in Monsoon,Action,Hindi,UK,2020,184.0,R,6.6,17900,27.4,243000000.0,104931551.0,Arjun Rao,Ananya,36,Rainy,Green,2026-08-25
M0726,Rainy Day,Horror,Tamil,Canada,2002,86.0,R,5.7,50260,56.8,68000000.0,87933261.0,Arjun Rao,Riya,44,Sunny,Red,2024-11-07
M0056,Neon Nights 85,Fantasy,Malayalam,UK,2003,148.0,PG-13,5.5,468483,74.6,11000000.0,57814036.0,S. Varma,Meera,18,Hot,Green,2025-06-11
M0639,  LOVE IN MONSOON  ,Comedy,Telugu,South Korea,2002,123.0,PG-13,6.6,111131,83.4,244000000.0,664797370.0,M. Wilson,Riya,46,Cloudy,Yellow,2025-09-09
M0303,The Silent Witness,Sci-Fi,English,Canada,2010,101.0,U,7.1,5151,85.9,152000000.0,614667571.0,David Miller,Alex,50,Rainy,Red,2026-09-02
M3157,City of Dreams 64,Thriller,Hindi,UK,2021,176.0,PG,6.4,8956,77.4,131000000.0,319438905.0,Raj Mehta,Kiran,59,Hot,Green,2025-02-01
M1277,Family Ties,Comedy,Kannada,India,2016,159.0,A,6.7,25000000,54.0,165000000.0,531025352.0,S. Varma,Vikram,36,Hot,Blue,2026-08-13
M3189,Beyond the Valley,Action,Tamil,South Korea,2008,170.0,R,8.5,57429,53.2,17000000.0,7016558.0,S. Varma,Meera,56,Rainy,Black,2025-05-22
M0625,Wild Frontier,Horror,Korean,,2012,125.0,U,9.1,923,61.2,87000000.0,312787661.0,John Carter,Daniel,57,Rainy,Yellow,2025-02-05
M2056,Mystery Lake 46,Mystery,Kannada,France,1997,129.0,UA,5.9,881,87.4,78000000.0,85488473.0,John Carter,Ananya,61,Sunny,Yellow,2024-11-21
M1281,Echoes of Time,Fantasy,Kannada,USA,2003,97.0,PG,4.5,94332,53.0,42000000.0,216792903.0,Raj Mehta,Daniel,59,Cloudy,Green,2024-02-27
M1050,Beyond the Valley,Romance,Hindi,Japan,2011,184.0,A,7.9,10041,48.4,128000000.0,243267721.0,Arjun Rao,Alex,39,Hot,Black,2025-06-01
M0337,Family Ties 4,Drama,English,India,2009,109.0,UA,5.1,18385,32.1,180000000.0,545056829.0,Arjun Rao,Daniel,30,Rainy,Black,2026-01-08
M0048,Road to Victory,Adventure,Telugu,Canada,2005,90.0,UA,7.2,104,50.7,191000000.0,200985990.0,M. Wilson,Daniel,59,Cool,Yellow,2026-05-04
M0107,Chasing Tomorrow,Drama,English,South Korea,2024,87.0,PG,7.2,81635,48.5,215000000.0,707748707.0,David Miller,Meera,41,Cool,Blue,2024-01-09
M2398,Ocean of Stars 41,Animation,English,Japan,1997,184.0,U,7.6,296973,99.0,199000000.0,778413111.0,Raj Mehta,Alex,27,Rainy,Green,2025-06-24
M1080,Rainy Day 71,Adventure,Hindi,USA,2006,87.0,UA,8.1,2450,36.5,196000000.0,193468844.0,Arjun Rao,Aarav,28,Sunny,Green,2024-02-25
M2287,Secret Agent,Animation,Hindi,Australia,1995,107.0,U,7.9,350059,46.1,66000000.0,95643352.0,John Carter,Aarav,64,Cool,Red,2025-07-19
M2262,Echoes of Time,Comedy,English,UK,2001,79.0,R,6.7,206176,100.0,14000000.0,67702887.0,M. Wilson,Ananya,37,Hot,Red,2026-12-06
M1145,Love in Monsoon 66,Thriller,,UK,2002,93.0,unknown,5.3,522,86.1,85000000.0,357781215.0,Arjun Rao,Vikram,62,Rainy,Green,2024-07-13
M2884,Rainy Day,Animation,Malayalam,Japan,2003,89.0,A,8.1,525758,69.7,41000000.0,154954560.0,S. Varma,Meera,26,Sunny,Red,2025-02-24
M2297,Digital Hearts 21,Romance,Telugu,UK,2014,181.0,R,4.6,18083,100.0,160000000.0,616466816.0,Arjun Rao,Aarav,51,Sunny,Red,2026-05-09
M1837,Parallel Worlds,Drama,Korean,Japan,2006,148.0,UA,5.3,24362,93.5,8000000.0,31111731.0,M. Wilson,Daniel,22,Cool,Black,2026-07-06
M1754,After the Storm 47,Romance,English,South Korea,2004,150.0,UA,6.8,134549,41.1,231000000.0,586770088.0,M. Wilson,Rahul,52,Cool,Red,2026-10-28
M1102,Chasing Tomorrow 26,Drama,Hindi,South Korea,2012,128.0,R,8.1,7649,48.1,146000000.0,196365128.0,S. Varma,Daniel,57,Cloudy,Yellow,2024-11-13
M1969,The Missing Piece,Thriller,Hindi,Canada,1996,94.0,PG,8.8,34152,26.0,202000000.0,415363319.0,David Miller,Ananya,26,Cloudy,Black,2024-05-01
M2752,Journey Home 88,Crime,Korean,UK,1997,91.0,A,8.0,6174,75.1,198000000.0,662531003.0,S. Varma,Alex,22,Hot,Red,2025-07-01
M3322,Shadow Protocol,Crime,Telugu,UK,2014,132.0,PG-13,8.1,7994,38.8,242000000.0,518220414.0,M. Wilson,Daniel,59,Sunny,Green,2026-10-28
M0524,Mystery Lake,Horror,Telugu,UK,2012,81.0,PG-13,8.0,66947,70.7,5000000.0,4194798.0,Raj Mehta,Riya,34,Hot,Blue,2026-04-04
M2281,Ocean of Stars,Fantasy,Japanese,Japan,2001,136.0,PG-13,5.4,663968,25.4,224000000.0,150025067.0,Priya Kumar,Rahul,22,Hot,Green,2026-01-13
M2693,The Silent Witness,Adventure,Korean,Australia,2016,124.0,R,4.9,2197,70.4,198000000.0,683964339.0,John Carter,Meera,39,Rainy,Red,2026-08-01
M1429,Mystery Lake,Adventure,Kannada,Japan,2018,106.0,UA,6.6,220433,56.5,159000000.0,365555108.0,David Miller,Alex,55,Cloudy,Red,2026-06-05
M2582,Dream Catcher,Adventure,Korean,UK,1998,177.0,PG-13,8.7,7587,93.3,111000000.0,257907012.0,Raj Mehta,Vikram,33,Sunny,Green,2024-09-13
M3156,Road to Victory,Sci-Fi,Hindi,India,2020,150.0,UA,5.7,505324,78.6,143000000.0,74666047.0,M. Wilson,Rahul,26,Rainy,Yellow,2025-01-08
M0604,After the Storm,Comedy,Kannada,UK,2009,111.0,R,7.6,294,76.8,97000000.0,155936134.0,M. Wilson,Ananya,22,Rainy,Blue,2024-09-24
M1490,Dream Catcher,Romance,English,South Korea,2023,79.0,PG,5.0,13221,39.7,16000000.0,9368034.0,S. Varma,Aarav,16,Sunny,Red,2026-04-17
M3099,Golden Promise 33,Drama,Japanese,Japan,2020,171.0,PG-13,6.6,121635,100.0,5000000.0,25281177.0,Arjun Rao,Riya,47,Cloudy,Yellow,2024-01-14
M2949,Wild Frontier,Action,Japanese,UK,2007,99.0,A,7.0,45718,84.3,242000000.0,483238017.0,David Miller,Sophia,15,Sunny,Black,2026-02-12
M0061,Crimson Sky 78,Animation,Telugu,USA,2009,145.0,A,5.7,25143,68.1,38000000.0,206996845.0,S. Varma,Sophia,63,Cool,Green,2024-05-24
M3329,City of Dreams,Action,Tamil,India,1998,86.0,R,8.9,352,61.1,218000000.0,818549340.0,David Miller,Meera,38,Hot,Red,2025-01-25
M0672,Digital Hearts 20,Horror,Malayalam,Canada,2024,103.0,R,6.0,184,95.7,7000000.0,30477490.0,S. Varma,Riya,44,Rainy,Blue,2024-02-10
M0093,The Great Escape 15,Romance,Korean,France,2025,154.0,PG-13,7.8,252,81.3,118000000.0,588056587.0,Arjun Rao,Rahul,32,Cloudy,Red,2025-03-03
M0667,A New Beginning 31,Adventure,Korean,Japan,2020,184.0,UA,6.2,1355,47.7,193000000.0,929969415.0,M. Wilson,Riya,44,Rainy,Black,2024-03-07
M1888,Road to Victory,Comedy,Tamil,Australia,2010,119.0,U,6.8,461,67.9,50000000.0,93767795.0,Priya Kumar,Daniel,53,Rainy,Green,2025-02-22
M0281,The Final Mission 58,Romance,Kannada,Canada,1996,76.0,R,6.0,606,100.0,191000000.0,535841159.0,Ananya Sen,Daniel,41,Rainy,Blue,2024-03-24
M1720,Kingdom of Ash,Animation,Hindi,France,2004,147.0,U,,371390,50.6,121000000.0,158008471.0,Priya Kumar,Ananya,56,Cool,Blue,2024-07-26
M0360,Wild Frontier 26,Horror,Kannada,India,1998,160.0,A,4.3,1994,72.5,106000000.0,397317771.0,David Miller,Sophia,52,Hot,Yellow,2024-08-02
M0900,Code Zero 34,Drama,Kannada,Japan,2015,75.0,PG-13,9.7,4026,52.6,80000000.0,197254256.0,Arjun Rao,Meera,44,Cool,Red,2024-04-17
M1936,After the Storm 65,Adventure,Telugu,South Korea,2024,183.0,UA,9.2,280409,70.1,69000000.0,195083710.0,M. Wilson,Riya,22,Cool,Green,2024-05-11
M1995,Hidden Truth,Comedy,Telugu,Canada,2018,85.0,UA,7.7,30761,90.1,78000000.0,244387011.0,Arjun Rao,Alex,34,Cloudy,Yellow,2026-10-23
M2796,A New Beginning,Sci-Fi,Tamil,India,2014,182.0,U,5.5,2513,49.3,87000000.0,439152081.0,S. Varma,Ananya,37,Rainy,Blue,2024-06-22
M0761,Rainy Day,Thriller,Korean,Japan,2005,77.0,U,5.5,122,60.1,58000000.0,122395206.0,David Miller,Daniel,17,Cool,Yellow,2024-09-20
M2159,Rainy Day 87,Action,Kannada,USA,2017,94.0,U,6.5,691,1.0,166000000.0,272383067.0,Raj Mehta,Alex,13,Sunny,Black,2024-02-16
M3173,Road to Victory 66,Crime,Korean,India,2007,137.0,PG-13,6.5,533,42.4,70000000.0,148999626.0,M. Wilson,Kiran,40,Rainy,Yellow,2024-05-04
M0043,Ocean of Stars 45,Action,Korean,Australia,2008,159.0,U,7.8,154771,40.4,95000000.0,298543608.0,S. Varma,Sophia,53,Hot,Red,2025-03-24
M2174,Dream Catcher,Horror,Malayalam,South Korea,2013,144.0,A,8.8,2664,36.4,135000000.0,308038129.0,John Carter,Meera,61,Cloudy,Blue,2024-05-01
M0205,Ocean of Stars 57,Adventure,Tamil,India,2013,156.0,UA,6.1,1029,86.0,196000000.0,433624473.0,Arjun Rao,Rahul,20,Hot,Yellow,2026-01-10
M1474,The Silent Witness,Animation,Korean,South Korea,2024,182.0,R,7.2,601,54.9,24000000.0,52025661.0,S. Varma,Daniel,43,Cool,Black,2026-11-14
M2101,Hidden Truth 47,Crime,Hindi,UK,2010,142.0,U,6.4,226178,57.7,123000000.0,191652584.0,John Carter,Rahul,28,Hot,Red,2024-07-06
M2594,Golden Promise 63,Fantasy,English,UK,1998,132.0,UA,8.3,1233,38.8,109000000.0,351518659.0,Ananya Sen,Kiran,13,Cloudy,Green,2024-05-15
M0069,Crimson Sky,Comedy,Tamil,France,2022,113.0,PG-13,6.2,313,86.8,51000000.0,151362353.0,Priya Kumar,Alex,31,Cloudy,Blue,2026-07-09
M1876,Shadow Protocol 90,Romance,Korean,USA,2016,164.0,UA,7.5,16051,46.3,44000000.0,209042323.0,Arjun Rao,Meera,52,Cool,Green,2025-10-02
M3291,Beyond the Valley,Action,English,India,1995,94.0,U,8.0,5094,61.1,60000000.0,35959429.0,Ananya Sen,Vikram,41,Cool,Yellow,2024-09-22
M2232,Family Ties,Mystery,English,India,2003,168.0,unknown,4.0,5586,100.0,132000000.0,568723462.0,M. Wilson,Aarav,42,Cool,Blue,2024-11-23
M0138,Mystery Lake,Mystery,Malayalam,Australia,2025,166.0,UA,6.7,140176,60.6,21000000.0,87481303.0,Ananya Sen,Kiran,30,Cool,Green,2024-02-20
M0797,The Final Mission,Mystery,Tamil,Japan,1996,128.0,PG,7.3,190115,26.4,177000000.0,963604105.0,David Miller,Daniel,27,Cloudy,Black,2025-11-13
M2181,Golden Promise 67,Horror,Korean,France,2005,164.0,UA,7.8,544095,50.5,226000000.0,879821666.0,Priya Kumar,Rahul,33,Cloudy,Blue,2026-01-06
M2129,Rainy Day,Crime,Malayalam,South Korea,2002,138.0,A,7.3,366,30.6,151000000.0,137393157.0,M. Wilson,Daniel,64,Cloudy,Green,2024-01-15
M0759,Ocean of Stars 89,Adventure,Japanese,Canada,2008,147.0,UA,7.2,937,71.3,140000000.0,455913179.0,M. Wilson,Kiran,35,Cloudy,Yellow,2026-03-26
M0542,After the Storm 81,Animation,English,Canada,2012,157.0,PG,7.7,22560,58.3,32000000.0,146609568.0,Raj Mehta,Riya,55,Cool,Red,2024-05-26
M1020,Ocean of Stars 35,Mystery,Kannada,Australia,2012,164.0,PG,5.6,41854,59.3,109000000.0,443122271.0,Ananya Sen,Vikram,20,Sunny,Red,2024-10-06
M2771,The Great Escape,Action,Telugu,France,1999,147.0,R,7.2,611,67.3,76000000.0,363201890.0,John Carter,Daniel,42,Rainy,Green,2026-04-09
M0166,The Silent Witness 57,Mystery,Kannada,USA,1996,156.0,PG-13,7.9,3402,58.5,3000000.0,13583931.0,Raj Mehta,Ananya,26,Cool,Black,2025-01-03
M0249,The Great Escape,Crime,Malayalam,South Korea,1995,140.0,R,6.1,747,77.7,170000000.0,517813955.0,Arjun Rao,Meera,17,Cloudy,Green,2026-06-28
M1332,City of Dreams 3,Crime,Kannada,South Korea,2005,111.0,PG-13,9.8,32966,88.7,95000000.0,27543956.0,Arjun Rao,Sophia,24,Hot,Yellow,2024-06-26
M2018,The Last Horizon 64,Horror,Malayalam,Japan,2000,168.0,A,8.3,1929,49.5,181000000.0,168806040.0,Arjun Rao,Rahul,30,Cool,Black,2026-03-22
M0447,City of Dreams 10,Action,Tamil,Japan,2009,169.0,PG,8.7,179,59.6,166000000.0,462165136.0,Priya Kumar,Sophia,44,Cool,Yellow,2026-08-15
M2483,The Great Escape 15,Thriller,Malayalam,India,1999,167.0,UA,8.6,330547,76.8,165000000.0,833581127.0,Ananya Sen,Vikram,25,Cloudy,Yellow,2025-10-08
M1359,Rainy Day 93,Action,English,UK,2013,156.0,PG,7.2,2376,60.0,117000000.0,471536084.0,M. Wilson,Rahul,32,Cloudy,Yellow,2026-07-16
M2146,After the Storm,Mystery,Tamil,Canada,2000,168.0,PG-13,8.2,15369,74.8,19000000.0,29478867.0,Arjun Rao,Alex,23,Cool,Black,2026-10-05
M1330,Crimson Sky,Crime,Malayalam,Australia,2006,185.0,A,6.0,138820,76.9,120000000.0,564684419.0,M. Wilson,Rahul,50,Cloudy,Green,2024-06-08
M3524,Dream Catcher 24,Horror,Kannada,India,2003,147.0,R,6.7,293334,60.3,10000000.0,3354012.0,Priya Kumar,Daniel,20,Cloudy,Blue,2026-01-19
M2151,Chasing Tomorrow 61,Romance,Japanese,Australia,2015,107.0,R,8.0,14523,53.9,235000000.0,608200494.0,John Carter,Meera,44,Cool,Yellow,2025-01-15
M0435,Shadow Protocol 14,Romance,Korean,Canada,2023,116.0,PG,6.7,21623,62.6,59000000.0,241841855.0,Ananya Sen,Riya,43,Cool,Black,2024-07-05
M2123,After the Storm 92,Thriller,Kannada,Australia,2020,132.0,PG,7.8,33004,92.0,152000000.0,696411793.0,David Miller,Meera,29,Cloudy,Blue,2024-07-01
M0578,The Last Horizon 67,Drama,Korean,Canada,2007,126.0,UA,7.4,14337,75.1,211000000.0,623905990.0,Ananya Sen,Meera,27,Cool,Yellow,2026-08-24
M3578,Digital Hearts 95,Adventure,,India,2013,174.0,U,5.0,15871,100.0,185000000.0,191382624.0,Arjun Rao,Meera,17,Rainy,Blue,2024-12-16
M3321,Kingdom of Ash,Crime,Hindi,South Korea,1998,161.0,U,7.8,212,54.5,4000000.0,17190539.0,Raj Mehta,Alex,52,Cool,Blue,2024-12-28
M2449,Ocean of Stars 3,Horror,Kannada,USA,2017,128.0,PG-13,8.2,719527,76.3,33000000.0,67178976.0,John Carter,Kiran,30,Cloudy,Green,2026-03-06
M1849,Dream Catcher,Sci-Fi,Kannada,USA,1998,161.0,PG,6.4,179,36.9,240000000.0,1097792287.0,Ananya Sen,Vikram,45,Sunny,Black,2024-11-20
M0763,After the Storm,Horror,English,Canada,1996,92.0,PG,7.6,94479,91.6,53000000.0,21537688.0,Arjun Rao,Alex,52,Sunny,Green,2024-07-20
M0389,Crimson Sky 16,Thriller,Kannada,India,2021,96.0,A,6.1,118,13.2,147000000.0,231820470.0,S. Varma,Riya,44,Rainy,Green,2025-05-07
M0236,Parallel Worlds,Drama,Hindi,USA,2009,108.0,R,7.1,811,82.8,58000000.0,19100800.0,Priya Kumar,Kiran,39,Cool,Red,2026-01-27
M3154,Digital Hearts 70,Mystery,Tamil,Australia,2025,118.0,A,7.1,390,63.1,130000000.0,82476487.0,John Carter,Kiran,49,Rainy,Red,2026-07-02
M1985,Crimson Sky 2,Animation,Japanese,France,2012,101.0,A,4.8,6377,46.4,234000000.0,530559934.0,M. Wilson,Meera,15,Cool,Blue,2025-11-22
M0268,Midnight Train 85,Horror,English,Canada,2023,127.0,R,7.0,2238,51.0,113000000.0,394466303.0,Priya Kumar,Kiran,46,Cool,Blue,2025-11-24
M0771,Shadow Protocol 6,,Malayalam,France,2015,172.0,A,9.3,52599,65.1,117000000.0,425621017.0,Arjun Rao,Aarav,30,Cool,Black,2025-01-28
M2166,Broken Compass,Horror,Korean,UK,1996,140.0,A,7.4,1085,82.0,15000000.0,57693045.0,Raj Mehta,Sophia,41,Cloudy,Green,2025-01-19
M0438,Broken Compass,Fantasy,Malayalam,India,2022,141.0,R,9.2,524,95.9,126000000.0,267100827.0,S. Varma,Ananya,28,Cloudy,Black,2026-04-19
M0674,Mystery Lake,Thriller,Japanese,Japan,2014,179.0,A,6.6,485587,54.0,74000000.0,266488230.0,Arjun Rao,Aarav,22,Rainy,Green,2024-07-15
M0250,Golden Promise 68,Romance,English,France,2003,108.0,R,8.7,227,100.0,168000000.0,814891152.0,Priya Kumar,Vikram,59,Sunny,Black,2025-05-14
M2202,Hidden Truth,Thriller,Japanese,South Korea,2005,149.0,U,7.6,239,59.6,146000000.0,498439885.0,David Miller,Ananya,22,Cloudy,Green,2025-01-03
M1575,Shadow Protocol 19,Drama,Telugu,France,2017,176.0,PG,6.4,2659,57.5,228000000.0,568157072.0,M. Wilson,Alex,54,Cloudy,Blue,2026-01-25
M2143,The Missing Piece 96,Romance,Korean,France,2008,79.0,R,7.0,20052,94.9,8000000.0,10106134.0,David Miller,Rahul,49,Sunny,Red,2026-03-05
M2082,The Forgotten Code 39,Comedy,Kannada,Japan,2014,78.0,PG-13,6.9,11853,28.3,44000000.0,196661448.0,S. Varma,Meera,30,Rainy,Red,2024-11-22
M3168,Neon Nights 51,Animation,Japanese,UK,2024,80.0,UA,8.3,711170,100.0,122000000.0,597890487.0,Raj Mehta,Rahul,54,Rainy,Black,2025-08-28
M3264,Shadow Protocol 8,Action,Telugu,Japan,2022,140.0,A,8.0,116,68.6,122000000.0,286390748.0,John Carter,Rahul,54,Cloudy,Green,2024-04-10
M3319,Journey Home 11,Drama,Telugu,India,2017,79.0,PG,6.8,242844,71.9,128000000.0,601393673.0,David Miller,Sophia,59,Sunny,Yellow,2026-05-11
M0449,Neon Nights,Adventure,Telugu,UK,2017,143.0,UA,6.9,453421,75.3,74000000.0,35295540.0,Arjun Rao,Aarav,33,Cool,Red,2025-05-12
M1470,Golden Promise 18,Drama,Kannada,UK,2021,103.0,U,7.0,12084,80.4,195000000.0,655372785.0,S. Varma,Aarav,22,Cloudy,Red,2024-10-09
M0717,Neon Nights,Sci-Fi,Telugu,Japan,2007,78.0,UA,6.3,441,59.1,30000000.0,6316749.0,Arjun Rao,Ananya,55,Cloudy,Green,2024-06-04
M2898,The Last Letter 4,Adventure,Kannada,,2007,146.0,PG-13,5.8,7745,54.3,147000000.0,576221016.0,Raj Mehta,Sophia,59,Cloudy,Blue,2026-06-16
M3164,City of Dreams 32,Animation,Telugu,South Korea,2019,98.0,PG-13,9.2,404,65.2,107000000.0,389896321.0,S. Varma,Alex,38,Hot,Blue,2026-12-26
M2049,Wild Frontier 66,Action,English,USA,2001,163.0,U,7.9,3152,60.5,247000000.0,1013966914.0,Arjun Rao,Daniel,61,Hot,Blue,2024-12-07
M1902,Chasing Tomorrow 19,Adventure,Malayalam,UK,2025,104.0,PG-13,7.8,7835,71.6,125000000.0,384097091.0,S. Varma,Riya,43,Cool,Yellow,2024-06-26
M3016,Code Zero 19,Action,Malayalam,India,1996,120.0,PG,4.0,8725,42.5,167000000.0,69192409.0,John Carter,Rahul,29,Sunny,Blue,2025-08-15
M1169,Starlight,Mystery,Telugu,South Korea,2017,163.0,PG-13,6.9,4248,50.1,65000000.0,315384669.0,Priya Kumar,Alex,45,Cool,Blue,2026-02-10
M0083,After the Storm,Romance,Korean,Australia,2022,158.0,UA,5.6,188,74.2,167000000.0,602005303.0,S. Varma,Sophia,65,Hot,Black,2025-12-04
M2926,Lost in Mumbai,Crime,Tamil,India,2015,138.0,U,7.1,5158,68.6,205000000.0,295323795.0,Arjun Rao,Ananya,29,Sunny,Green,2024-06-24
M2725,The Last Horizon 81,Horror,Tamil,Japan,2019,153.0,UA,7.5,470,65.1,57000000.0,228810471.0,S. Varma,Aarav,46,Cool,Green,2024-03-20
M1461,The Last Horizon 37,Comedy,English,India,2009,134.0,R,5.8,521,42.4,35000000.0,114021650.0,M. Wilson,Alex,58,Cloudy,Blue,2026-04-06
M1894,Neon Nights 81,Drama,Kannada,Japan,2002,168.0,U,6.5,12519,41.7,144000000.0,45975302.0,M. Wilson,Daniel,26,Cloudy,Blue,2026-06-06
M1669,Digital Hearts 56,Action,Kannada,France,2000,106.0,R,6.5,2064,47.1,166000000.0,534230605.0,John Carter,Vikram,42,Hot,Black,2025-09-07
M2757,Road to Victory 73,Crime,Malayalam,Canada,1997,153.0,PG,6.9,51583,65.0,143000000.0,262332261.0,John Carter,Kiran,55,Sunny,Red,2025-09-04
M2001,Golden Promise,Fantasy,Tamil,USA,2022,80.0,PG-13,9.8,1314,63.7,151000000.0,323876352.0,Arjun Rao,Sophia,37,Sunny,Green,2025-03-16
M0476,Golden Promise,Drama,Japanese,France,2012,159.0,UA,8.4,6202,62.6,221000000.0,463289108.0,John Carter,Rahul,44,Sunny,Yellow,2026-08-22
M0518,Kingdom of Ash 82,Animation,Tamil,USA,2015,93.0,A,6.2,1012,67.9,167000000.0,86085312.0,M. Wilson,Vikram,43,Hot,Blue,2024-03-05
M0405,Beyond the Valley,Sci-Fi,Japanese,France,2008,92.0,PG-13,6.4,25144,60.0,22000000.0,94722298.0,David Miller,Meera,45,Hot,Yellow,2025-07-12
M0385,Shadow Protocol,Romance,Korean,France,2009,155.0,U,7.0,150313,65.1,204000000.0,705975256.0,Priya Kumar,Sophia,48,Rainy,Blue,2026-04-23
M2937,Kingdom of Ash 87,Mystery,Japanese,France,2025,136.0,A,6.2,471,45.9,193000000.0,653678325.0,M. Wilson,Ananya,41,Cool,Blue,2025-04-09
M2153,A New Beginning 78,Drama,Telugu,France,2012,114.0,R,6.7,3429,74.7,40000000.0,187468764.0,Arjun Rao,Rahul,29,Sunny,Black,2024-01-11
M1634,The Final Mission,Horror,Tamil,USA,2017,123.0,R,6.7,10014,100.0,248000000.0,401562559.0,Priya Kumar,Meera,50,Sunny,Green,2026-08-04
M3464,Mystery Lake,Thriller,Tamil,Australia,2004,,R,6.0,8167,58.4,182000000.0,401685013.0,Raj Mehta,Daniel,25,Cloudy,Red,2025-10-04
M0689,Family Ties 3,Drama,Malayalam,USA,1997,94.0,PG,8.2,544,58.3,146000000.0,549549933.0,Arjun Rao,Meera,33,Rainy,Green,2024-02-09
M1241,The Last Horizon 33,Action,Malayalam,Japan,2018,127.0,PG-13,7.5,6206,82.5,229000000.0,112676733.0,Arjun Rao,Rahul,34,Sunny,Red,2025-05-25
M0063,Midnight Train 62,Adventure,Korean,France,2022,174.0,R,8.2,2530,86.1,106000000.0,186139898.0,David Miller,Meera,15,Rainy,Yellow,2026-06-28
M0853,Ocean of Stars,Adventure,Japanese,France,2017,116.0,R,4.9,191488,8.4,57000000.0,78236210.0,Priya Kumar,Kiran,37,Hot,Yellow,2024-06-11
M3331,City of Dreams,Horror,English,India,2006,77.0,PG-13,6.6,245,58.9,135000000.0,522061624.0,Ananya Sen,Aarav,39,Cool,Red,2025-01-23
M2990,Dream Catcher,Action,Kannada,Canada,1995,111.0,U,8.6,762,47.3,73000000.0,268566241.0,John Carter,Meera,13,Rainy,Black,2026-09-19
M1263,Starlight 52,Fantasy,Japanese,South Korea,2015,169.0,PG-13,6.8,372120,33.1,27000000.0,35696326.0,Arjun Rao,Rahul,35,Rainy,Green,2025-05-22
M0224,Echoes of Time,Romance,Japanese,South Korea,2006,147.0,UA,7.7,131884,53.8,145000000.0,562874237.0,M. Wilson,Aarav,18,Sunny,Red,2026-04-01
M2194,Mystery Lake 81,Action,Kannada,USA,2012,103.0,U,5.8,168,68.8,64000000.0,139065604.0,Raj Mehta,Riya,36,Rainy,Red,2025-05-27
M0374,Hidden Truth 58,Sci-Fi,Malayalam,South Korea,2007,141.0,PG,6.6,475,49.9,196000000.0,761115191.0,,Rahul,31,Cool,Blue,2026-09-05
M1825,City of Dreams 84,Crime,Kannada,UK,2003,96.0,UA,5.7,477,55.3,147000000.0,622107577.0,David Miller,Ananya,25,Hot,Yellow,2024-02-21
M3064,Starlight 91,Romance,English,India,2000,132.0,PG-13,5.8,4611,54.9,65000000.0,58134514.0,M. Wilson,Riya,33,Cloudy,Black,2025-10-12
M3476,Hidden Truth 72,Sci-Fi,Telugu,Canada,2008,132.0,U,8.5,3698,49.5,37000000.0,21305043.0,Arjun Rao,Rahul,41,Cool,Black,2025-12-23
M3141,Shadow Protocol,Sci-Fi,Malayalam,Australia,2018,104.0,PG,8.5,242,64.1,71000000.0,40387412.0,John Carter,Alex,24,Hot,Red,2026-12-14
M3249,Road to Victory 85,Thriller,Kannada,Japan,2019,189.0,PG-13,7.5,565,86.7,164000000.0,295736442.0,Arjun Rao,Aarav,52,Rainy,Red,2024-06-12
M0010,Golden Promise,Animation,Tamil,UK,2024,88.0,A,6.8,136,43.8,223000000.0,1119325783.0,David Miller,Kiran,62,Cool,Blue,2026-06-16
M2498,Broken Compass,Romance,Japanese,Canada,2005,164.0,R,5.4,68629,100.0,68000000.0,336125795.0,David Miller,Meera,46,Rainy,Yellow,2025-12-19
M1945,After the Storm 67,Animation,Korean,France,2010,76.0,A,5.9,659,42.5,207000000.0,581037115.0,S. Varma,Vikram,50,Rainy,Green,2026-11-18
M1839,Wild Frontier,Crime,Hindi,Canada,2003,155.0,A,8.9,9762,67.9,194000000.0,473158761.0,Arjun Rao,Riya,43,Cloudy,Green,2025-06-25
M0709,Kingdom of Ash,Sci-Fi,Malayalam,India,2004,99.0,A,6.4,1618,52.8,138000000.0,210418510.0,Arjun Rao,Vikram,53,Sunny,Yellow,2024-02-15
M0256,Beyond the Valley,Mystery,Korean,France,2019,174.0,PG,9.8,165502,54.4,23000000.0,46997942.0,M. Wilson,Rahul,13,Sunny,Yellow,2024-12-12
M1618,The Forgotten Code 94,Adventure,Malayalam,Canada,2014,164.0,U,7.0,31925,63.9,158000000.0,51222756.0,Arjun Rao,Ananya,56,Rainy,Black,2025-02-04
M0390,Shadow Protocol 6,Romance,Hindi,Australia,2011,113.0,PG-13,6.1,12284,72.8,45000000.0,60325646.0,Raj Mehta,Meera,45,Rainy,Red,2025-08-24
M1582,Secret Agent 50,Crime,Telugu,USA,2019,147.0,PG-13,,1050,74.2,157000000.0,87143289.0,Priya Kumar,Kiran,41,Rainy,Blue,2025-05-20
M0925,Digital Hearts,Romance,Tamil,Canada,2003,78.0,PG,5.7,13877,65.6,127000000.0,281163918.0,Ananya Sen,Vikram,13,Cloudy,Red,2024-10-16
M3360,Hidden Truth 95,Crime,Telugu,Japan,1995,189.0,PG,5.6,933,48.8,186000000.0,410528727.0,Ananya Sen,Sophia,51,Hot,Red,2025-09-08
M2862,Wild Frontier 55,Drama,Tamil,France,2016,123.0,A,6.8,3256,88.9,199000000.0,686407365.0,Raj Mehta,Daniel,38,Sunny,Red,2025-11-06
M2509,Beyond the Valley 30,Mystery,Malayalam,Japan,2012,90.0,U,7.6,487279,64.0,74000000.0,320562509.0,John Carter,Rahul,22,Sunny,Black,2025-05-22
M2037,Golden Promise 59,Animation,Japanese,Canada,1997,185.0,R,7.1,100493,79.5,216000000.0,465130314.0,Priya Kumar,Sophia,29,Sunny,Green,2024-11-08
M2903,Wild Frontier 60,Adventure,Hindi,South Korea,2023,129.0,U,7.8,608376,60.7,32000000.0,35849227.0,Ananya Sen,Daniel,63,Rainy,Black,2026-12-16
M1225,Golden Promise,Crime,Japanese,France,2011,79.0,PG-13,4.3,1017,65.9,207000000.0,550438401.0,M. Wilson,Ananya,54,Sunny,Red,2025-10-15
M2550,The Great Escape 87,Comedy,Malayalam,UK,2006,151.0,U,6.6,4193,71.0,63000000.0,275364879.0,Arjun Rao,Rahul,56,Rainy,Red,2024-12-13
M1947,Road to Victory,Mystery,Korean,Australia,2011,118.0,PG,6.3,3594,70.8,110000000.0,121198989.0,M. Wilson,Kiran,14,Cool,Black,2025-06-26
M0740,Dream Catcher,Animation,Malayalam,UK,2024,162.0,A,7.6,7745,42.2,38000000.0,8670133.0,M. Wilson,Daniel,17,Cloudy,Blue,2025-01-07
M0041,The Great Escape 79,Adventure,Hindi,UK,2017,107.0,A,5.7,453045,96.0,197000000.0,182985617.0,Arjun Rao,Alex,14,Cloudy,Yellow,2026-07-13
M0869,Starlight,Animation,Korean,Australia,1995,108.0,PG-13,7.8,372,76.1,94000000.0,433765584.0,,Sophia,54,Rainy,Yellow,2026-06-17
M2780,Secret Agent 55,Adventure,Japanese,South Korea,1999,115.0,PG,8.0,7917,72.4,80000000.0,73009785.0,M. Wilson,Meera,46,Sunny,Yellow,2026-09-26
M0540,The Last Letter,Sci-Fi,Japanese,UK,2010,148.0,UA,6.7,421,57.6,80000000.0,25901288.0,M. Wilson,Meera,55,Hot,Red,2026-06-03
M2746,Broken Compass 4,Sci-Fi,Hindi,Japan,2015,80.0,R,6.2,21995,86.4,175000000.0,179932392.0,Priya Kumar,Aarav,55,Rainy,Black,2024-04-09
M3032,Dream Catcher 83,Mystery,Korean,South Korea,2022,189.0,PG-13,6.2,492415,58.2,121000000.0,480743870.0,M. Wilson,Vikram,63,Cool,Red,2026-05-04
M2724,Dream Catcher 35,Mystery,Hindi,Canada,2010,141.0,A,8.3,357615,35.2,18000000.0,29738703.0,Ananya Sen,Meera,37,Cloudy,Red,2026-09-08
M1372,Crimson Sky 11,Romance,Kannada,India,2017,116.0,UA,7.9,339,84.0,102000000.0,472384253.0,John Carter,Vikram,25,Hot,Red,2026-12-05
M1146,Hidden Truth 91,Action,Japanese,UK,2013,146.0,PG,4.9,25511,62.1,246000000.0,101787276.0,Arjun Rao,Meera,61,Hot,Blue,2026-08-06
M1032,Echoes of Time 11,Thriller,Hindi,France,2009,143.0,PG-13,8.3,85988,39.8,88000000.0,396291723.0,S. Varma,Aarav,17,Rainy,Green,2025-08-18
M0373,Road to Victory 92,Action,Hindi,Australia,2005,125.0,PG,7.1,121215,71.4,157000000.0,284923511.0,Raj Mehta,Ananya,46,Cool,Black,2026-01-18
M0668,Neon Nights,Action,Malayalam,UK,2013,137.0,UA,8.1,949,77.3,242000000.0,849863520.0,S. Varma,Alex,25,Sunny,Red,2024-07-08
M0358,A New Beginning 45,Comedy,Japanese,India,2008,112.0,PG-13,6.8,183,49.6,202000000.0,897261677.0,S. Varma,Daniel,18,Hot,Yellow,2025-12-05
M0968,Golden Promise 62,Sci-Fi,Korean,India,2018,148.0,R,9.6,725,82.8,5000000.0,17579745.0,John Carter,Rahul,34,Cloudy,Yellow,2025-07-23
M2832,Midnight Train,Fantasy,Japanese,Japan,2005,160.0,A,6.7,45116,97.0,106000000.0,525293405.0,Priya Kumar,Meera,63,Rainy,Green,2025-02-26
M2784,Beyond the Valley 72,Adventure,Hindi,India,1999,178.0,U,8.4,67440,54.2,222000000.0,114438523.0,Arjun Rao,Daniel,24,Cool,Black,2026-07-20
M1354,The Silent Witness 22,Mystery,English,USA,1999,77.0,PG-13,7.4,14235,26.0,65000000.0,135834548.0,M. Wilson,Riya,21,Sunny,Red,2025-02-07
M1036,Echoes of Time 76,Horror,Tamil,UK,2006,182.0,PG,8.3,3136,63.3,61000000.0,66604467.0,Ananya Sen,Kiran,52,Sunny,Red,2024-10-24
M0471,The Forgotten Code 52,Sci-Fi,Hindi,UK,2009,141.0,U,6.8,595363,93.2,169000000.0,407988509.0,Priya Kumar,Ananya,34,Rainy,Yellow,2025-02-08
M3134,Journey Home 88,Fantasy,Hindi,France,2001,111.0,R,6.3,8656,68.6,20000000.0,54106931.0,David Miller,Rahul,20,Sunny,Blue,2026-05-15
M1397,The Great Escape 57,Animation,Korean,Australia,2016,188.0,PG,6.9,20239,50.4,29000000.0,106124312.0,John Carter,Aarav,19,Cool,Blue,2026-06-09
M3223,Family Ties,, Kannada ,USA,2021,147.0,PG,6.0,683874,89.2,164000000.0,189925213.0,S. Varma,Aarav,27,Rainy,Red,2026-08-24
M1550,Beyond the Valley 96,Thriller,Telugu,UK,2003,134.0,U,6.9,11854,65.7,155000000.0,359369611.0,Ananya Sen,Daniel,53,Cloudy,Yellow,2024-10-06
M1257,Road to Victory 72,Horror,Telugu,Japan,2007,185.0,A,6.1,310,41.9,193000000.0,171430739.0,David Miller,Daniel,21,Sunny,Yellow,2026-04-17
M2095,Beyond the Valley 29,Comedy,Korean,South Korea,2011,145.0,U,6.9,18857,80.8,35000000.0,81506654.0,M. Wilson,Rahul,17,Rainy,Blue,2024-04-14
M1556,The Silent Witness,Romance,Malayalam,USA,2015,76.0,A,6.2,4744,81.8,24000000.0,64673796.0,David Miller,Alex,13,Sunny,Yellow,2026-11-14
M3128,Family Ties 99,Thriller,Kannada,South Korea,1996,152.0,U,6.3,47942,61.6,91000000.0,292062523.0,S. Varma,Alex,20,Cloudy,Red,2026-08-26
M1251,City of Dreams 33,Horror,Malayalam,France,2011,178.0,PG,4.4,13581,49.8,156000000.0,106730861.0,David Miller,Vikram,62,Hot,Green,2026-05-02
M1700,Broken Compass,Thriller,Malayalam,South Korea,1997,168.0,PG-13,4.3,5137,53.3,185000000.0,294570790.0,S. Varma,Meera,22,Rainy,Yellow,2026-04-19
M1253,The Last Letter 63,Adventure,Japanese,South Korea,2025,172.0,PG,8.2,117,70.9,205000000.0,94243546.0,David Miller,Sophia,52,Sunny,Black,2024-02-03
M3351,The Missing Piece 7,Drama, Korean ,Japan,2003,112.0,UA,7.8,530915,74.2,156000000.0,205629408.0,David Miller,Kiran,58,Rainy,Blue,2025-11-07
M3371,Secret Agent,Adventure,Hindi,France,1998,125.0,UA,7.6,405,64.3,109000000.0,131122562.0,John Carter,Rahul,52,Cool,Yellow,2026-10-21
M0080,The Missing Piece 10,Fantasy,Japanese,Japan,1999,169.0,PG-13,2.7,474,44.5,108000000.0,269936684.0,Arjun Rao,Meera,45,Rainy,Yellow,2024-12-26
M1173,Neon Nights,Romance,Kannada,India,1995,126.0,R,8.0,6931,50.8,165000000.0,231932662.0,John Carter,Aarav,55,Cloudy,Black,2025-12-20
M0815,Journey Home 14,Animation,Japanese,Japan,1995,114.0,U,6.1,169829,92.8,180000000.0,198855778.0,Raj Mehta,Alex,42,Cool,Red,2024-06-21
M1853,Kingdom of Ash,Animation,English,Canada,2018,178.0,R,7.1,503,90.8,134000000.0,359001895.0,John Carter,Sophia,16,Rainy,Yellow,2025-09-13
M2221,Parallel Worlds 12,Horror,Japanese,UK,1998,,PG-13,7.3,7249,41.5,192000000.0,919337329.0,Arjun Rao,Daniel,58,Rainy,Black,2024-02-14
M2720,Starlight,Animation,Korean,Japan,2006,125.0,R,8.0,95942,49.5,136000000.0,237994688.0,M. Wilson,Ananya,43,Cloudy,Green,2026-07-13
M3180,After the Storm 70,Comedy,Tamil,India,2020,103.0,UA,7.2,151042,71.8,196000000.0,709311900.0,David Miller,Rahul,21,Cloudy,Yellow,2026-07-10
M2106,Kingdom of Ash 67,Adventure,Telugu,UK,2006,125.0,R,6.1,274,58.8,245000000.0,427153479.0,John Carter,Kiran,21,Cool,Black,2024-03-26
M0134,Code Zero 82,Adventure,Korean,UK,2002,167.0,R,6.1,490,49.1,14000000.0,9381728.0,Ananya Sen,Aarav,49,Sunny,Red,2024-08-11
M1141,After the Storm 69,Fantasy,Tamil,Japan,1998,105.0,A,7.4,17655,68.9,78000000.0,67736074.0,Ananya Sen,Meera,55,Cool,Yellow,2024-07-02
M0934,Digital Hearts 84,Mystery,Hindi,Japan,2003,126.0,PG,9.4,207714,44.7,52000000.0,64485319.0,Arjun Rao,Kiran,29,Sunny,Yellow,2024-09-02
M0929,After the Storm 85,Action,Kannada,Australia,2025,96.0,R,8.4,1888,71.8,6000000.0,10922657.0,David Miller,Riya,56,Cloudy,Blue,2026-05-19
M0824,Family Ties 97,Mystery,Hindi,India,2014,155.0,A,6.9,106132,90.9,117000000.0,168767314.0,Raj Mehta,Alex,58,Rainy,Red,2024-02-14
M1532,A New Beginning 11,Action,Korean,India,2023,109.0,U,6.1,382,41.4,48000000.0,139340204.0,M. Wilson,Meera,61,Sunny,Red,2024-07-07
M1215,A New Beginning,Crime,Japanese,Japan,1995,153.0,PG,6.9,108528,30.1,93000000.0,441667376.0,John Carter,Alex,17,Cloudy,Black,2026-11-25
M0505,Wild Frontier 65,Action,Japanese,Japan,2000,165.0,R,6.9,255,33.0,120000000.0,268549204.0,M. Wilson,Meera,44,Sunny,Red,2024-06-03
M3591,Golden Promise,Romance,English,France,2014,82.0,PG,8.8,49557,44.7,12000000.0,5320515.0,S. Varma,Meera,61,Hot,Red,2026-07-02
M2396,The Forgotten Code,Sci-Fi,Kannada,Australia,2013,164.0,U,5.7,107232,36.1,82000000.0,275389792.0,M. Wilson,Alex,31,Rainy,Red,not available
M1997,Hidden Truth,Thriller,Hindi,UK,2011,,A,5.8,2130,52.0,233000000.0,635113753.0,S. Varma,Aarav,34,Sunny,Black,2025-09-26
M2435,Journey Home,Thriller,Telugu,France,2017,125.0,A,7.3,37854,81.0,231000000.0,798707203.0,David Miller,Aarav,20,Rainy,Blue,2024-08-10
M1959,The Final Mission 79,Horror,Korean,Australia,2007,98.0,R,6.3,34527,79.1,107000000.0,207979149.0,John Carter,Daniel,60,Hot,Blue,2025-09-20
M1385,The Forgotten Code 8,Comedy,Japanese,India,2000,87.0,UA,5.5,130748,57.5,34000000.0,134242544.0,Priya Kumar,Kiran,39,Cool,Blue,2026-02-15
M0895,Golden Promise,Sci-Fi,Malayalam,Canada,1998,120.0,R,5.5,4030,50.0,93000000.0,137158018.0,Arjun Rao,Rahul,43,Sunny,Green,2026-11-11
M0829,Broken Compass,Fantasy,Hindi,Canada,2000,175.0,A,7.9,731954,94.5,3000000.0,5558883.0,Ananya Sen,Vikram,32,Sunny,Black,2026-05-06
M3534,Rainy Day,Adventure,Tamil,Japan,2004,111.0,U,6.8,54327,80.1,133000000.0,629729756.0,M. Wilson,Kiran,62,Cool,Blue,2025-05-19
M2524,Digital Hearts,Crime,Telugu,USA,1999,101.0,A,8.7,22995,56.1,183000000.0,704501548.0,Raj Mehta,Aarav,42,Sunny,Red,2024-11-23
M1684,Road to Victory,Adventure,English,Australia,2015,171.0,PG,7.2,8968,53.2,101000000.0,498811481.0,M. Wilson,Kiran,16,Rainy,Red,2026-05-26
M3112,Mystery Lake,Thriller,Korean,USA,2023,134.0,PG,6.7,131043,68.3,122000000.0,160603443.0,David Miller,Vikram,56,Cool,Green,2024-12-20
M3092,Secret Agent,Horror,English,France,2005,158.0,PG-13,7.0,627,97.0,245000000.0,756988580.0,John Carter,Riya,21,Rainy,Green,2024-09-17
M3036,The Final Mission 88,Horror,Korean,Japan,2022,181.0,U,6.1,14914,53.1,136000000.0,594510436.0,David Miller,Ananya,31,Rainy,Green,2025-01-23
M0653,Rainy Day 99,Sci-Fi,Tamil,UK,2008,136.0,R,7.3,520723,93.0,75000000.0,31862863.0,David Miller,Ananya,30,Sunny,Green,2026-04-22
M0173,The Silent Witness 40,Thriller,Japanese,UK,2000,162.0,U,6.9,94611,55.4,98000000.0,474992071.0,David Miller,Rahul,30,Hot,Green,2025-02-12
M0039,Broken Compass 45,Sci-Fi,Malayalam,France,2003,123.0,A,5.6,144,53.7,84000000.0,279865538.0,Arjun Rao,Meera,14,Cool,Blue,2025-04-21
M3466,Code Zero 67,Comedy,English,Canada,1999,157.0,A,6.1,25450,68.0,28000000.0,107258444.0,M. Wilson,Ananya,19,Hot,Green,2024-01-22
M0714,After the Storm,Fantasy,Japanese,France,2025,86.0,PG-13,7.3,43869,58.7,90000000.0,417682294.0,S. Varma,Ananya,29,Rainy,Red,2026-12-09
M0091,Family Ties,Drama,Telugu,France,2005,90.0,PG-13,6.8,2831,67.3,2000000.0,8629977.0,Ananya Sen,Kiran,48,Cloudy,Blue,2025-12-02
M3577,Love in Monsoon,Fantasy,Telugu,South Korea,2020,127.0,U,9.3,157,49.1,71000000.0,260051813.0,Raj Mehta,Ananya,40,Hot,Green,2026-01-13
M1206,Shadow Protocol 17,Mystery,Japanese,France,1999,168.0,PG,6.7,5441,72.3,39000000.0,126971849.0,David Miller,Aarav,20,Cool,Blue,2024-02-13
M2924,The Last Letter,Adventure,Hindi,Australia,2005,130.0,A,6.7,1673,55.0,84000000.0,312892476.0,John Carter,Vikram,15,Cloudy,Green,2024-11-12
M2987,City of Dreams 36,Action,Japanese,Australia,1996,178.0,UA,9.3,843,71.7,141000000.0,355216793.0,M. Wilson,Riya,65,Cool,Red,2026-05-04
M3124,Mystery Lake,Comedy,Malayalam,Canada,1995,93.0,PG-13,5.3,33222,94.4,134000000.0,279807509.0,David Miller,Sophia,56,Cloudy,Red,2024-04-06
M1828,Secret Agent,Fantasy,Malayalam,India,2025,151.0,R,6.5,240,70.9,95000000.0,471040188.0,S. Varma,Kiran,44,Rainy,Green,2026-05-09
M1156,Hidden Truth,Crime,Hindi,South Korea,2010,124.0,U,8.5,648375,82.7,237000000.0,521203158.0,S. Varma,Kiran,56,Cool,Green,2024-04-07
M1325,The Last Horizon 79,Sci-Fi,Telugu,Australia,2013,128.0,UA,8.0,373,75.5,89000000.0,93114616.0,David Miller,Vikram,37,Rainy,Black,2024-02-10
M0217,Golden Promise 24,Action,Korean,Australia,2007,140.0,PG-13,7.4,210,50.5,13000000.0,44157180.0,,Riya,42,Sunny,Red,2024-01-02
M0511,Starlight 59,Sci-Fi,Japanese,South Korea,1998,181.0,PG-13,6.9,105,35.8,95000000.0,22858840.0,S. Varma,Riya,61,Hot,Green,2026-03-14
M1681,Broken Compass 44,Horror,English,Japan,2019,96.0,PG,6.6,38346,77.1,216000000.0,575365753.0,Raj Mehta,Sophia,21,Sunny,Yellow,2025-10-20
M0500,The Final Mission 59,Romance,Kannada,Australia,1999,78.0,U,5.6,232,69.8,75000000.0,376576660.0,Raj Mehta,Meera,21,Cloudy,Black,2026-04-23
M2993,The Last Letter 42,Romance,Telugu,India,2005,175.0,A,6.9,6648,53.0,1000000.0,5117564.0,David Miller,Kiran,36,Sunny,Green,2025-01-04
M1857,Kingdom of Ash 72,Adventure,Tamil,USA,2012,96.0,R,6.4,814,69.9,93000000.0,242066371.0,S. Varma,Kiran,20,Hot,Red,2025-01-08
M1389,Journey Home 39,Thriller,Malayalam,Australia,1995,163.0,U,,241703,90.9,139000000.0,686389951.0,John Carter,Kiran,46,Hot,Yellow,2026-10-11
M1520,Hidden Truth,Fantasy,Hindi,Japan,1995,133.0,PG,7.6,588,53.9,53000000.0,70582677.0,John Carter,Meera,47,Rainy,Black,2026-12-02
M2387,The Last Horizon 97,Animation,Hindi,Australia,2001,145.0,U,9.8,6983,56.0,25000000.0,97526515.0,Raj Mehta,Sophia,22,Rainy,Yellow,2024-09-09
M3294,Crimson Sky 37,Action,Tamil,India,2013,121.0,R,6.7,199,62.7,56000000.0,72071826.0,M. Wilson,Aarav,51,Sunny,Black,2024-04-13
M2077,The Last Letter 10,Adventure,English,Japan,2008,172.0,PG,7.4,168,77.2,208000000.0,1142259568.0,S. Varma,Ananya,18,Sunny,Blue,2024-09-20
M1541,The Great Escape,Horror,Kannada,India,1996,,U,7.2,25267,36.9,208000000.0,85208195.0,Ananya Sen,Sophia,31,Cloudy,Blue,2024-07-19
M1218,The Missing Piece 95,Mystery,Kannada,Australia,1996,144.0,U,8.3,97887,43.5,4000000.0,7246806.0,David Miller,Alex,14,Sunny,Green,2026-01-15
M2682,The Silent Witness,Fantasy,Hindi,Japan,2007,106.0,A,8.6,120045,62.5,131000000.0,553866027.0,Arjun Rao,Kiran,33,Sunny,Red,2024-02-03
M3470,Lost in Mumbai 64,Sci-Fi,Telugu,UK,2025,190.0,U,7.2,491,61.1,43000000.0,164080050.0,S. Varma,Kiran,21,Cool,Yellow,2026-05-11
M1417,The Silent Witness,Animation,Korean,India,2005,76.0,A,4.2,488075,100.0,203000000.0,765336818.0,David Miller,Riya,15,Rainy,Black,2024-08-02
M2218,Journey Home 32,Animation,English,India,2001,125.0,A,5.3,135,44.7,225000000.0,1017866364.0,Ananya Sen,Rahul,29,Hot,Green,2026-05-14
M3043,The Missing Piece 37,Thriller,Hindi,Canada,2020,88.0,PG-13,5.7,202,78.9,208000000.0,346856422.0,Priya Kumar,Meera,58,Cool,Red,2026-03-13
M1677,City of Dreams,Horror,Hindi,USA,2020,160.0,UA,6.8,190688,34.1,155000000.0,607112480.0,S. Varma,Riya,45,Rainy,Blue,2026-08-01
M1198,Family Ties 52,Thriller,Tamil,India,2018,170.0,PG-13,7.0,5481,100.0,226000000.0,1203434886.0,Priya Kumar,Daniel,29,Cool,Black,2026-12-24
M1543,City of Dreams 97,Adventure,Tamil,USA,1995,178.0,UA,6.0,4645,59.4,138000000.0,121770995.0,John Carter,Daniel,18,Rainy,Yellow,2024-08-25
M2540,Crimson Sky 41,Adventure,Malayalam,France,2003,190.0,R,6.6,117,82.9,91000000.0,433833522.0,David Miller,Vikram,15,Sunny,Black,2025-07-14
M0954,Crimson Sky 97,Romance,Japanese,South Korea,2015,124.0,A,8.2,12845,53.7,73000000.0,45273542.0,M. Wilson,Meera,22,Hot,Yellow,2025-04-05
M2636,Wild Frontier,Fantasy,Telugu,Japan,2013,111.0,UA,6.8,2066,43.7,14000000.0,24749351.0,Raj Mehta,Vikram,27,Cloudy,Yellow,2026-04-15
M0751,Road to Victory 63,Thriller,Malayalam,USA,2002,96.0,PG-13,6.0,50389,82.1,131000000.0,209538235.0,M. Wilson,Sophia,55,Cloudy,Black,2025-12-26
M2706,Neon Nights,Action,Malayalam,,2016,176.0,PG-13,5.7,8259,100.0,16000000.0,61074224.0,Raj Mehta,Riya,41,Cloudy,Yellow,2026-06-07
M0235,Family Ties,Thriller,Hindi,France,2020,125.0,UA,8.6,1754,68.9,121000000.0,425584139.0,Priya Kumar,Rahul,36,Rainy,Black,2024-05-15
M0733,Rainy Day,Thriller,English,USA,2001,119.0,UA,,3263,63.7,164000000.0,731234933.0,M. Wilson,Daniel,57,Rainy,Red,2025-11-03
M1477,Journey Home 95,Mystery,Telugu,Canada,2011,180.0,A,7.6,14777,84.2,197000000.0,769777049.0,Ananya Sen,Daniel,47,Cloudy,Yellow,2025-05-15
M1157,The Forgotten Code,Horror,Kannada,,2001,133.0,UA,6.4,247667,92.1,60000000.0,69449098.0,Priya Kumar,Rahul,19,Hot,Yellow,2024-08-01
M3194,Wild Frontier 81,Adventure,Kannada,Australia,2016,155.0,UA,6.8,13312,84.5,166000000.0,874727050.0,M. Wilson,Vikram,34,Rainy,Blue,2024-02-11
M2446,Midnight Train 85,Romance,Kannada,Australia,1995,136.0,R,9.0,405219,78.3,227000000.0,902481255.0,Ananya Sen,Riya,46,Cool,Yellow,2025-10-08
M1210,Journey Home,Horror,Kannada,France,2007,91.0,U,4.9,332,60.8,5000000.0,26262639.0,Raj Mehta,Ananya,58,Cool,Yellow,2025-03-25
M1066,The Silent Witness,Fantasy,Hindi,South Korea,2021,99.0,PG-13,6.6,1456,58.5,203000000.0,385319743.0,John Carter,Alex,46,Sunny,Yellow,2025-03-03
M2157,The Missing Piece 91,Comedy,Japanese,India,2003,146.0,R,6.8,2374,64.2,6000000.0,18846132.0,S. Varma,Meera,19,Cloudy,Red,2024-08-15
M1063,Wild Frontier,Thriller,Tamil,UK,2013,102.0,A,5.8,184,49.8,104000000.0,123942897.0,David Miller,Alex,33,Cool,Black,2024-02-03
M2617,Crimson Sky 3,Crime,Korean,Canada,2012,155.0,A,8.1,755,63.3,105000000.0,286336542.0,John Carter,Meera,38,Sunny,Black,2025-02-26
M1168,Road to Victory,Drama,Telugu,India,2014,144.0,A,6.2,233458,69.9,74000000.0,203275608.0,Raj Mehta,Alex,57,Rainy,Yellow,2025-12-20
M1493,Golden Promise 5,Comedy,Hindi,Japan,2009,9999,UA,6.0,16962,83.2,57000000.0,236584656.0,Raj Mehta,Sophia,44,Rainy,Green,2025-03-09
M2939,A New Beginning,Adventure,Hindi,USA,2009,130.0,PG-13,8.2,102666,60.1,109000000.0,59157284.0,Ananya Sen,Sophia,23,Hot,Green,2024-06-19
M2988,The Last Horizon 43,Animation,Malayalam,South Korea,2019,82.0,UA,6.5,1087,69.7,14000000.0,35851178.0,Ananya Sen,Aarav,61,Sunny,Green,2025-01-08
M0885,Road to Victory,Thriller,Malayalam,India,2002,116.0,UA,7.4,2901,59.6,147000000.0,457802597.0,Arjun Rao,Sophia,36,Hot,Red,2024-06-15
M0144,Lost in Mumbai,Action,Malayalam,France,2000,92.0,UA,6.0,293,43.4,123000000.0,605134734.0,M. Wilson,Daniel,34,Cloudy,Yellow,2026-10-01
M3563,Echoes of Time 31,Fantasy,English,Japan,2018,86.0,U,5.9,6954,87.2,14000000.0,62061915.0,S. Varma,Meera,56,Cloudy,Yellow,2026-03-22
M0851,Hidden Truth 62,Romance,Korean,South Korea,2022,176.0,R,6.7,2340,91.5,63000000.0,133658716.0,David Miller,Daniel,45,Sunny,Yellow,2025-03-22
M2783,Starlight,Crime,Korean,Japan,2007,161.0,A,5.9,44361,80.9,51000000.0,254063070.0,M. Wilson,Meera,49,Sunny,Black,2026-11-21
M0718,The Last Horizon,Romance,Japanese,Japan,1995,115.0,UA,8.0,10228,83.4,177000000.0,186774443.0,Arjun Rao,Rahul,31,Cool,Red,2026-04-04
M3443,Golden Promise,Comedy,Korean,India,1999,90.0,A,6.6,257595,41.2,228000000.0,735056069.0,M. Wilson,Rahul,17,Sunny,Red,2026-07-22
M2503,The Great Escape,Adventure,English,UK,2009,160.0,PG,6.5,498122,70.6,234000000.0,471329494.0,Raj Mehta,Aarav,51,Sunny,Black,2024-03-01
M0265,Lost in Mumbai 16,Comedy,English,India,2004,121.0,UA,7.1,573646,96.5,206000000.0,414456030.0,David Miller,Sophia,35,Hot,Yellow,2025-12-03
M0076,Road to Victory 97,Adventure,Telugu,France,2009,122.0,R,5.2,533242,83.4,172000000.0,707066829.0,Arjun Rao,Meera,52,Hot,Green,2024-12-12
M2493,Dream Catcher,Comedy,Telugu,Australia,2017,154.0,R,6.5,537,40.5,91000000.0,391164538.0,Ananya Sen,Riya,44,Cloudy,Red,2025-12-04
M0396,Dream Catcher 41,Mystery,Japanese,Australia,1997,179.0,UA,7.6,141,55.2,206000000.0,1025743743.0,Ananya Sen,Vikram,52,Cloudy,Green,2025-03-23
M3077,Starlight 80,Mystery,Kannada,Japan,2016,96.0,A,5.6,574279,70.0,109000000.0,92785222.0,Ananya Sen,Daniel,29,Cool,Red,2024-04-17
M2225,Secret Agent,Drama,Telugu,Australia,2022,86.0,UA,6.5,490,55.9,24000000.0,8427747.0,Ananya Sen,Kiran,37,Cool,Black,2025-11-05
M3391,Crimson Sky 79,Thriller,Kannada,Canada,2008,77.0,R,8.9,11215,79.5,160000000.0,739857785.0,John Carter,Alex,44,Rainy,Red,2024-01-28
M0397,Lost in Mumbai 5,Comedy,Japanese,USA,2024,160.0,A,9.5,37455,52.9,85000000.0,420250542.0,M. Wilson,Meera,23,Cloudy,Green,2026-10-05
M1366,City of Dreams 88,Mystery,Telugu,UK,2023,127.0,UA,6.2,2933,49.8,68000000.0,286174158.0,Raj Mehta,Alex,34,Cool,Black,2024-10-24
M3020,The Missing Piece 21,Horror,Malayalam,France,2001,181.0,R,7.8,32611,100.0,138000000.0,475841981.0,S. Varma,Vikram,49,Hot,Black,2024-01-08
M1904,Kingdom of Ash 38,Crime,Tamil,France,1997,155.0,PG-13,5.5,229512,46.6,106000000.0,60448427.0,Raj Mehta,Rahul,25,Cloudy,Yellow,2025-04-01
M0596,The Silent Witness 14,Crime,Kannada,France,1998,166.0,R,7.3,76350,47.0,138000000.0,258449839.0,David Miller,Sophia,24,Cloudy,Black,2024-06-01
M2110,The Great Escape,Action,Hindi,South Korea,2017,77.0,R,3.3,538804,61.4,5000000.0,6690480.0,John Carter,Vikram,21,Hot,Red,2024-12-02
M1297,Parallel Worlds,Comedy,Telugu,India,2024,104.0,U,7.5,773310,21.6,81000000.0,219917258.0,David Miller,Vikram,41,Cloudy,Yellow,2025-01-01
M1822,Mystery Lake,Horror,Hindi,Australia,1997,180.0,U,5.3,17900,84.9,36000000.0,19772225.0,Arjun Rao,Daniel,46,Hot,Blue,2024-11-12
M0873,Parallel Worlds,Comedy,Tamil,USA,2009,97.0,UA,6.7,69646,73.4,11000000.0,22360495.0,John Carter,Aarav,26,Rainy,Red,21/08/2025
M3137,Digital Hearts 7,Comedy,Malayalam,Japan,2023,152.0,PG,7.8,200,30.5,69000000.0,108103060.0,Arjun Rao,Rahul,36,Hot,Blue,2026-09-02
M3525,The Last Letter,Action,Japanese,France,2001,133.0,R,6.3,2803,63.3,95000000.0,105924562.0,Raj Mehta,Rahul,18,Hot,Yellow,2025-02-07
M2327,Starlight,Crime,Japanese,UK,2000,82.0,A,9.8,1456,80.6,94000000.0,36269357.0,Priya Kumar,Alex,43,Sunny,Green,2025-11-15
M1549,Beyond the Valley 83,Comedy,Malayalam,Canada,1998,109.0,R,6.2,12901,87.0,54000000.0,204643456.0,Raj Mehta,Kiran,41,Hot,Yellow,2025-11-05
M0037,Crimson Sky,Sci-Fi,Tamil,Australia,2025,120.0,UA,8.2,846,80.0,77000000.0,312585091.0,John Carter,Rahul,44,Sunny,Black,2025-11-22
M2711,Family Ties,Thriller,Japanese,Japan,2001,174.0,A,7.4,102906,64.4,32000000.0,158739671.0,John Carter,Riya,23,Cool,Yellow,2026-03-10
M3053,Lost in Mumbai,Animation,Telugu,Japan,2015,131.0,U,5.8,28477,48.1,16000000.0,67832109.0,Arjun Rao,Aarav,25,Sunny,Yellow,2025-08-05
M2144,The Great Escape,Mystery,English,France,1996,147.0,U,5.8,939,54.9,114000000.0,158676592.0,M. Wilson,Alex,15,Hot,Black,2024-12-03
M3090,Chasing Tomorrow 51,Mystery,Tamil,UK,2014,151.0,PG-13,7.5,440090,32.5,68000000.0,26207467.0,David Miller,Riya,37,Rainy,Yellow,2026-12-13
M0978,Dream Catcher,Horror,Korean,Australia,2017,120.0,PG,6.9,911,43.8,105000000.0,220304752.0,M. Wilson,Vikram,22,Hot,Black,2024-03-26
M1572,The Great Escape,Adventure,Hindi,Japan,2023,175.0,PG-13,6.0,324540,79.9,18000000.0,90492630.0,Raj Mehta,Aarav,22,Hot,Black,2026-03-19
M1123,Hidden Truth,Sci-Fi,Malayalam,,1996,109.0,PG-13,4.3,437589,80.0,206000000.0,1048543963.0,Raj Mehta,Daniel,53,Cloudy,Red,2026-08-16
M2787,Rainy Day,Adventure,Korean,France,2000,136.0,A,5.8,134886,60.3,220000000.0,1110979508.0,David Miller,Alex,32,Cool,Red,2024-06-04
M2240,Hidden Truth,Mystery,Korean,France,2000,126.0,R,5.8,730,79.7,124000000.0,130883244.0,Raj Mehta,Vikram,47,Hot,Green,2026-04-18
M2968,Golden Promise 12,Horror,Tamil,USA,1995,175.0,R,6.2,1097,20.6,9000000.0,18250479.0,Arjun Rao,Alex,33,Cool,Black,2024-03-16
M2505,Lost in Mumbai,Crime,Japanese,Japan,2002,101.0,U,8.9,146,72.9,20000000.0,5187126.0,M. Wilson,Sophia,41,Cool,Blue,2024-03-07
M1893,Broken Compass 15,Adventure,Korean,France,2025,105.0,PG-13,8.3,5827,62.1,66000000.0,161651278.0,John Carter,Aarav,45,Hot,Green,2025-03-10
M0676,Secret Agent,Mystery,Kannada,UK,2008,136.0,R,6.3,1214,70.2,178000000.0,296279446.0,Ananya Sen,Rahul,39,Cool,Black,2026-09-16
M2809,Crimson Sky,Thriller,Korean,Japan,2007,99.0,UA,8.0,3558,82.0,213000000.0,280143684.0,Ananya Sen,Ananya,32,Hot,Black,2025-12-19
M0729,Dream Catcher 5,Fantasy,Japanese,Japan,1998,105.0,A,9.8,28366,42.8,5000000.0,19248738.0,Arjun Rao,Kiran,18,Cloudy,Black,2024-03-13
M0413,Hidden Truth 53,Fantasy,Malayalam,Australia,2019,,R,6.6,88510,70.7,30000000.0,79225780.0,Ananya Sen,Rahul,56,Hot,Black,2025-03-17
M1517,Shadow Protocol 33,Animation,Kannada,Japan,2008,184.0,R,6.2,2006,96.8,246000000.0,461812000.0,Arjun Rao,Vikram,47,Sunny,Black,2025-06-26
M1650,Lost in Mumbai 38,Crime,Tamil,UK,2014,188.0,PG,7.7,7834,54.1,81000000.0,249484132.0,S. Varma,Daniel,26,Rainy,Red,2026-04-19
M0826,The Silent Witness,Crime,Kannada,India,2023,115.0,R,6.7,24355,69.3,230000000.0,873091461.0,S. Varma,Rahul,55,Sunny,Blue,2024-09-05
M0617,Wild Frontier,Fantasy,Hindi,France,2020,85.0,A,4.8,8992,68.7,90000000.0,342178898.0,Ananya Sen,Vikram,46,Cool,Yellow,2024-03-16
M0115,Rainy Day 79,Adventure,Korean,UK,1998,85.0,R,5.7,359278,74.8,84000000.0,382993580.0,M. Wilson,Sophia,41,Sunny,Green,2026-07-09
M0418,Shadow Protocol,Thriller,Malayalam,Australia,2020,98.0,R,7.1,1449,100.0,230000000.0,734761809.0,Arjun Rao,Meera,30,Hot,Green,2025-03-25
M1626,Beyond the Valley 35,Horror,Telugu,Canada,1995,,PG,6.2,120412,82.1,94000000.0,34350595.0,Priya Kumar,Alex,42,Cool,Green,2024-02-19
M3018,A New Beginning 80,Drama,English,Australia,2012,175.0,UA,,85989,73.7,109000000.0,281585724.0,David Miller,Rahul,43,Cool,Green,2024-07-22
M2653,The Missing Piece 10,Action,Malayalam,India,2000,173.0,R,7.8,6700,62.9,156000000.0,258603286.0,Raj Mehta,Ananya,60,Rainy,Black,2024-01-07
M3558,Dream Catcher 75,Horror,Hindi,France,1997,86.0,PG,7.6,17080,74.9,240000000.0,1155930173.0,Priya Kumar,Aarav,19,Cool,Blue,2024-06-09
M0090,Family Ties 41,Action,Tamil,France,1998,111.0,PG-13,5.8,85058,53.8,174000000.0,778862996.0,Raj Mehta,Aarav,26,Cloudy,Red,2024-05-10
M2897,Code Zero,Horror,English,South Korea,2016,178.0,U,7.4,188860,86.3,216000000.0,1124449724.0,Ananya Sen,Meera,14,Sunny,Blue,2026-06-20
M3167,Broken Compass,Comedy,Telugu,USA,2017,112.0,UA,5.8,106830,100.0,76000000.0,,John Carter,Sophia,34,Hot,Yellow,2026-10-01
M2083,Secret Agent,Horror,Kannada,UK,2011,113.0,UA,7.3,111551,92.3,170000000.0,206787885.0,Arjun Rao,Meera,62,Sunny,Red,2026-04-12
M0754,Beyond the Valley 99,Mystery,Malayalam,France,2013,118.0,U,7.9,151629,40.3,118000000.0,510176987.0,M. Wilson,Rahul,43,Cool,Red,2026-12-17
M2547,Kingdom of Ash,Crime,Telugu,South Korea,1998,118.0,UA,8.0,22656,54.6,229000000.0,518078596.0,M. Wilson,Aarav,21,Sunny,Green,2024-11-04
M1631,Rainy Day 83,Drama,Korean,France,1995,132.0,U,7.4,475811,57.9,3000000.0,8844038.0,David Miller,Ananya,35,Sunny,Green,2026-06-01
M0012,After the Storm 69,Crime,Korean,Canada,2016,135.0,PG-13,5.1,608661,68.9,243000000.0,1046893563.0,Ananya Sen,Daniel,38,Cloudy,Black,2026-08-04
M2445,Love in Monsoon,Drama,Tamil,France,2000,103.0,R,5.0,404606,77.8,143000000.0,616211809.0,Ananya Sen,Vikram,62,Hot,Yellow,2026-07-17
M0285,Shadow Protocol,Fantasy,Tamil,Canada,2019,158.0,U,7.8,110618,73.5,3000000.0,1229939.0,Priya Kumar,Rahul,63,Sunny,Black,2025-09-24
M1067,The Final Mission 91,Animation,Hindi,,2009,152.0,PG-13,7.4,300,54.0,219000000.0,780736159.0,Ananya Sen,Daniel,15,Hot,Green,2026-03-23
M1192,Broken Compass,Fantasy,Kannada,India,2003,137.0,PG-13,6.8,22621,88.6,,57583826.0,David Miller,Meera,38,Cool,Blue,2026-08-06
M1441,Neon Nights 58,Adventure,Japanese,USA,2021,150.0,UA,5.8,442196,66.4,14000000.0,59663265.0,John Carter,Kiran,47,Rainy,Yellow,2025-02-15
M3396,Crimson Sky 93,Action,Malayalam,Canada,2005,161.0,PG-13,7.7,3588,68.2,130000000.0,245856689.0,John Carter,Vikram,50,Sunny,Blue,2026-11-22
M3394,Broken Compass 38,Action,Kannada,Australia,2007,147.0,R,7.5,111,38.8,188000000.0,524484779.0,John Carter,Riya,18,Cool,Red,2025-04-19
M2739,Dream Catcher,Adventure,Tamil,Australia,2011,190.0,U,6.2,1255,85.9,214000000.0,996536277.0,Raj Mehta,Sophia,25,Cool,Red,2025-11-23
M3279,A New Beginning,Crime,Japanese,India,2007,110.0,UA,8.2,145569,9.0,19000000.0,46869507.0,Priya Kumar,Vikram,19,Cloudy,Blue,2025-11-21
M1569,Parallel Worlds 77,Crime,English,India,2000,86.0,PG-13,6.6,70370,77.8,101000000.0,31088581.0,Ananya Sen,Meera,47,Sunny,Green,2026-07-02
M2428,The Final Mission,Crime,Telugu,UK,2021,104.0,R,8.8,14937,49.6,88000000.0,415418731.0,Ananya Sen,Alex,31,Sunny,Black,2024-08-08
M2738,Echoes of Time,Horror,Hindi,Australia,2013,180.0,R,6.2,23755,67.9,190000000.0,191721550.0,Ananya Sen,Rahul,39,Cloudy,Green,2025-12-12
M3115,Broken Compass 39,Horror,Kannada,Japan,2025,112.0,U,7.6,537,27.5,87000000.0,386567567.0,Raj Mehta,Aarav,22,Cool,Blue,2025-12-19
M1688,Chasing Tomorrow,Adventure,Malayalam,UK,2013,181.0,UA,9.3,4259,72.9,23000000.0,93669771.0,Ananya Sen,Vikram,32,Sunny,Black,2026-06-03
M0852,Secret Agent 55,Mystery,Telugu,South Korea,2004,109.0,A,6.1,654,85.8,2000000.0,1297696.0,M. Wilson,Alex,63,Cloudy,Blue,2024-04-01
M2208,A New Beginning 40,Adventure,Hindi,Australia,2019,130.0,U,5.5,1956,47.9,226000000.0,368361718.0,Raj Mehta,Ananya,57,Cool,Yellow,2024-10-04
M0896,Kingdom of Ash 3,Drama,Telugu,UK,1996,93.0,R,8.0,42377,75.3,217000000.0,991485449.0,M. Wilson,Aarav,16,Cool,Red,2026-11-10
M0497,After the Storm,Mystery,Tamil,USA,2025,77.0,PG,8.0,303904,99.2,237000000.0,280193238.0,Ananya Sen,Daniel,57,Rainy,Blue,2025-10-14
M2306,Love in Monsoon 98,Adventure,Telugu,France,2006,152.0,UA,9.6,9159,66.6,49000000.0,137523400.0,Arjun Rao,Aarav,43,Cloudy,Blue,2025-05-08
M1783,The Missing Piece 36,Drama,Korean,South Korea,2021,182.0,PG-13,9.7,6040,54.4,13000000.0,64202895.0,Ananya Sen,Ananya,61,Rainy,Black,2025-11-19
M0336,Parallel Worlds 97,Animation,Malayalam,France,2002,141.0,UA,8.0,10617,58.5,196000000.0,536974134.0,Arjun Rao,Vikram,21,Cloudy,Blue,2026-08-20
M2840,Rainy Day,Mystery,Telugu,South Korea,2020,172.0,A,7.4,374,10.6,198000000.0,617852301.0,S. Varma,Rahul,57,Rainy,Yellow,2024-01-24
M0516,The Last Horizon 3,Drama,Japanese,Australia,2008,143.0,R,5.9,4430,34.7,5000000.0,11892058.0,S. Varma,Alex,59,Hot,Green,2026-10-12
M1349,Crimson Sky 83,,Japanese,Canada,2006,158.0,U,6.8,6948,89.0,13000000.0,36382530.0,Arjun Rao,Kiran,16,Cloudy,Black,2026-08-09
M1016,City of Dreams,Fantasy,Hindi,UK,1995,162.0,PG,9.4,857,65.0,33000000.0,139181269.0,John Carter,Alex,37,Cool,Blue,2025-10-04
M2817,The Great Escape 87,,Tamil,UK,2011,135.0,R,7.0,60053,60.7,86000000.0,43832845.0,David Miller,Alex,15,Sunny,Blue,2025-10-01
M3404,Crimson Sky,Sci-Fi,Malayalam,USA,1997,91.0,R,8.3,11657,54.5,32000000.0,122482558.0,Raj Mehta,Aarav,17,Sunny,Red,2026-04-08
M3398,Broken Compass,Drama,English,Japan,2001,132.0,PG-13,7.4,44833,41.6,121000000.0,336851430.0,S. Varma,Alex,54,Cloudy,Yellow,2025-04-23
M2810,Code Zero,Drama,Telugu,France,2008,104.0,UA,7.8,31367,65.8,51000000.0,56940951.0,Arjun Rao,Alex,17,Cloudy,Blue,2024-04-16
M3461,Broken Compass,Drama,English,Australia,1997,140.0,UA,7.4,577,74.4,22000000.0,21108312.0,Ananya Sen,Alex,20,Cool,Blue,2026-05-13
M1782,The Last Letter 27,Sci-Fi,Tamil,UK,2010,126.0,PG-13,5.3,43921,77.2,197000000.0,845696072.0,S. Varma,Ananya,13,Sunny,Blue,2024-03-01
M2570,Lost in Mumbai 13,Romance,Malayalam,South Korea,2025,129.0,U,6.4,310074,55.7,160000000.0,638409560.0,Ananya Sen,Ananya,19,Cool,Red,2026-01-04
M1786,The Forgotten Code,Romance,Kannada,India,2003,154.0,R,8.5,2396,67.2,95000000.0,342352552.0,Raj Mehta,Riya,19,Cloudy,Green,2025-02-16
M2071,Broken Compass 7,Romance,Malayalam,USA,2008,146.0,A,6.2,33984,88.6,142000000.0,574328214.0,Arjun Rao,Ananya,61,Sunny,Yellow,2024-02-28
M0357,Midnight Train 74,Drama,Kannada,Canada,1996,114.0,UA,6.1,766,44.7,135000000.0,280999856.0,Raj Mehta,Rahul,41,Cool,Yellow,2026-02-08
M3456,Road to Victory,Action,Malayalam,India,2019,78.0,PG-13,4.3,23764,56.7,154000000.0,745973451.0,Ananya Sen,Ananya,38,Rainy,Black,2024-05-25
M1313,Chasing Tomorrow,Comedy,Kannada,Australia,2001,143.0,R,6.5,520921,77.5,96000000.0,290418531.0,M. Wilson,Vikram,58,Sunny,Black,2026-09-02
M1636,Lost in Mumbai,Fantasy,Malayalam,Australia,2012,105.0,PG,6.4,8651,62.9,50000000.0,154282253.0,Raj Mehta,Sophia,56,Hot,Blue,2024-04-24
M0551,Chasing Tomorrow 90,Drama,English,Australia,2005,101.0,U,7.1,12074,74.4,118000000.0,567678712.0,Raj Mehta,Vikram,39,Cool,Black,2025-09-03
M2389,Rainy Day 66,Romance,English,South Korea,1998,89.0,U,8.1,125802,48.2,206000000.0,262254062.0,M. Wilson,Meera,59,Cloudy,Blue,2024-01-14
M2480,Broken Compass 6,Horror,Telugu,UK,2018,126.0,U,5.4,641,71.7,167000000.0,583604339.0,John Carter,Daniel,23,Hot,Black,2026-04-24
M2522,Starlight 17,Animation,Telugu,South Korea,2003,122.0,PG-13,6.4,381225,92.4,214000000.0,,M. Wilson,Daniel,17,Cloudy,Red,2025-09-12
M2266,City of Dreams,Fantasy,Hindi,France,1996,175.0,A,6.3,119615,55.2,209000000.0,227002848.0,Priya Kumar,Kiran,19,Sunny,Green,2025-08-27
M2960,Family Ties 87,Animation,English,UK,1998,170.0,U,7.1,148210,59.7,82000000.0,223479602.0,John Carter,Aarav,29,Sunny,Blue,2025-02-19
M1228,The Final Mission 57,Mystery,Telugu,India,2017,180.0,UA,7.1,33341,88.9,234000000.0,615262387.0,M. Wilson,Aarav,45,Hot,Yellow,2024-02-03
M3244,After the Storm 76,Animation,English,USA,2008,80.0,PG-13,7.0,463,60.0,4000000.0,1578209.0,Raj Mehta,Aarav,57,Rainy,Blue,2024-06-07
M3060,Wild Frontier,Fantasy,English,Japan,2014,81.0,PG-13,5.0,8209,76.0,57000000.0,33791402.0,Raj Mehta,Daniel,20,Sunny,Black,2026-10-21
M0958,The Great Escape,Romance,Korean,UK,2019,176.0,PG,9.6,171516,56.9,105000000.0,457000810.0,Arjun Rao,Kiran,54,Hot,Green,2026-07-02
M1774,The Silent Witness,Sci-Fi,Malayalam,UK,2007,177.0,PG,7.9,605,85.4,91000000.0,119968527.0,M. Wilson,Ananya,36,Sunny,Red,2025-03-09
M2142,Golden Promise,Romance,Tamil,UK,2010,173.0,PG,5.8,2944,57.2,138000000.0,519293114.0,S. Varma,Ananya,49,Cool,Blue,2025-11-27
M1009,Love in Monsoon,Thriller,,Canada,2012,80.0,R,9.2,208,40.5,134000000.0,89147205.0,Priya Kumar,Meera,20,Cloudy,Green,2026-07-17
M1093,Mystery Lake 77,Sci-Fi,Malayalam,South Korea,2021,142.0,unknown,4.9,80080,61.1,75000000.0,380385192.0,Arjun Rao,Rahul,29,Cool,Black,2024-02-13
M3236,Shadow Protocol 87,Romance,Hindi,UK,2009,141.0,PG,8.7,90844,68.7,77000000.0,267548320.0,S. Varma,Aarav,44,Cool,Red,2024-06-20
M2745,Golden Promise,Thriller,Japanese,UK,1997,115.0,A,7.3,38863,68.3,131000000.0,631124779.0,S. Varma,Aarav,65,Cloudy,Black,21/08/2025
M0997,The Final Mission 85,Thriller,Japanese,India,2001,116.0,PG,7.2,1045,94.0,230000000.0,893147852.0,S. Varma,Ananya,24,Sunny,Blue,2025-02-24
M1680,Secret Agent,Adventure,Tamil,Canada,2009,140.0,A,5.9,173051,81.2,158000000.0,621076564.0,Priya Kumar,Meera,13,Hot,Black,2024-12-04
M0154,Kingdom of Ash 20,Mystery,Tamil,France,2016,179.0,A,6.9,17023,80.0,83000000.0,139762803.0,John Carter,Aarav,48,Cool,Red,2026-11-14
M3373,After the Storm 7,Mystery,Japanese,USA,2015,188.0,PG,6.8,585,54.6,238000000.0,1003547313.0,M. Wilson,Riya,53,Cloudy,Yellow,2026-10-12
M2909,Midnight Train 35,Sci-Fi,Malayalam,South Korea,2005,99.0,R,5.8,274,60.5,96000000.0,388965599.0,Arjun Rao,Vikram,26,Rainy,Red,2024-04-28
M2838,Crimson Sky 41,Crime,Tamil,Japan,2016,79.0,PG,5.9,7561,42.5,238000000.0,800230590.0,Priya Kumar,Kiran,15,Rainy,Black,2024-09-07
M0581,Beyond the Valley 44,Crime,Korean,France,2013,175.0,UA,5.8,100,87.4,9000000.0,26180859.0,S. Varma,Riya,47,Hot,Red,2025-02-11
M1471,City of Dreams,Thriller,Japanese,Australia,2019,85.0,UA,8.2,11026,54.9,37000000.0,30294263.0,S. Varma,Alex,14,Rainy,Red,2025-11-21
M0704,Dream Catcher 84,Adventure,Korean,India,2006,176.0,A,6.1,5403,82.2,234000000.0,73976910.0,Ananya Sen,Kiran,31,Cloudy,Green,2025-07-22
M1213,Family Ties 23,Crime,English,Australia,2010,104.0,R,5.6,2698,79.1,143000000.0,324876317.0,Arjun Rao,Rahul,40,Cool,Blue,2025-04-05
M0897,The Silent Witness 24,Animation,,UK,2006,154.0,A,5.4,75908,58.4,107000000.0,225825091.0,Arjun Rao,Vikram,14,Hot,Red,2025-07-21
M0488,Secret Agent,Mystery,Hindi,France,1997,190.0,R,7.6,271,100.0,245000000.0,629501623.0,David Miller,Ananya,20,Cool,Yellow,2024-09-22
M0560,The Forgotten Code,Action,Korean,Japan,2009,149.0,R,7.5,27902,6.2,32000000.0,163514490.0,Arjun Rao,Vikram,16,Hot,Blue,2025-10-21
M1142,The Great Escape,Comedy,English,USA,2001,104.0,R,8.6,3857,74.0,166000000.0,807281250.0,Priya Kumar,Meera,57,Sunny,Yellow,2024-09-12
M1120,City of Dreams 8,Action,Malayalam,Canada,2011,130.0,PG,8.5,8159,97.8,120000000.0,360225600.0,Priya Kumar,Sophia,18,Cloudy,Yellow,2025-09-05
M2850,Code Zero,,Japanese,South Korea,2004,190.0,R,7.2,10714,63.0,45000000.0,104566778.0,Arjun Rao,Daniel,40,Cloudy,Green,2024-03-14
M0513,Golden Promise,Animation,Korean,South Korea,1999,162.0,PG-13,4.5,433230,67.3,232000000.0,534569694.0,Raj Mehta,Kiran,17,Sunny,Yellow,2024-09-14
M0634,  THE MISSING PIECE  ,Thriller,Japanese,UK,2004,80.0,PG-13,4.3,36550,82.9,243000000.0,358209759.0,M. Wilson,Sophia,46,Cloudy,Yellow,2026-09-07
M3123,Ocean of Stars,Thriller,Tamil,UK,1996,170.0,A,5.6,2355,41.4,175000000.0,93728601.0,M. Wilson,Aarav,50,Cool,Red,2026-07-04
M1665,The Final Mission,Horror,English,UK,2015,103.0,R,6.8,3584,86.8,147000000.0,416743028.0,S. Varma,Aarav,23,Cool,Green,2025-03-21
M1013,Midnight Train,Action,Japanese,Japan,2013,136.0,A,9.7,38712,35.4,163000000.0,619245639.0,Raj Mehta,Daniel,57,Hot,Black,2026-02-14
M1932,Love in Monsoon 15,Adventure,Korean,France,2004,162.0,R,9.8,418484,45.1,22000000.0,100988891.0,Arjun Rao,Aarav,16,Cool,Red,2024-11-09
M1151,Golden Promise,Thriller,English,India,2013,176.0,UA,7.9,3268,66.6,198000000.0,910146383.0,M. Wilson,Ananya,13,Sunny,Yellow,2025-10-13
M2839,Beyond the Valley,Thriller,Kannada,Japan,2007,112.0,PG-13,7.7,1453,32.8,125000000.0,61762602.0,Arjun Rao,Meera,15,Cool,Red,2024-06-03
M3400,Crimson Sky 6,Action,English,South Korea,2012,87.0,PG-13,6.2,294720,75.1,63000000.0,120180393.0,Priya Kumar,Daniel,59,Sunny,Red,2026-04-22
M0117,The Great Escape 74,Action,Telugu,Australia,2019,157.0,A,8.3,713555,55.6,94000000.0,93737695.0,Priya Kumar,Meera,61,Sunny,Yellow,2024-09-12
M0741,Shadow Protocol 41,Action,Korean,Japan,2004,180.0,R,7.5,13820,78.4,152000000.0,83942855.0,Raj Mehta,Aarav,29,Rainy,Green,2025-09-22
M3347,Family Ties 45,Drama,Tamil,South Korea,2024,150.0,PG,6.3,128,70.2,43000000.0,70975208.0,Arjun Rao,Sophia,17,Rainy,Blue,2025-08-13
M1975,The Missing Piece,Action,Japanese,India,2020,120.0,PG,7.8,196,29.4,181000000.0,941162656.0,David Miller,Vikram,47,Cool,Red,2025-02-07
M1082,The Final Mission,Crime,Hindi,USA,2001,144.0,UA,6.0,1480,50.8,242000000.0,872848957.0,David Miller,Sophia,23,Cool,Yellow,2024-08-25
M1811,The Last Horizon 9,Action,English,India,2021,189.0,PG-13,7.4,1789,60.4,52000000.0,79920881.0,Ananya Sen,Riya,48,Hot,Yellow,2024-12-01
M0831,The Missing Piece 82,Mystery,Telugu,India,2006,173.0,PG-13,8.0,448002,55.7,165000000.0,195423571.0,S. Varma,Vikram,47,Cool,Red,2026-07-12
M0120,Golden Promise,Adventure,Telugu,Japan,2012,112.0,PG-13,6.8,100329,65.9,229000000.0,1192462166.0,Ananya Sen,Riya,25,Rainy,Red,2025-01-12
M0657,Code Zero 79,Comedy,Korean,UK,2005,102.0,A,6.4,393300,100.0,74000000.0,287220326.0,M. Wilson,Sophia,34,Cloudy,Blue,2024-11-01
M3307,The Silent Witness,Horror,Tamil,UK,2008,180.0,U,4.9,9205,95.1,69000000.0,294926313.0,S. Varma,Sophia,30,Rainy,Red,2025-11-03
M3257,The Last Horizon 90,Mystery,Hindi,UK,2014,168.0,UA,7.6,429246,100.0,4000000.0,20567468.0,S. Varma,Vikram,30,Rainy,Green,2026-11-22
M3547,Shadow Protocol,Thriller,Telugu,UK,2019,131.0,A,7.5,6233,57.8,189000000.0,248342418.0,Arjun Rao,Vikram,33,Sunny,Red,2026-11-07
M0636,The Final Mission 22,Sci-Fi,Japanese,USA,1997,145.0,A,6.3,512539,78.7,66000000.0,216651478.0,S. Varma,Vikram,47,Rainy,Blue,2026-12-09
M0370,Parallel Worlds,Crime,Tamil,Canada,2000,78.0,UA,4.5,3543,75.2,196000000.0,503753999.0,Raj Mehta,Sophia,18,Hot,Red,2026-10-16
M0269,Crimson Sky 73,Crime,English,India,2002,136.0,R,6.1,91110,72.5,89000000.0,29397648.0,David Miller,Kiran,43,Hot,Red,2024-08-11
M2704,Echoes of Time 48,Horror,Malayalam,USA,2007,130.0,A,7.0,2361,82.8,46000000.0,65906572.0,Raj Mehta,Kiran,53,Cloudy,Black,2026-07-05
M2984,Ocean of Stars,Mystery,Telugu,India,2021,159.0,unknown,6.2,228,64.4,10000000.0,38354248.0,S. Varma,Ananya,42,Sunny,Red,2025-06-20
M2871,Parallel Worlds 8,Action,Japanese,UK,2004,121.0,R,8.9,629106,52.1,154000000.0,759779821.0,John Carter,Rahul,26,Hot,Black,2026-09-08
M2915,Love in Monsoon,Animation,English,UK,2001,108.0,PG-13,8.2,718,57.8,142000000.0,580972722.0,Ananya Sen,Kiran,33,Sunny,Red,2026-09-09
M0047,The Great Escape 69,Horror,Korean,Japan,2017,106.0,A,5.9,427,69.6,79000000.0,392024638.0,M. Wilson,Daniel,32,Cloudy,Red,2024-12-07
M3364,Chasing Tomorrow 86,,Telugu,UK,2006,154.0,R,6.9,222881,82.8,92000000.0,46754486.0,Raj Mehta,Alex,29,Hot,Blue,2025-05-09
M0992,Mystery Lake 54,Horror,Hindi,Australia,1997,171.0,PG,5.6,330,97.6,93000000.0,96841350.0,Raj Mehta,Kiran,39,Hot,Red,2026-02-27
M0877,Starlight 22,Drama,Hindi,France,1995,115.0,R,5.2,1581,76.4,229000000.0,709036732.0,John Carter,Riya,41,Cloudy,Yellow,2024-04-25
M0774,The Missing Piece 50,Fantasy,Tamil,UK,2013,167.0,U,6.4,118,71.8,146000000.0,632069581.0,John Carter,Daniel,18,Rainy,Yellow,2025-06-19
M1220,A New Beginning 92,Romance,English,India,2010,113.0,PG-13,7.7,23968,41.9,52000000.0,262601134.0,S. Varma,Vikram,35,Cool,Yellow,2026-06-15
M1127,The Great Escape 89,Drama,Malayalam,Canada,2007,175.0,R,6.8,24958,74.5,59000000.0,85787879.0,Raj Mehta,Riya,43,Hot,Green,2025-05-28
M0005,Ocean of Stars,Drama,Tamil,UK,2016,109.0,PG,7.1,4851,26.7,180000000.0,313832599.0,S. Varma,Daniel,53,Cool,Red,2026-06-27
M3052,Parallel Worlds 75,Adventure,Telugu,Australia,2016,100.0,PG,6.2,78445,69.9,142000000.0,550272288.0,Arjun Rao,Sophia,41,Rainy,Black,2026-06-01
M1596,Neon Nights 8,Thriller,Telugu,France,2013,179.0,UA,8.6,59644,83.8,125000000.0,59427540.0,David Miller,Rahul,49,Cool,Red,2024-07-14
M3125,Road to Victory,Horror,Hindi,USA,2025,161.0,PG-13,8.3,49578,83.0,223000000.0,179291665.0,Raj Mehta,Sophia,24,Cool,Red,2026-01-28
M2312,The Final Mission,Fantasy,English,South Korea,2022,152.0,PG,7.5,1832,74.0,83000000.0,385525282.0,Ananya Sen,Riya,32,Cool,Red,2025-09-15
M3041,Journey Home 44,Fantasy,Telugu,India,2000,107.0,PG,6.3,36613,60.9,183000000.0,670725139.0,Raj Mehta,Daniel,60,Hot,Blue,2025-09-20
M3479,Hidden Truth,Comedy,Malayalam,UK,2006,131.0,A,4.0,1007,67.1,108000000.0,451491267.0,Raj Mehta,Alex,35,Hot,Red,2025-11-24
M2492,The Forgotten Code,Fantasy,Malayalam,France,2016,106.0,R,4.6,797,59.0,110000000.0,531688844.0,John Carter,Sophia,64,Cloudy,Yellow,2026-12-12
M3051,Golden Promise 79,Thriller,Hindi,France,2004,185.0,R,5.1,1056,47.3,167000000.0,230361110.0,John Carter,Sophia,56,Cool,Black,2024-11-09
M1078,Shadow Protocol,Sci-Fi,Kannada,UK,2016,145.0,PG-13,6.0,28173,88.4,74000000.0,90108708.0,Ananya Sen,Aarav,56,Hot,Blue,2025-11-08
M0838,Broken Compass 94,Romance,Telugu,Japan,1997,98.0,U,6.1,4766,43.9,61000000.0,280845867.0,M. Wilson,Vikram,35,Sunny,Black,2026-11-13
M0682,Golden Promise,Sci-Fi,Telugu,South Korea,2003,148.0,U,6.1,21783,59.6,129000000.0,452188669.0,S. Varma,Vikram,60,Rainy,Black,2026-01-08
M1716,Parallel Worlds 49,Romance,Tamil,France,2008,113.0,PG-13,6.7,841,58.3,27000000.0,69404761.0,Priya Kumar,Vikram,31,Hot,Green,2025-07-24
M2353,City of Dreams 27,Comedy,Telugu,India,2024,116.0,R,6.6,2488,60.9,2000000.0,3481884.0,S. Varma,Kiran,21,Sunny,Green,2026-02-26
M2618,The Forgotten Code 18,Sci-Fi,Telugu,UK,2000,86.0,PG,6.4,491,45.1,15000000.0,31908406.0,John Carter,Daniel,19,Cool,Blue,2024-05-12
M2362,Kingdom of Ash 62,Crime,English,India,1999,183.0,PG,6.0,277149,64.2,74000000.0,189091255.0,Raj Mehta,Daniel,34,Cloudy,Yellow,2025-09-27
M2198,Hidden Truth,Mystery,Telugu,USA,1999,178.0,PG,6.2,147492,69.7,239000000.0,958439426.0,,Riya,17,Cool,Red,2024-05-27
M1149,Parallel Worlds 72,Sci-Fi,Korean,Japan,2016,93.0,PG,8.9,120,26.8,112000000.0,42838424.0,Arjun Rao,Ananya,13,Cool,Black,2025-02-22
M0575,Dream Catcher 45,Sci-Fi,Japanese,Australia,2002,149.0,PG,8.5,301,38.8,11000000.0,54008824.0,S. Varma,Sophia,64,Hot,Green,2025-07-01
M0051,Kingdom of Ash 99,Sci-Fi,Tamil,France,2013,,PG,8.0,36874,73.3,22000000.0,70664783.0,M. Wilson,Daniel,50,Hot,Green,2026-10-02
M0854,The Last Letter 97,Fantasy,Tamil,UK,2005,119.0,R,8.3,163937,55.7,,472310566.0,S. Varma,Daniel,38,Sunny,Yellow,2024-11-16
M1983,After the Storm,Mystery,Hindi,Canada,1999,82.0,PG,5.1,466,54.4,53000000.0,198129321.0,S. Varma,Kiran,32,Sunny,Yellow,2025-08-03
M2775,Mystery Lake,Romance,Malayalam,UK,2020,154.0,UA,5.3,560,74.0,193000000.0,706831484.0,Priya Kumar,Ananya,50,Rainy,Yellow,2024-03-09
M1824,Journey Home 15,Adventure,Telugu,Japan,1995,174.0,R,5.3,313,81.2,37000000.0,18879027.0,Raj Mehta,Riya,54,Cool,Black,2026-01-16
M0834,Love in Monsoon 47,Thriller,Telugu,Australia,2010,117.0,PG-13,6.9,917,5.2,87000000.0,234559772.0,David Miller,Aarav,41,Cool,Black,2026-10-23
M1116,The Last Letter 94,Mystery,Hindi,Japan,2011,93.0,PG,6.0,1519,72.3,160000000.0,483535329.0,David Miller,Daniel,34,Sunny,Blue,2024-01-25
M1167,Neon Nights 75,Drama,Kannada,France,1997,141.0,PG,4.9,3212,12.4,167000000.0,889031604.0,Raj Mehta,Kiran,50,Cool,Green,2024-07-20
M2519,The Last Letter,Fantasy,English,Australia,2003,153.0,U,7.5,100509,94.9,228000000.0,563827610.0,S. Varma,Aarav,14,Hot,Green,2025-02-27
M1907,Wild Frontier 40,Mystery,Malayalam,Canada,1996,99.0,R,4.4,256828,17.3,192000000.0,814624316.0,John Carter,Rahul,45,Cool,Black,2026-12-23
M0972,The Forgotten Code 89,Romance,Tamil,India,1997,166.0,R,6.2,158,39.9,244000000.0,563226477.0,Arjun Rao,Rahul,33,Cool,Red,2025-04-23
M2702,A New Beginning,Drama,English,Canada,1998,135.0,UA,8.1,1703,41.6,41000000.0,180410615.0,S. Varma,Daniel,51,Sunny,Yellow,2025-11-16
M0400,The Last Letter 53,Comedy,Hindi,France,2012,87.0,A,6.3,189,68.7,211000000.0,55740907.0,M. Wilson,Aarav,18,Rainy,Red,2026-11-26
M2560,Journey Home 18,Romance,Japanese,France,2015,122.0,PG,8.8,177963,79.6,215000000.0,181461977.0,Raj Mehta,Daniel,17,Cloudy,Red,2025-05-07
M2369,The Forgotten Code,Crime,Japanese,Canada,2005,173.0,UA,6.0,67818,79.8,41000000.0,23052101.0,S. Varma,Kiran,37,Sunny,Yellow,2026-04-28
M0020,Dream Catcher 98,Comedy,English,Australia,2016,157.0,PG-13,6.2,1636,61.3,77000000.0,148107313.0,Arjun Rao,Riya,47,Rainy,Yellow,2025-03-12
M0685,Midnight Train 12,Crime,English,Australia,2001,156.0,U,5.4,21515,46.6,238000000.0,1140093032.0,Raj Mehta,Sophia,18,Cloudy,Blue,2025-05-13
M0036,Secret Agent 61,Sci-Fi,English,Canada,2001,83.0,PG,6.6,367,71.0,107000000.0,298968660.0,S. Varma,Alex,57,Sunny,Yellow,2025-08-01
M2951,City of Dreams 63,Thriller,Tamil,UK,2022,170.0,PG,4.4,1875,63.8,79000000.0,418136128.0,David Miller,Daniel,52,Cloudy,Blue,2026-01-03
M3429,Mystery Lake,Comedy,Telugu,Japan,1999,135.0,PG,8.0,97541,73.9,45000000.0,99424726.0,M. Wilson,Vikram,29,Sunny,Green,2025-06-26
M2876,Parallel Worlds 51,Sci-Fi,Tamil,Canada,1997,124.0,U,7.7,487455,59.8,191000000.0,44404029.0,S. Varma,Riya,31,Sunny,Yellow,2024-04-04
M0525,The Final Mission,Horror,English,South Korea,2012,103.0,UA,5.4,111,67.2,125000000.0,304597697.0,Arjun Rao,Aarav,41,Hot,Blue,2024-10-20
M2456,Chasing Tomorrow,Crime,Malayalam,India,2008,168.0,U,8.6,63700,35.4,197000000.0,448718037.0,Ananya Sen,Kiran,19,Cool,Blue,2024-12-14
M0921,Digital Hearts 41,Comedy,Hindi,France,2020,182.0,A,7.1,253,77.9,248000000.0,578024573.0,M. Wilson,Vikram,61,Hot,Red,2025-12-16
M1842,Starlight,Mystery,,France,2003,142.0,UA,6.4,195,64.2,31000000.0,90057524.0,Raj Mehta,Alex,52,Sunny,Black,2026-04-03
M1891,Road to Victory 74,Thriller,Hindi,USA,2006,104.0,R,6.5,529,74.3,60000000.0,219234174.0,Ananya Sen,Alex,56,Sunny,Yellow,2024-05-05
M0538,Shadow Protocol 39,Action,Telugu,USA,2022,127.0,A,5.8,7857,73.5,29000000.0,10032393.0,John Carter,Sophia,32,Cloudy,Black,2024-03-05
M2807,Golden Promise,Horror,English,Japan,2010,115.0,PG-13,6.1,2065,67.2,104000000.0,435963675.0,Arjun Rao,Aarav,33,Cool,Blue,2024-01-18
M1706,Secret Agent,Mystery,English,UK,2009,182.0,PG,8.5,250879,85.4,14000000.0,28201188.0,Ananya Sen,Ananya,64,Sunny,Green,2025-03-23
M3546,Digital Hearts,Adventure,Japanese,Japan,2025,151.0,A,6.8,55296,92.7,26000000.0,107964533.0,Ananya Sen,Alex,26,Hot,Black,2025-03-24
M3111,A New Beginning,Crime,Hindi,Australia,2012,152.0,A,3.1,88839,97.1,2000000.0,9731087.0,Raj Mehta,Meera,34,Sunny,Yellow,2024-07-27
M0246,Mystery Lake 35,Adventure,Hindi,South Korea,2010,150.0,U,6.0,725,54.4,142000000.0,168713436.0,S. Varma,Aarav,23,Cool,Red,2024-11-08
M3176,Hidden Truth 13,Crime,Tamil,USA,2010,110.0,A,7.9,197,73.1,232000000.0,615496576.0,S. Varma,Aarav,28,Hot,Yellow,2024-09-01
M0785,Echoes of Time,Mystery,Tamil,UK,2008,128.0,PG,6.6,1117,34.0,130000000.0,95573915.0,Raj Mehta,Vikram,20,Hot,Green,2026-12-16
M1410,Love in Monsoon,Thriller,Tamil,USA,2023,143.0,PG-13,6.7,6629,76.3,134000000.0,64234492.0,David Miller,Meera,51,Hot,Black,2024-08-17
M2538,Code Zero,Crime,English,USA,2009,99.0,U,,1433,70.9,112000000.0,345916995.0,David Miller,Meera,65,Sunny,Yellow,2024-11-26
M0155,Mystery Lake,Mystery,Korean,Japan,2012,138.0,R,6.0,1833,76.4,13000000.0,31912570.0,S. Varma,Rahul,22,Cloudy,Black,2024-09-16
M3010,Road to Victory,Horror,Malayalam,South Korea,2012,167.0,PG-13,3.9,14663,42.8,2000000.0,2980612.0,M. Wilson,Kiran,49,Sunny,Green,2026-04-07
M1687,The Silent Witness,Adventure,Telugu,Australia,2006,132.0,UA,5.6,101,97.5,181000000.0,151468776.0,Arjun Rao,Kiran,38,Cool,Red,2026-01-05
M2902,The Silent Witness 12,Drama,Kannada,France,2019,,PG,7.6,60430,51.5,226000000.0,805744925.0,M. Wilson,Vikram,35,Sunny,Red,2026-06-25
M0626,Hidden Truth,,Malayalam,,2005,171.0,R,5.6,16053,74.4,203000000.0,870793393.0,David Miller,Alex,21,Hot,Black,2025-03-07
M2734,Chasing Tomorrow,Romance,Japanese,Canada,2006,161.0,U,7.3,178,55.1,144000000.0,176901921.0,John Carter,Ananya,42,Hot,Red,2024-09-11
M3483,Shadow Protocol,Sci-Fi,Kannada,Canada,1997,134.0,R,8.4,1667,61.6,208000000.0,465098185.0,Priya Kumar,Alex,61,Cloudy,Green,2024-10-09
M1347,Lost in Mumbai 35,Drama,Telugu,Canada,2007,136.0,UA,8.1,258,80.9,52000000.0,149892143.0,David Miller,Vikram,23,Cool,Blue,2026-02-25
M0570,The Great Escape,Animation,Korean,USA,2002,122.0,U,4.4,199,69.3,208000000.0,593488193.0,David Miller,Vikram,63,Rainy,Red,2026-07-23
M3595,Rainy Day 41,Crime,Malayalam,France,2018,143.0,R,,537798,52.7,162000000.0,530586583.0,John Carter,Sophia,53,Cloudy,Blue,2024-12-01
M1759,Beyond the Valley 30,Action,Malayalam,India,2015,143.0,UA,6.5,12528,84.4,236000000.0,108864017.0,S. Varma,Rahul,24,Cool,Yellow,2024-08-06
M1817,Love in Monsoon 63,Sci-Fi,Telugu,Canada,2010,163.0,PG,7.4,7914,75.6,222000000.0,395557047.0,Ananya Sen,Rahul,47,Cool,Green,Aug 21 2025
M2066,Broken Compass,Fantasy,Malayalam,South Korea,1998,183.0,PG,7.1,481154,71.0,47000000.0,33935015.0,Raj Mehta,Alex,48,Hot,Red,2025-02-11
M0128,The Silent Witness 67,Fantasy,Japanese,South Korea,2005,99.0,PG,6.5,10142,79.4,196000000.0,853258749.0,,Riya,38,Cool,Black,2024-04-19
M2038,Family Ties,Adventure,English,France,1998,126.0,PG,6.5,1141,70.6,159000000.0,272497535.0,Priya Kumar,Daniel,49,Rainy,Yellow,2024-05-08
M2007,The Last Letter 12,Action,Japanese,Canada,2009,150.0,A,9.0,262,57.7,48000000.0,224852720.0,Arjun Rao,Vikram,48,Cool,Black,2024-03-22
M2976,The Last Horizon 50,Mystery,Hindi,Australia,2004,94.0,R,8.2,218155,51.6,224000000.0,561952033.0,Raj Mehta,Aarav,40,Cool,Blue,2025-04-14
M0981,Love in Monsoon 43,Adventure,Japanese,South Korea,2016,82.0,UA,6.3,2036,63.7,91000000.0,103606771.0,Ananya Sen,Kiran,44,Rainy,Black,2025-01-10
M3120,Crimson Sky 59,Crime,English,Japan,2016,79.0,PG-13,8.1,1359,83.0,25000000.0,45210927.0,John Carter,Kiran,23,Cool,Blue,2025-04-20
M0191,Mystery Lake,Crime,Korean,UK,2020,169.0,PG-13,6.5,215,42.9,151000000.0,827998463.0,David Miller,Ananya,65,Rainy,Blue,2026-06-18
M1140,After the Storm 75,Comedy,Japanese,Australia,2021,130.0,PG,6.7,22614,72.9,131000000.0,81546175.0,David Miller,Alex,26,Cool,Green,2025-12-02
M0993,Shadow Protocol,Thriller,Tamil,Canada,2001,132.0,U,6.1,40928,41.5,41000000.0,113330291.0,Raj Mehta,Aarav,54,Rainy,Black,2024-01-08
M0700,Broken Compass 26,Mystery,English,Japan,2000,151.0,A,8.1,1120,100.0,97000000.0,208819589.0,Raj Mehta,Daniel,32,Cool,Blue,2026-08-21
M3308,Hidden Truth,Romance,Japanese,USA,2004,103.0,A,8.5,4839,54.0,77000000.0,150982150.0,David Miller,Daniel,25,Sunny,Blue,2026-02-11
M0607,The Great Escape,Mystery,English,UK,2010,79.0,A,7.0,111142,69.9,236000000.0,620061095.0,M. Wilson,Vikram,29,Rainy,Yellow,2026-11-27
M0181,Dream Catcher,Animation,Japanese,Japan,2006,114.0,PG,5.8,17754,74.4,88000000.0,300571897.0,Arjun Rao,Meera,59,Hot,Green,2024-05-02
M0302,Parallel Worlds 25,Drama,Kannada,USA,2002,84.0,R,6.2,2239,96.5,132000000.0,285978718.0,Ananya Sen,Rahul,64,Cloudy,Blue,2025-11-16
M2545,Kingdom of Ash,Drama,Japanese,Australia,2005,164.0,R,7.4,169,57.7,177000000.0,237543648.0,Ananya Sen,Meera,40,Cloudy,Green,2025-08-13
M3365,Mystery Lake 92,Adventure,Tamil,India,2010,185.0,U,9.8,228769,99.2,102000000.0,73167965.0,M. Wilson,Rahul,62,Cool,Red,2025-01-09
M1061,Road to Victory 54,Adventure,Korean,France,2024,87.0,PG-13,5.6,106,91.1,179000000.0,418582395.0,Priya Kumar,Daniel,18,Rainy,Red,2026-08-22
M3416,Wild Frontier,Crime,Korean,Australia,1995,184.0,UA,4.3,16216,47.6,115000000.0,168014776.0,M. Wilson,Rahul,25,Rainy,Yellow,2025-09-01
M3485,The Missing Piece 90,Mystery,Malayalam,USA,2009,165.0,PG,6.4,14245,52.8,39000000.0,21028817.0,Ananya Sen,Alex,32,Rainy,Blue,2025-10-23
M2566,Echoes of Time 20,Horror,Japanese,UK,2000,123.0,PG,6.0,103,80.9,98000000.0,276941504.0,Ananya Sen,Daniel,58,Hot,Yellow,2026-10-23
M1070,Shadow Protocol,Mystery,Malayalam,Canada,2010,130.0,PG,6.8,100740,58.5,105000000.0,541213705.0,Raj Mehta,Sophia,23,Hot,Red,2025-02-02
M2525,Parallel Worlds,Thriller,Kannada,France,1995,112.0,PG,6.6,149,28.7,184000000.0,834057612.0,M. Wilson,Riya,36,Cloudy,Blue,2026-08-21
M2206,Hidden Truth,Mystery,Hindi,France,2014,142.0,R,6.0,7004,58.5,244000000.0,924461268.0,S. Varma,Daniel,64,Cloudy,Red,2024-02-27
M1244,The Missing Piece,Comedy,Tamil,Japan,2009,109.0,PG-13,6.4,2436,20.6,106000000.0,404635089.0,David Miller,Rahul,53,Hot,Green,2026-07-20
M0017,Hidden Truth 2,Sci-Fi,Malayalam,Australia,2001,185.0,A,6.0,105,77.2,103000000.0,465760393.0,S. Varma,Kiran,55,Hot,Red,2024-05-07
M3121,A New Beginning,Comedy,English,UK,2001,102.0,PG-13,5.9,15723,84.5,194000000.0,295184046.0,S. Varma,Sophia,40,Sunny,Red,2024-07-10
M1242,The Final Mission 14,Sci-Fi,Kannada,India,2004,138.0,UA,5.5,420955,15.0,38000000.0,136714741.0,John Carter,Daniel,14,Cool,Black,2025-02-16
M0547,City of Dreams 77,Mystery,Hindi,Canada,2008,156.0,PG-13,4.3,18433,80.0,60000000.0,56264551.0,David Miller,Daniel,49,Hot,Black,2024-11-17
M0659,Midnight Train,Mystery,Tamil,Canada,2018,152.0,R,6.1,2041,43.0,31000000.0,166971734.0,M. Wilson,Riya,17,Cool,Yellow,2025-05-24
M3272,Secret Agent,Drama,Hindi,Australia,2004,99.0,PG-13,8.7,586502,52.4,21000000.0,94273004.0,Raj Mehta,Aarav,33,Rainy,Blue,2024-07-01
M3068,The Great Escape 95,Comedy,Tamil,France,2021,153.0,PG-13,3.7,1617,78.2,17000000.0,30170255.0,Raj Mehta,Aarav,30,Hot,Yellow,2024-05-14
M3314,Hidden Truth,Comedy,Telugu,USA,2025,128.0,U,7.9,463291,73.4,75000000.0,245543369.0,M. Wilson,Aarav,55,Cloudy,Red,2024-01-26
M1505,Family Ties,Crime,,France,1998,171.0,U,7.4,1540,30.1,177000000.0,116505787.0,Arjun Rao,Rahul,22,Cloudy,Yellow,2024-12-17
M0960,Echoes of Time,Crime,Tamil,UK,2003,170.0,PG,7.3,18463,14.4,175000000.0,903081797.0,Priya Kumar,Meera,28,Rainy,Black,2025-10-25
M2927,Crimson Sky,Action,Hindi,South Korea,2015,143.0,A,8.8,267,51.8,14000000.0,22868807.0,S. Varma,Sophia,32,Cool,Green,2024-01-01
M2332,The Final Mission,Mystery,Malayalam,Australia,2007,124.0,R,7.9,12161,85.5,159000000.0,603911575.0,Arjun Rao,Sophia,35,Rainy,Green,2025-05-28
M0798,Code Zero 30,Comedy,Malayalam,France,2014,120.0,PG,6.5,577,81.9,140000000.0,391129262.0,,Ananya,55,Hot,Blue,2024-08-11
M0226,The Missing Piece,Comedy,Kannada,France,2019,89.0,PG-13,6.7,527,77.4,217000000.0,666640279.0,Arjun Rao,Sophia,32,Cloudy,Red,2024-12-14
M2075,Hidden Truth 36,Action,Tamil,Canada,2014,109.0,PG,5.2,29471,54.9,203000000.0,1090693382.0,John Carter,Daniel,52,Cool,Yellow,2026-08-01
M1800,Code Zero,Adventure,Japanese,Australia,2025,81.0,U,9.4,153394,36.2,90000000.0,489401028.0,S. Varma,Riya,56,Cool,Yellow,2026-08-04
M2486,Parallel Worlds,Thriller,Tamil,India,2004,174.0,A,6.2,4864,78.4,233000000.0,871431369.0,S. Varma,Daniel,64,Sunny,Blue,2025-01-13
M3587,The Forgotten Code,Mystery,Telugu,Japan,2000,190.0,A,6.3,1853,83.9,184000000.0,541025555.0,Raj Mehta,Sophia,57,Hot,Green,2026-06-01
M2278,Digital Hearts,Crime,Korean,Australia,2016,179.0,U,6.9,256387,100.0,190000000.0,122589726.0,S. Varma,Meera,17,Hot,Blue,2026-01-21
M2086,The Missing Piece 44,Mystery, Tamil ,UK,2012,180.0,PG,4.5,12236,88.6,90000000.0,436137302.0,S. Varma,Kiran,42,Sunny,Green,2026-02-08
M1694,Secret Agent 60,Comedy,Korean,France,2012,189.0,PG,6.5,906,81.7,49000000.0,126251516.0,S. Varma,Riya,13,Rainy,Green,2026-07-08
M2798,Kingdom of Ash,Horror,Telugu,Australia,2018,155.0,R,6.9,63899,50.4,172000000.0,230695308.0,David Miller,Alex,33,Cool,Yellow,2025-08-15
M1046,Shadow Protocol,Animation,Kannada,UK,2020,97.0,UA,9.8,346,100.0,137000000.0,740967180.0,David Miller,Ananya,63,Sunny,Green,2024-05-17
M0470,The Last Letter 54,Thriller,Korean,Canada,2014,169.0,U,5.6,5231,73.5,80000000.0,276886362.0,M. Wilson,Sophia,24,Sunny,Black,2026-02-13
M0955,Neon Nights,Sci-Fi,Malayalam,UK,2004,156.0,A,7.9,3522,67.8,188000000.0,332859029.0,Raj Mehta,Rahul,64,Cloudy,Red,2024-08-14
M0393,Shadow Protocol 22,Thriller,Hindi,India,2005,173.0,PG-13,6.2,75504,47.3,113000000.0,307687257.0,Arjun Rao,Ananya,47,Cloudy,Yellow,2025-05-05
M2736,The Last Letter 7,Drama,Tamil,USA,2018,109.0,U,5.0,146560,68.8,10000000.0,43002742.0,S. Varma,Daniel,62,Sunny,Black,2026-08-06
M3491,The Last Letter 88,Fantasy,Telugu,India,2018,86.0,R,5.7,950,100.0,78000000.0,153860053.0,Priya Kumar,Sophia,33,Rainy,Red,2025-09-07
M0640,Hidden Truth 98,Sci-Fi,Telugu,Japan,2014,87.0,R,5.0,20287,64.8,230000000.0,272899659.0,S. Varma,Meera,50,Rainy,Green,2024-11-17
M3368,Wild Frontier 51,Adventure,English,Australia,1995,113.0,PG,,380668,41.4,179000000.0,475742297.0,Ananya Sen,Daniel,55,Rainy,Black,2024-05-15
M1219,Midnight Train 15,Romance,English,Australia,1997,100.0,R,6.1,5521,83.0,131000000.0,530968963.0,Ananya Sen,Sophia,18,Sunny,Green,2025-09-09
M1159,Road to Victory,Horror,,USA,1999,134.0,UA,8.8,778,57.5,127000000.0,64748071.0,Ananya Sen,Meera,17,Cool,Green,2025-05-19
M1416,Dream Catcher 82,Horror,Tamil,France,2009,106.0,R,6.9,392510,54.8,74000000.0,394613982.0,,Rahul,31,Cool,Yellow,2024-05-10
M3284,The Great Escape,Comedy,Telugu,South Korea,2007,105.0,UA,5.9,6728,77.4,131000000.0,624567271.0,M. Wilson,Daniel,46,Hot,Yellow,2026-01-02
M1528,The Missing Piece 25,Fantasy,Tamil,France,2022,78.0,R,7.5,9194,66.8,62000000.0,39645731.0,David Miller,Meera,59,Rainy,Red,2024-12-06
M3536,Road to Victory,Mystery,Tamil,USA,1996,165.0,UA,7.9,304242,72.3,32000000.0,115578381.0,M. Wilson,Meera,56,Cloudy,Red,2025-01-08
M1301,Broken Compass 66,Crime,Malayalam,USA,1999,79.0,U,6.4,669,74.8,225000000.0,922722215.0,John Carter,Alex,19,Rainy,Green,2026-10-06
M3472,Neon Nights 39,Crime,Tamil,USA,1997,129.0,A,7.4,26746,80.5,191000000.0,540334094.0,Priya Kumar,Ananya,59,Hot,Green,2024-04-07
M2849,Starlight 56,Drama,English,Canada,1996,107.0,PG-13,7.4,6712,89.2,153000000.0,206958062.0,Ananya Sen,Meera,28,Cool,Black,2025-12-06
M1604,Beyond the Valley,Crime,English,Japan,2023,154.0,PG,7.0,324,91.9,103000000.0,438845161.0,David Miller,Aarav,18,Hot,Green,2024-11-01
M0161,Journey Home 50,Crime,Tamil,Australia,2008,112.0,PG-13,7.5,174575,60.9,40000000.0,212585705.0,Priya Kumar,Daniel,61,Hot,Black,2025-03-24
M1705,Family Ties,Comedy,Japanese,USA,2025,177.0,U,6.8,2485,95.7,4000000.0,6681446.0,S. Varma,Kiran,33,Hot,Green,2024-06-25
M0957,A New Beginning 69,Romance,Tamil,Canada,2005,116.0,R,7.4,171186,94.8,171000000.0,106873257.0,Ananya Sen,Alex,25,Cool,Green,2025-09-28
M3235,Lost in Mumbai 4,Horror,Japanese,South Korea,2017,155.0,R,6.0,53605,33.6,214000000.0,767240090.0,Priya Kumar,Kiran,15,Hot,Black,2025-05-18
M2870,The Final Mission 39,Crime,Tamil,South Korea,2025,173.0,PG,8.3,25333,61.3,84000000.0,146945100.0,Priya Kumar,Daniel,28,Sunny,Yellow,2026-07-26
M3529,The Final Mission 77,Adventure,Korean,USA,1995,154.0,A,5.2,389,42.2,196000000.0,880942899.0,M. Wilson,Ananya,58,Cloudy,Yellow,2025-04-18
M0878,Broken Compass 41,Horror,Japanese,USA,1998,172.0,R,5.3,464,59.3,60000000.0,144970042.0,John Carter,Alex,26,Cool,Red,2025-03-07
M1920,Code Zero,Crime,Korean,UK,1995,115.0,UA,5.7,63793,62.5,72000000.0,95961920.0,Arjun Rao,Daniel,16,Cloudy,Blue,2024-02-18
M2962,Lost in Mumbai 76,Romance,Kannada,Canada,2002,177.0,U,9.7,323744,36.2,92000000.0,491335709.0,Arjun Rao,Aarav,20,Cloudy,Yellow,2025-06-13
M1885,Digital Hearts,Action,Korean,Canada,2017,153.0,UA,8.0,227,80.5,135000000.0,394678159.0,Ananya Sen,Rahul,33,Cloudy,Blue,2024-09-04
M2201,Wild Frontier 84,Action,Malayalam,USA,2000,149.0,UA,6.6,198571,79.9,52000000.0,10466385.0,Arjun Rao,Kiran,15,Cloudy,Red,2025-08-19
M0099,Secret Agent,Mystery,English,Japan,2024,111.0,U,8.0,2342,62.1,100000000.0,82045518.0,Priya Kumar,Riya,48,Hot,Green,2025-12-28
M3426,The Missing Piece,Horror,Telugu,Australia,2013,128.0,UA,4.1,3329,89.6,113000000.0,507561501.0,Ananya Sen,Riya,53,Cool,Yellow,2024-06-14
M2558,Lost in Mumbai,Action,English,Canada,2024,149.0,R,9.1,618683,75.8,105000000.0,67568469.0,Ananya Sen,Meera,60,Cloudy,Red,2024-10-27
M3184,Secret Agent,Action,Hindi,UK,2011,129.0,UA,6.2,143,65.6,159000000.0,548095770.0,Ananya Sen,Riya,63,Cloudy,Red,2025-01-09
M0254,Crimson Sky 54,Action,Telugu,UK,1998,186.0,UA,6.8,207,100.0,175000000.0,239219919.0,Priya Kumar,Rahul,49,Hot,Red,2025-12-06
M0104,Code Zero,Romance,Kannada,Australia,2004,178.0,PG,5.9,107962,60.7,201000000.0,635068047.0,John Carter,Rahul,45,Cool,Black,2024-04-26
M1446,Shadow Protocol 32,Crime,Hindi,India,1995,170.0,UA,8.9,22733,53.2,191000000.0,340802941.0,David Miller,Alex,43,Cloudy,Red,2026-06-12
M1444,The Last Horizon,Action,Telugu,USA,2003,118.0,PG,5.5,20537,66.6,148000000.0,408067556.0,M. Wilson,Alex,16,Cloudy,Green,2024-09-28
M1649,Love in Monsoon 29,Crime,Japanese,South Korea,2015,150.0,PG-13,7.2,4525,41.1,54000000.0,138642312.0,Arjun Rao,Daniel,51,Cool,Black,2024-10-24
M0587,The Silent Witness 82,Animation,Malayalam,USA,2025,80.0,R,,29480,62.3,62000000.0,-500000.0,Ananya Sen,Meera,39,Cool,Blue,2025-02-25
M0628,Starlight,Crime,Korean,UK,2000,81.0,R,5.2,1800,77.1,31000000.0,145533315.0,S. Varma,Ananya,15,Sunny,Red,2025-08-10
M1697,Kingdom of Ash,Horror,Hindi,Australia,2014,96.0,A,9.5,296845,68.9,55000000.0,139386677.0,S. Varma,Sophia,40,Cloudy,Red,2025-01-04
M3192,Kingdom of Ash,Thriller,English,Australia,2005,183.0,R,5.2,1815,90.1,19000000.0,46540492.0,John Carter,Alex,18,Cool,Green,2024-06-23
M2102,A New Beginning 4,Romance,Telugu,Canada,2023,167.0,A,8.0,38754,58.9,248000000.0,498746094.0,John Carter,Riya,47,Sunny,Red,2026-06-12
M2200,After the Storm 9,Romance,Kannada,Canada,1995,140.0,UA,6.7,380,60.6,188000000.0,593974293.0,Arjun Rao,Vikram,60,Cloudy,Green,2024-12-23
M0404,The Great Escape,Drama,Malayalam,UK,2007,182.0,UA,8.0,27423,49.9,237000000.0,527154381.0,Raj Mehta,Riya,54,Sunny,Red,2026-08-22
M1155,Beyond the Valley,Sci-Fi,Telugu,UK,2017,132.0,A,4.9,1543,49.4,227000000.0,1227983390.0,Raj Mehta,Kiran,64,Sunny,Black,2026-11-27
M2256,After the Storm 75,Action,Tamil,Australia,2025,91.0,PG-13,5.9,329795,50.2,135000000.0,623667327.0,M. Wilson,Kiran,26,Rainy,Blue,2026-06-01
M2864,Midnight Train,Drama,Hindi,India,2019,106.0,PG-13,7.6,4706,62.8,87000000.0,182643315.0,John Carter,Aarav,17,Cloudy,Black,2026-10-16
M1683,Hidden Truth,Adventure,Hindi,UK,2004,188.0,UA,8.5,74268,67.5,124000000.0,461043855.0,Priya Kumar,Aarav,25,Hot,Yellow,2025-02-11
M3171,The Last Letter,Comedy,Telugu,India,2005,117.0,PG-13,7.1,2842,65.7,200000000.0,525084230.0,John Carter,Sophia,29,Sunny,Red,2026-12-20
M3402,Parallel Worlds 21,Mystery,Japanese,India,2006,130.0,U,8.0,383,63.4,21000000.0,96130869.0,Raj Mehta,Alex,25,Rainy,Blue,2025-03-19
M2057,Echoes of Time 6,Drama,Kannada,Japan,2009,101.0,PG,6.2,5902,71.8,151000000.0,435896171.0,Priya Kumar,Ananya,28,Hot,Black,2025-04-01
M3063,Road to Victory 66,Drama,Malayalam,Canada,2010,132.0,PG,8.9,316,59.8,218000000.0,635284794.0,Priya Kumar,Alex,38,Cool,Black,2026-11-14
M3447,Family Ties 16,Drama,Kannada,UK,2019,89.0,R,6.4,647,52.7,20000000.0,46035753.0,M. Wilson,Vikram,63,Cool,Blue,2025-10-10
M3109,Shadow Protocol 48,Action,English,Canada,2008,141.0,PG-13,7.5,8319,56.4,62000000.0,282685335.0,John Carter,Sophia,36,Cool,Green,2025-12-10
M0453,The Missing Piece 37,Romance,English,USA,2014,157.0,PG-13,5.9,208944,48.8,50000000.0,158724038.0,M. Wilson,Riya,45,Hot,Red,2025-06-20
M2302,The Missing Piece,Drama,Tamil,Australia,2017,113.0,R,6.8,496,67.8,129000000.0,376585564.0,David Miller,Sophia,32,Cloudy,Red,2024-11-11
M1328,After the Storm 32,,Malayalam,Australia,2003,103.0,UA,7.5,5,62.4,52000000.0,223118011.0,Priya Kumar,Aarav,36,Cool,Red,2024-04-09
M2945,The Last Horizon,drama,Japanese,Australia,2025,102.0,UA,8.4,25321,67.7,200000000.0,711815724.0,David Miller,Meera,37,Cool,Green,2026-09-18
M2050,Starlight 73,Comedy,Tamil,India,2014,94.0,A,5.5,418611,63.7,125000000.0,325838993.0,S. Varma,Riya,37,Rainy,Yellow,2026-02-14
M0881,Beyond the Valley,Thriller,English,Canada,2025,127.0,UA,7.4,413115,57.8,91000000.0,220586286.0,John Carter,Daniel,36,Sunny,Green,2025-07-11
M3532,The Last Letter 61,Comedy,Telugu,Australia,1997,155.0,PG-13,5.3,13387,93.1,232000000.0,645910370.0,M. Wilson,Alex,39,Rainy,Red,2026-09-16
M0624,Crimson Sky 44,Drama,Tamil,Canada,2004,165.0,R,7.3,90333,65.4,248000000.0,262100935.0,Raj Mehta,Vikram,44,Hot,Green,2026-03-01
M2394,Wild Frontier 7,Sci-Fi,English,Japan,2023,120.0,PG,4.6,95627,43.9,232000000.0,165611432.0,Arjun Rao,Riya,24,Sunny,Yellow,2024-07-15
M3359,Code Zero 99,Sci-Fi,Hindi,South Korea,2006,170.0,PG,7.3,685,10.8,127000000.0,396804617.0,Raj Mehta,Riya,44,Cloudy,Blue,2026-07-10
M1788,A New Beginning 67,Horror,Hindi,Canada,2002,83.0,A,7.7,2250,56.1,90000000.0,482142631.0,Ananya Sen,Kiran,53,Sunny,Green,2026-11-07
M0263,The Silent Witness 65,Romance,Japanese,Japan,2017,127.0,UA,15.0,29243,65.9,76000000.0,119848882.0,Raj Mehta,Aarav,55,Sunny,Blue,2026-11-16
M1635,The Missing Piece,Animation,Korean,France,2013,169.0,R,4.8,57291,14.9,21000000.0,108893231.0,John Carter,Rahul,50,Rainy,Black,2025-07-04
M1439,The Forgotten Code 54,Mystery,Malayalam,South Korea,2000,87.0,UA,5.1,144,99.1,181000000.0,369353833.0,John Carter,Rahul,30,Cool,Yellow,2025-10-25
M2199,Rainy Day,Horror,Telugu,India,2024,122.0,UA,6.2,63311,70.7,126000000.0,479182544.0,Raj Mehta,Vikram,43,Hot,Yellow,2025-08-07
M1970,A New Beginning,Fantasy,Hindi,South Korea,2009,88.0,R,6.5,2871,51.6,65000000.0,86826374.0,M. Wilson,Alex,44,Rainy,Green,2024-09-12
M2521,Crimson Sky 91,Fantasy,Korean,UK,1997,159.0,U,7.2,2312,64.0,187000000.0,950924046.0,Priya Kumar,Meera,58,Hot,Green,2024-12-11
M1803,Beyond the Valley,Crime,Hindi,South Korea,0,163.0,UA,4.4,631836,64.9,47000000.0,174643626.0,Raj Mehta,Meera,14,Cloudy,Green,2025-11-08
M0641,Beyond the Valley 74,Adventure,Malayalam,India,2017,94.0,R,7.9,643,56.6,169000000.0,97536476.0,Priya Kumar,Ananya,56,Cool,Black,2026-08-06
M1955,Digital Hearts 32,Horror,Korean,France,2022,117.0,R,7.9,4160,74.6,223000000.0,952134825.0,M. Wilson,Riya,35,Cloudy,Green,2025-07-01
M2386,Neon Nights,Adventure,,France,2003,99.0,PG,7.5,19647,89.2,234000000.0,485271288.0,Ananya Sen,Vikram,44,Cool,Blue,2025-03-07
M2599,Echoes of Time 44,Romance,Tamil,South Korea,2007,96.0,U,5.8,637,98.5,202000000.0,471588024.0,S. Varma,Vikram,16,Sunny,Black,2025-04-08
M3430,Lost in Mumbai,Comedy,Japanese,Australia,2015,155.0,A,5.1,1379,63.2,42000000.0,181610772.0,Priya Kumar,Rahul,33,Rainy,Black,2025-03-25
M1960,Code Zero,Comedy,Hindi,USA,2019,181.0,PG,5.0,2182,51.6,6000000.0,14260272.0,M. Wilson,Sophia,36,Sunny,Red,2026-11-23
M2977,Echoes of Time,Romance,Japanese,France,2006,148.0,PG,8.5,365691,51.4,121000000.0,508337720.0,Arjun Rao,Aarav,33,Cloudy,Blue,2025-02-11
M0489,The Missing Piece 13,Romance,Hindi,Japan,2021,149.0,A,8.2,13602,62.6,244000000.0,540733989.0,S. Varma,Ananya,40,Rainy,Red,2024-03-07
M1844,Road to Victory 18,Mystery,Korean,Australia,2014,180.0,UA,5.9,58348,81.4,152000000.0,203486870.0,Arjun Rao,Vikram,61,Rainy,Green,2024-09-18
M1735,Crimson Sky 56,Romance,Hindi,Canada,2011,122.0,PG-13,5.8,140,47.6,126000000.0,107374208.0,Arjun Rao,Aarav,53,Hot,Green,2026-02-22
M2912,Broken Compass 49,Comedy,Tamil,USA,1996,141.0,PG,9.7,13221,84.0,2000000.0,1449998.0,John Carter,Daniel,58,Cool,Yellow,2026-04-18
M3220,Dream Catcher,Sci-Fi,Tamil,Japan,2011,190.0,UA,8.3,2163,67.2,25000000.0,49425702.0,Arjun Rao,Sophia,22,Hot,Black,2024-11-15
M0147,Shadow Protocol 72,Animation,Tamil,UK,2017,121.0,UA,5.5,1281,61.2,20000000.0,42486723.0,Priya Kumar,Kiran,41,Sunny,Red,2026-10-16
M1535,Lost in Mumbai 22,Horror,Kannada,USA,2018,125.0,R,5.8,788,29.5,194000000.0,243999535.0,Ananya Sen,Alex,27,Rainy,Black,2026-03-25
M1987,Echoes of Time 71,Animation,Korean,India,202,87.0,R,7.4,1179,34.6,128000000.0,584665702.0,John Carter,Riya,45,Hot,Yellow,2024-01-08
M1370,City of Dreams 96,Horror,Hindi,,2013,81.0,U,6.1,9986,74.6,211000000.0,587231247.0,Ananya Sen,Meera,34,Hot,Green,2026-12-20
M2451,Love in Monsoon 54,Fantasy,Malayalam,Japan,2017,,U,6.4,229897,68.8,29000000.0,130774245.0,Ananya Sen,Rahul,27,Hot,Green,2026-10-01
M3554,Midnight Train,Crime,Hindi,Australia,2003,174.0,UA,6.3,161,52.3,51000000.0,196304844.0,Arjun Rao,Rahul,25,Rainy,Red,2025-11-08
M3003,Kingdom of Ash,Animation,Korean,France,1995,174.0,PG,6.8,177,47.1,80000000.0,167121170.0,John Carter,Meera,15,Hot,Red,2025-01-24
M2812,Code Zero,Mystery,Korean,UK,2008,78.0,PG-13,8.5,65862,66.3,160000000.0,553582192.0,Arjun Rao,Daniel,35,Cool,Black,2025-04-14
M0660,Road to Victory,Action,Telugu,Canada,2010,172.0,PG,7.3,68828,80.6,52000000.0,165307262.0,John Carter,Kiran,35,Cloudy,Black,2026-12-04
M1795,Wild Frontier 64,Crime,Tamil,India,2012,179.0,UA,6.2,23935,78.7,69000000.0,227805733.0,Raj Mehta,Vikram,63,Cool,Green,2024-03-27
M2512,Echoes of Time,Thriller,Hindi,Australia,2024,130.0,PG-13,6.6,5339,71.9,118000000.0,95295820.0,Ananya Sen,Alex,41,Cool,Yellow,2025-04-15
M0187,Neon Nights,Fantasy,Malayalam,UK,2017,157.0,UA,5.2,75602,39.1,239000000.0,620624465.0,Priya Kumar,Meera,52,Sunny,Green,2024-08-05
M1148,Secret Agent,Comedy,Telugu,France,1995,189.0,A,6.3,622,58.9,89000000.0,380566136.0,Raj Mehta,Kiran,64,Rainy,Black,2026-06-18
M3273,Family Ties 19,Mystery,Malayalam,Japan,2006,115.0,PG-13,6.9,1358,49.9,179000000.0,821375752.0,Priya Kumar,Kiran,61,Hot,Black,2026-06-12
M0609,Crimson Sky,Adventure,Korean,USA,2025,143.0,U,6.7,82669,32.1,169000000.0,458191463.0,Priya Kumar,Vikram,30,Rainy,Black,2025/08/21
M2192,City of Dreams 56,Drama,Tamil,South Korea,2009,163.0,A,5.1,358860,58.6,113000000.0,127158348.0,John Carter,Vikram,39,Cloudy,Blue,2025-07-01
M2800,Neon Nights,Fantasy,,India,2004,165.0,R,8.9,95928,47.0,141000000.0,769466761.0,David Miller,Alex,28,Rainy,Blue,2024-03-13
M1931,Golden Promise 40,Comedy,Telugu,USA,2002,170.0,UA,9.8,573020,73.7,205000000.0,681460027.0,S. Varma,Alex,51,Cloudy,Green,2024-01-14
M3030,The Silent Witness,Action,Hindi,France,2025,142.0,A,6.1,95089,64.8,189000000.0,206655711.0,Ananya Sen,Aarav,55,Rainy,Red,2026-08-15
M0198,The Last Horizon 45,Comedy,Korean,UK,2011,162.0,PG,8.0,127,90.4,114000000.0,156915580.0,Arjun Rao,Ananya,37,Sunny,Blue,2024-06-12
M2932,Parallel Worlds 63,,Korean,Canada,1997,155.0,U,6.1,69936,100.0,111000000.0,281852134.0,Raj Mehta,Ananya,62,Rainy,Red,2024-10-15
M2328,Family Ties 17,Comedy,Kannada,South Korea,2014,100.0,R,5.7,128242,87.7,41000000.0,102015542.0,Arjun Rao,Meera,56,Hot,Red,2026-03-24
M0294,Love in Monsoon 10,Romance,Kannada,Australia,2016,158.0,PG,7.9,2113,77.7,61000000.0,275632959.0,Priya Kumar,Alex,55,Cloudy,Yellow,2024-10-19
M0767,Road to Victory,Action,Tamil,India,2002,127.0,U,7.4,419544,37.0,192000000.0,983892375.0,Raj Mehta,Vikram,41,Rainy,Green,2024-06-12
M0401,Echoes of Time 39,Sci-Fi,Japanese,Canada,1995,171.0,UA,5.1,2316,45.6,38000000.0,163615221.0,Priya Kumar,Daniel,49,Cloudy,Black,2026-06-03
M0123,Lost in Mumbai,Romance,Kannada,South Korea,2004,96.0,U,4.9,277,90.6,42000000.0,157892193.0,,Ananya,53,Cool,Green,2024-11-10
M3256,The Last Letter 20,Mystery,Telugu,Japan,2016,160.0,A,5.2,374407,50.0,83000000.0,391619428.0,Priya Kumar,Rahul,45,Sunny,Yellow,2025-07-27
M0203,Code Zero,Comedy,English,USA,2012,162.0,U,7.5,112,58.8,45000000.0,29393784.0,John Carter,Ananya,15,Sunny,Black,2026-05-21
M0836,A New Beginning,Drama,Telugu,South Korea,2019,109.0,PG-13,5.6,3720,99.9,245000000.0,1197636074.0,Ananya Sen,Alex,61,Rainy,Red,2026-06-26
M2295,Crimson Sky,Action,Kannada,South Korea,1999,118.0,PG-13,7.0,358,44.3,212000000.0,834308601.0,S. Varma,Riya,41,Rainy,Blue,2025-01-11
M1440,Dream Catcher,Fantasy,Telugu,Japan,2025,,PG,7.9,504910,42.6,215000000.0,348439770.0,Priya Kumar,Alex,35,Cool,Red,Aug 21 2025
M1734,The Forgotten Code 70,Fantasy,Malayalam,Japan,2015,86.0,UA,9.2,68874,47.3,75000000.0,15284951.0,M. Wilson,Riya,62,Cool,Red,2025-08-28
M1696,City of Dreams 59,Crime,Hindi,Japan,2010,120.0,UA,7.0,410,86.9,159000000.0,613787784.0,John Carter,Daniel,65,Hot,Blue,2025-05-01
M3543,Love in Monsoon 48,Sci-Fi,Tamil,South Korea,2021,114.0,PG-13,6.6,3371,58.3,33000000.0,179737268.0,Raj Mehta,Daniel,65,Hot,Green,2024-05-10
M1708,Love in Monsoon 21,Action,Korean,France,1999,96.0,PG,9.8,84070,77.0,74000000.0,393151605.0,Raj Mehta,Riya,33,Sunny,Green,2025-12-19
M3527,Secret Agent,Drama,Telugu,France,2018,82.0,PG-13,5.5,1029,70.3,178000000.0,550930332.0,Arjun Rao,Sophia,37,Cool,Green,2026-01-14
M1154,Echoes of Time 49,Romance,Malayalam,South Korea,2015,127.0,U,7.5,76315,53.2,161000000.0,86635894.0,M. Wilson,Meera,41,Cool,Green,2025-03-02
M1662,Hidden Truth 96,Animation,Tamil,India,2017,117.0,PG-13,4.0,368723,58.0,188000000.0,404569603.0,John Carter,Riya,26,Cloudy,Yellow,2024-10-25
M2433,Code Zero 74,Action,Kannada,UK,2016,122.0,R,9.7,50504,37.0,187000000.0,624319687.0,John Carter,Alex,24,Rainy,Blue,2026-02-21
M3409,Dream Catcher,,Hindi,Japan,1997,119.0,A,6.4,7664,43.2,190000000.0,396177201.0,Priya Kumar,Riya,48,Cloudy,Yellow,2025-12-26
M1760,The Silent Witness,Drama,English,South Korea,1998,137.0,U,5.9,277,72.2,76000000.0,180734932.0,S. Varma,Meera,47,Rainy,Blue,2025-11-08
M0855,Broken Compass,Animation,Kannada,South Korea,2012,119.0,A,4.5,436360,57.2,22000000.0,18233863.0,Priya Kumar,Meera,56,Hot,Blue,2024-10-19
M1590,Lost in Mumbai,Sci-Fi,Telugu,South Korea,2003,109.0,A,5.8,491417,72.3,56000000.0,50547986.0,M. Wilson,Aarav,18,Rainy,Blue,2026-12-10
M2268,City of Dreams,Sci-Fi,Korean,Japan,1999,139.0,U,7.0,344811,45.2,242000000.0,1054037638.0,Ananya Sen,Meera,47,Cloudy,Black,2025-02-19
M0642,Dream Catcher 37,Sci-Fi,Tamil,South Korea,2009,120.0,R,3.5,146194,69.0,205000000.0,949124870.0,Arjun Rao,Daniel,39,Cloudy,Blue,2026-02-03
M0002,Road to Victory 59,Crime,Malayalam,India,1995,146.0,UA,6.5,168,60.3,51000000.0,244327412.0,S. Varma,Sophia,30,Rainy,Red,2025-02-03
M2161,Neon Nights 3,Mystery,Telugu,Australia,2017,162.0,A,8.0,346,83.0,159000000.0,845998221.0,M. Wilson,Daniel,54,Hot,Green,2026-04-28
M0699,The Final Mission 2,Fantasy,Telugu,Australia,2020,161.0,R,5.8,2808,65.8,105000000.0,533406617.0,Arjun Rao,Aarav,26,Rainy,Black,2026-09-25
M3555,Family Ties,Drama,Malayalam,South Korea,1995,159.0,PG,7.4,582444,32.6,133000000.0,643779885.0,Ananya Sen,Alex,60,Sunny,Black,2024-03-03
M3000,Midnight Train,Crime,Kannada,USA,2019,90.0,A,7.7,18782,43.5,95000000.0,297405666.0,S. Varma,Ananya,63,Sunny,Yellow,2025-10-18
M1637,Code Zero,Comedy,Malayalam,Canada,2017,136.0,U,7.4,698661,52.0,217000000.0,1131135502.0,Arjun Rao,Alex,24,Rainy,Blue,2026-06-14
M3185,Lost in Mumbai,Horror,Malayalam,UK,2023,90.0,PG,6.5,14607,91.9,238000000.0,1056504873.0,S. Varma,Kiran,39,Sunny,Red,2025-08-27
M1292,Parallel Worlds,Sci-Fi,English,France,2011,82.0,PG,5.3,446,100.0,104000000.0,564380650.0,Ananya Sen,Alex,48,Rainy,Green,2025-09-17
M3552,After the Storm 19,Mystery,English,France,2012,90.0,A,,191693,78.0,128000000.0,542414004.0,Ananya Sen,Ananya,55,Cool,Green,2025-04-26
M2490,The Last Letter,Sci-Fi,Telugu,Japan,2003,134.0,R,7.4,270,90.4,8000000.0,28215867.0,Arjun Rao,Meera,31,Rainy,Blue,2026-07-25
M1521,Lost in Mumbai 31,Animation,English,UK,2001,87.0,PG,5.7,432415,98.7,125000000.0,83968949.0,John Carter,Riya,32,Cool,Green,2026-08-22
M1854,Hidden Truth 8,Thriller,English,Canada,2009,172.0,A,9.5,173656,55.6,102000000.0,47037337.0,S. Varma,Meera,56,Cloudy,Green,2026-02-18
M1137,Rainy Day 70,Sci-Fi,English,Japan,2024,79.0,R,7.4,165,60.6,179000000.0,496521258.0,Raj Mehta,Sophia,28,Hot,Black,2025-07-26
M3305,Beyond the Valley,Horror,Malayalam,USA,2000,117.0,U,5.4,114730,69.6,210000000.0,412014310.0,Raj Mehta,Sophia,35,Hot,Red,2026-05-03
M3511,Golden Promise 40,Fantasy,Kannada,Canada,2013,113.0,PG,7.4,6206,100.0,224000000.0,1122339467.0,S. Varma,Ananya,61,Hot,Yellow,2026-03-12
M1632,Journey Home,Comedy,Japanese,Canada,1997,122.0,R,5.3,156,51.3,245000000.0,397647348.0,Arjun Rao,Rahul,44,Sunny,Green,2025-01-12
M1999,Hidden Truth 37,Romance,Malayalam,Japan,2022,160.0,R,6.9,67513,82.3,112000000.0,281238269.0,M. Wilson,Ananya,18,Hot,Red,2024-04-08
M0664,Rainy Day 20,Thriller,Telugu,South Korea,1996,143.0,U,7.4,159,66.0,61000000.0,175400416.0,Ananya Sen,Ananya,47,Sunny,Blue,2026-06-21
M0684,Ocean of Stars 44,Action,Tamil,South Korea,2003,88.0,UA,7.8,57284,42.0,27000000.0,92692061.0,Arjun Rao,Riya,26,Cool,Blue,2025-04-18
M1258,The Great Escape,Thriller,English,India,2005,187.0,R,7.9,572310,73.4,65000000.0,,S. Varma,Daniel,32,Cloudy,Green,2026-08-11
M3423,Dream Catcher,Comedy,Japanese,South Korea,2016,77.0,R,5.2,24931,74.6,92000000.0,370763994.0,John Carter,Daniel,16,Sunny,Red,2026-08-27
M0318,Shadow Protocol 50,Mystery,Tamil,Canada,2022,78.0,A,6.7,11835,64.3,124000000.0,640337260.0,S. Varma,Sophia,46,Cool,Blue,2026-05-08
M0649,The Final Mission 52,Horror,Malayalam,Japan,1999,173.0,PG,4.6,1860,51.4,169000000.0,672094928.0,David Miller,Kiran,64,Cloudy,Blue,2025-11-27
M1435,Ocean of Stars 17,Fantasy,Malayalam,France,2000,115.0,A,5.6,310,67.7,176000000.0,529148956.0,Ananya Sen,Sophia,59,Rainy,Black,2026-01-04
M1480,A New Beginning 77,Comedy,,India,2002,176.0,PG-13,6.7,89562,48.2,75000000.0,330668488.0,Arjun Rao,Riya,29,Sunny,Black,2024-01-19
M0710,Love in Monsoon 35,Drama,Hindi,USA,2024,151.0,PG,9.8,2471,89.9,32000000.0,66402641.0,Priya Kumar,Ananya,38,Sunny,Black,2024-07-03
M1283,Ocean of Stars,Romance,Kannada,France,2025,168.0,A,7.3,29604,60.4,13000000.0,52280666.0,Raj Mehta,Meera,23,Rainy,Red,2025-08-06
M1769,Shadow Protocol 82,Animation,Japanese,India,2002,83.0,PG,8.0,386,74.9,173000000.0,69984603.0,,Rahul,26,Cloudy,Red,2024-03-07
M0973,Neon Nights 95,Mystery,English,Australia,2010,152.0,UA,3.1,3119,100.0,181000000.0,841193341.0,Raj Mehta,Riya,24,Rainy,Green,2024-09-19
M2676,The Missing Piece 75,Sci-Fi,Japanese,USA,1998,101.0,PG-13,8.0,1163,100.0,28000000.0,41884912.0,Ananya Sen,Vikram,19,Rainy,Blue,2025-05-05
M2681,City of Dreams 67,Romance,Korean,Canada,2017,158.0,UA,7.8,769042,53.6,50000000.0,30304250.0,Ananya Sen,Alex,56,Hot,Blue,2024-07-25
M1307,Midnight Train,Mystery,Korean,India,1995,169.0,A,6.0,28265,50.3,202000000.0,928933328.0,Ananya Sen,Aarav,53,Cool,Yellow,2025-09-09
M1401,Broken Compass,Comedy,Malayalam,Australia,2014,107.0,PG-13,6.7,360,75.1,137000000.0,310168521.0,Arjun Rao,Riya,43,Cool,Black,2024-07-19
M1409,City of Dreams 63,Fantasy,Korean,USA,2025,172.0,R,7.0,13493,100.0,189000000.0,397834847.0,Raj Mehta,Rahul,61,Cloudy,Yellow,2024-01-21
M3297,The Silent Witness 22,Animation,Tamil,Canada,2000,151.0,PG-13,5.6,111539,59.8,41000000.0,87250709.0,Arjun Rao,Ananya,45,Cloudy,Red,2026-03-07
M2238,Family Ties 95,Mystery,Kannada,UK,2018,173.0,UA,8.5,36277,100.0,78000000.0,221069575.0,M. Wilson,Meera,31,Cool,Black,2025-01-02
M3303,Ocean of Stars,Crime,Malayalam,South Korea,2012,128.0,PG,5.0,305,63.6,224000000.0,454444392.0,M. Wilson,Daniel,42,Cloudy,Red,2026-10-04
M1497,Starlight 74,Fantasy,Malayalam,UK,2024,88.0,UA,6.5,223,86.6,207000000.0,521690058.0,Ananya Sen,Sophia,30,Rainy,Green,2024-05-24
M3420,Family Ties 16,Comedy,Kannada,USA,2024,187.0,U,7.1,77889,81.0,106000000.0,491115304.0,Arjun Rao,Sophia,44,Cool,Black,2024-04-19
M2039,City of Dreams 29,Adventure,Telugu,Japan,2016,148.0,UA,7.7,133,56.1,103000000.0,62142983.0,M. Wilson,Kiran,57,Rainy,Green,2025-04-08
M1530,The Silent Witness,Animation,Kannada,USA,1996,174.0,A,6.1,100128,54.5,76000000.0,122178684.0,John Carter,Kiran,38,Cool,Yellow,2024-01-12
M1664,The Last Horizon 7,Fantasy,Tamil,Japan,2014,109.0,PG,4.8,155723,86.6,135000000.0,54449342.0,M. Wilson,Daniel,45,Sunny,Yellow,2025-08-21
M1355,Wild Frontier,Crime,Korean,Australia,2013,106.0,PG-13,7.4,2970,63.9,193000000.0,302740207.0,M. Wilson,Rahul,15,Cool,Yellow,2025-04-03
M3539,The Last Letter 8,Sci-Fi,Telugu,India,1997,86.0,PG-13,6.9,457371,74.8,99000000.0,23783216.0,David Miller,Riya,65,Rainy,Green,2024-08-27
M3565,Hidden Truth 45,Romance,Kannada,South Korea,2004,122.0,UA,6.6,1443,75.1,91000000.0,131088340.0,Ananya Sen,Meera,23,Cloudy,Black,2025-08-28
M1644,Beyond the Valley 61,Fantasy,Tamil,Canada,2018,174.0,U,5.4,234,88.9,39000000.0,209512507.0,S. Varma,Kiran,57,Sunny,Black,2025-05-24
M1052,Dream Catcher 28,Fantasy,Telugu,France,2010,126.0,U,6.3,719,38.0,120000000.0,24144396.0,Ananya Sen,Vikram,53,Sunny,Green,2025-01-12
M0796,Family Ties 27,Mystery,Hindi,Canada,2021,98.0,U,9.1,107868,81.3,188000000.0,896699042.0,S. Varma,Riya,44,Cool,Yellow,2024-12-06
M2694,Mystery Lake,Thriller,Japanese,Australia,2001,162.0,R,7.3,14453,76.6,143000000.0,303181863.0,David Miller,Rahul,46,Sunny,Yellow,2024-02-26
M3061,The Last Letter,Mystery,Tamil,USA,2022,162.0,PG-13,6.8,3597,54.5,121000000.0,111981349.0,John Carter,Rahul,41,Sunny,Yellow,2026-07-22
M1598,After the Storm 43,Animation,Japanese,France,2024,169.0,PG-13,8.1,2997,64.1,155000000.0,646899700.0,M. Wilson,Meera,41,Cool,Red,2025-07-01
M2605,Broken Compass 85,Crime,Japanese,Japan,2003,131.0,R,5.5,1811,85.7,187000000.0,471499567.0,Arjun Rao,Sophia,28,Sunny,Blue,2025-06-26
M2730,Broken Compass 93,Drama,Hindi,Australia,2015,110.0,R,6.9,278018,65.5,228000000.0,1201511851.0,M. Wilson,Riya,56,Hot,Yellow,2026-02-13
M2626,A New Beginning,Romance,Malayalam,France,2006,93.0,U,7.6,273930,58.4,6000000.0,25293512.0,Arjun Rao,Kiran,51,Hot,Yellow,2025-04-15
M1820,Lost in Mumbai 63,Fantasy,Japanese,UK,2012,88.0,PG,4.0,256404,71.7,35000000.0,80270695.0,Priya Kumar,Alex,44,Hot,Green,2024-09-27
M3158,Love in Monsoon,Crime,Japanese,India,2011,127.0,PG,6.2,566,43.7,199000000.0,254839065.0,Ananya Sen,Alex,63,Rainy,Blue,2024-03-20
M3315,The Last Horizon 48,Adventure,Japanese,Japan,2006,122.0,U,6.1,91145,36.7,202000000.0,737235859.0,S. Varma,Rahul,13,Hot,Black,2025/08/21
M1723,Golden Promise,Fantasy,Korean,UK,2020,100.0,A,7.5,1517,50.5,152000000.0,564006770.0,John Carter,Vikram,60,Cool,Red,2025-12-10
M1184,The Silent Witness,,Korean,France,2019,119.0,U,7.1,1267,43.2,103000000.0,172910625.0,Priya Kumar,Alex,45,Hot,Black,2026-08-09
M2573,Ocean of Stars,Romance,Korean,Canada,2006,94.0,R,5.2,255036,45.0,56000000.0,247745935.0,Arjun Rao,Daniel,62,Sunny,Yellow,2026-03-03
M1060,Family Ties,Sci-Fi,English,South Korea,2025,140.0,A,5.8,12630,81.5,77000000.0,420290554.0,Arjun Rao,Vikram,48,Rainy,Red,2024-08-05
M0541,Secret Agent 52,Horror,English,Australia,2020,154.0,R,6.5,1345,97.0,171000000.0,849945388.0,John Carter,Riya,23,Sunny,Yellow,2026-12-10
M3243,Secret Agent,Animation,Japanese,UK,2005,91.0,PG-13,5.3,8828,97.1,211000000.0,1021443183.0,Raj Mehta,Vikram,28,Cool,Black,2025-07-06
M1679,Parallel Worlds,Animation,Korean,South Korea,2023,104.0,PG-13,7.0,447,65.5,58000000.0,,M. Wilson,Aarav,28,Cloudy,Blue,2025-08-11
M2797,Hidden Truth 61,Adventure,English,South Korea,1997,124.0,PG-13,8.8,8184,75.0,67000000.0,23647445.0,Arjun Rao,Riya,26,Cloudy,Red,2026-12-16
M3560,Crimson Sky,Animation,Kannada,Australia,1996,77.0,A,5.7,271380,96.7,56000000.0,302005578.0,Ananya Sen,Alex,62,Hot,Red,2026-05-28
M2533,Lost in Mumbai 91,Thriller,Kannada,UK,2005,141.0,PG-13,7.0,55989,97.2,128000000.0,202062682.0,S. Varma,Riya,34,Sunny,Green,2024-07-20
M1758,Kingdom of Ash,Romance,Tamil,UK,2006,132.0,PG-13,7.2,3474,57.7,16000000.0,44939932.0,Priya Kumar,Alex,31,Cloudy,Red,2024-02-11
M1924,The Great Escape 55,,Hindi,Japan,1999,120.0,UA,9.3,57491,100.0,132000000.0,150566291.0,Priya Kumar,Vikram,57,Sunny,Black,2026-10-11
M0096,Hidden Truth 11,Thriller,Japanese,Australia,2020,110.0,U,5.8,1394,100.0,152000000.0,295172157.0,Raj Mehta,Sophia,31,Sunny,Blue,2026-10-17
M1021,Road to Victory 35,Fantasy,Hindi,UK,2016,100.0,PG-13,5.1,9309,72.0,115000000.0,213279644.0,S. Varma,Riya,48,Sunny,Red,2024-03-10
M0564,Mystery Lake 71,Drama,Telugu,Australia,2013,130.0,A,8.0,1412,75.3,132000000.0,36414968.0,Priya Kumar,Daniel,36,Sunny,Yellow,2026-11-22
M3313,The Last Letter 26,Adventure,Hindi,South Korea,2019,167.0,PG-13,6.4,124880,96.4,16000000.0,68413170.0,David Miller,Aarav,31,Cool,Yellow,2024-01-23
M2791,Secret Agent,Fantasy,Malayalam,Australia,2003,125.0,UA,6.1,14300,100.0,101000000.0,318716065.0,Arjun Rao,Meera,20,Rainy,Green,2024-06-13
M0864,The Last Letter 94,Action,Malayalam,France,2012,166.0,R,5.3,409,57.1,7000000.0,32092909.0,Raj Mehta,Sophia,38,Cool,Black,2025-02-04
M1485,Parallel Worlds 5,Fantasy,Kannada,France,2005,172.0,PG-13,4.8,2255,100.0,62000000.0,257684169.0,John Carter,Daniel,50,Cloudy,Black,2025-08-05
M2940,Broken Compass 57,Crime,Japanese,India,2016,158.0,PG-13,5.1,14998,77.2,157000000.0,827626873.0,Priya Kumar,Rahul,61,Hot,Green,2026-02-01
M1882,Golden Promise 76,Animation,Japanese,UK,2008,164.0,R,5.9,5387,46.5,170000000.0,188163333.0,John Carter,Aarav,48,Cool,Yellow,2024-12-04
M1039,Family Ties 69,Horror,Kannada,India,2019,109.0,PG,7.5,257,81.8,53000000.0,246234049.0,S. Varma,Meera,51,Rainy,Green,2024-12-03
M0207,Shadow Protocol,Action,Kannada,France,2019,186.0,A,4.2,1410,98.9,69000000.0,360649374.0,Arjun Rao,Daniel,58,Cool,Blue,2025-08-17
M0393,Shadow Protocol 22,Thriller,Hindi,India,2005,173.0,PG-13,6.2,75504,47.3,113000000.0,307687257.0,Arjun Rao,Ananya,47,Cloudy,Yellow,2025-05-05
M2843,Digital Hearts,Romance,Malayalam,France,2024,146.0,PG-13,5.3,1490,28.3,27000000.0,99362600.0,Arjun Rao,Vikram,48,Sunny,Green,2024-02-13
M0871,Shadow Protocol,Horror,Japanese,Australia,2002,94.0,PG-13,6.6,197258,71.2,72000000.0,199102250.0,Raj Mehta,Kiran,27,Rainy,Green,2026-01-13
M0398,Love in Monsoon 85,Comedy,Malayalam,Australia,2011,88.0,PG,8.4,182,96.2,104000000.0,306546501.0,,Ananya,52,Rainy,Yellow,2024-08-13
M2815,Crimson Sky 57,Romance,Kannada,UK,2003,108.0,A,7.4,6076,54.2,68000000.0,131909334.0,M. Wilson,Daniel,43,Hot,Black,2025-04-15
M3489,The Silent Witness,Romance,,France,2004,77.0,U,7.1,134,78.5,125000000.0,685355212.0,Priya Kumar,Aarav,30,Sunny,Blue,2025-01-17
M3290,Shadow Protocol 93,Drama,Malayalam,Japan,2016,184.0,A,6.2,18228,75.6,235000000.0,628193107.0,David Miller,Vikram,29,Cool,Red,2024-05-08
M1029,Lost in Mumbai,Crime,,Japan,2002,115.0,A,7.4,488105,48.5,238000000.0,908556559.0,Ananya Sen,Sophia,46,Hot,Green,2025-10-14
M2691,The Great Escape 43,Fantasy,English,Japan,2002,113.0,U,7.3,21221,48.1,160000000.0,281705555.0,Priya Kumar,Sophia,59,Hot,Yellow,21/08/2025
M1486,Hidden Truth,Thriller,English,UK,2017,81.0,R,7.1,1976,73.3,25000000.0,103638587.0,Arjun Rao,Kiran,22,Rainy,Red,2026-08-20
M2661,The Silent Witness,Crime,Tamil,UK,1997,139.0,U,8.6,217178,27.8,92000000.0,493440655.0,Arjun Rao,Sophia,20,Cloudy,Yellow,2025-08-16
M0961,Midnight Train,Comedy,Hindi,India,2014,142.0,U,6.5,144622,100.0,189000000.0,989948726.0,Raj Mehta,Sophia,18,Cloudy,Green,2024-12-05
M1571,The Last Letter,Horror,Korean,South Korea,1997,144.0,PG,6.8,8208,80.5,193000000.0,161088989.0,M. Wilson,Vikram,56,Hot,Red,2025-09-26
M2774,After the Storm 34,Romance,Japanese,UK,1996,112.0,PG,5.4,115,99.3,1000000.0,3335844.0,Raj Mehta,Riya,54,Cool,Black,2025-12-16
M1896,Love in Monsoon,Fantasy,Korean,Japan,2001,116.0,U,8.6,12968,70.7,154000000.0,295163550.0,John Carter,Meera,20,Cool,Yellow,2024-01-02
M2732,  ECHOES OF TIME 63  ,Adventure,Telugu,USA,2024,89.0,PG-13,6.2,37583,72.8,241000000.0,461505673.0,David Miller,Alex,20,Rainy,Black,2026-10-21
M2147,Chasing Tomorrow 63,Comedy,Telugu,UK,1998,75.0,PG,8.1,153,47.9,218000000.0,296973769.0,Raj Mehta,Aarav,48,Rainy,Red,2026-04-21
M0805,Starlight,Adventure,Korean,India,1997,84.0,U,6.0,167041,54.2,19000000.0,32570752.0,David Miller,Riya,60,Cool,Black,2024-10-28
M1752,Golden Promise 21,Animation,Korean,India,2015,81.0,PG,8.0,256,67.5,177000000.0,807126020.0,Arjun Rao,Aarav,37,Cloudy,Black,2025-04-08
M2455,Broken Compass 41,Crime,Tamil,Canada,2019,184.0,U,,772759,60.2,128000000.0,249161383.0,Raj Mehta,Kiran,45,Hot,Red,2024-01-27
M0503,Echoes of Time 42,Action,Telugu,Australia,2017,142.0,A,7.4,304508,92.5,111000000.0,283040462.0,Priya Kumar,Rahul,31,Cloudy,Yellow,2025-09-11
M3120,Crimson Sky 59,Crime,English,Japan,2016,79.0,PG-13,8.1,1359,83.0,25000000.0,45210927.0,John Carter,Kiran,23,Cool,Blue,2025-04-20
M3105,Crimson Sky,Fantasy,Tamil,India,2021,148.0,A,8.6,1340,73.2,70000000.0,165741870.0,Arjun Rao,Sophia,19,Rainy,Red,2026-03-01
M2978,Family Ties 12,Adventure,Japanese,Japan,1996,78.0,U,7.3,3256,59.7,204000000.0,663819240.0,Raj Mehta,Aarav,41,Hot,Yellow,2025-03-17
M0780,Chasing Tomorrow,Mystery,Kannada,Australia,2014,175.0,A,5.4,233536,77.5,93000000.0,455355454.0,Raj Mehta,Vikram,36,Sunny,Green,2024-10-01
M1864,Code Zero,Action,Telugu,UK,2022,184.0,UA,5.8,23191,68.8,135000000.0,91131533.0,John Carter,Rahul,17,Cloudy,Green,2025-07-06
M0201,The Forgotten Code 78,Crime,Malayalam,India,1999,106.0,R,6.5,65928,57.5,71000000.0,336198580.0,John Carter,Ananya,46,Cool,Yellow,2024-12-13
M2183,Neon Nights 22,Adventure,Malayalam,Australia,2011,172.0,U,8.4,44495,79.3,80000000.0,100125882.0,Priya Kumar,Vikram,15,Rainy,Blue,2026-04-27
M3100,The Final Mission 46,Drama,Japanese,UK,2001,78.0,PG,8.6,9000,31.6,220000000.0,1188558024.0,Arjun Rao,Kiran,49,Sunny,Blue,2026-06-08
M2089,Golden Promise 77,Animation,Japanese,India,2019,108.0,U,6.8,8054,60.0,101000000.0,32281558.0,John Carter,Sophia,36,Hot,Blue,2024-10-23
M3066,The Silent Witness,Drama,Malayalam,France,2003,77.0,A,7.1,699168,43.6,138000000.0,97997676.0,Arjun Rao,Ananya,41,Sunny,Black,2025-01-19
M2279,Echoes of Time,Romance,Telugu,Japan,2004,153.0,U,8.2,40877,88.3,243000000.0,1262232596.0,M. Wilson,Riya,51,Hot,Blue,2024-10-08
M1797,Golden Promise 32,Action,Japanese,Canada,2011,122.0,U,6.5,46353,61.2,242000000.0,895848954.0,M. Wilson,Vikram,59,Sunny,Black,2024-09-28
M0379,The Last Horizon,Fantasy,Tamil,Canada,2010,144.0,PG-13,6.9,588424,75.6,207000000.0,515893422.0,M. Wilson,Meera,39,Hot,Blue,2026-10-01
M2337,Neon Nights,Adventure,Malayalam,India,2023,124.0,A,5.7,255,100.0,56000000.0,192986885.0,Arjun Rao,Aarav,64,Rainy,Black,2025-09-08
M0419,Hidden Truth 44,Action,Malayalam,South Korea,1997,110.0,UA,7.7,30444,72.6,199000000.0,842554885.0,M. Wilson,Riya,44,Rainy,Yellow,2025-03-21
M1699,The Last Letter 35,Comedy,Malayalam,India,2000,137.0,U,6.4,1882,67.3,176000000.0,616627703.0,Ananya Sen,Kiran,33,Sunny,Red,2026-06-11
M0392,The Forgotten Code 7,Comedy,Malayalam,India,2016,183.0,PG-13,8.3,241,61.8,153000000.0,426514738.0,John Carter,Ananya,33,Rainy,Red,2025-05-18
M2641,Midnight Train,Animation,English,India,2015,118.0,R,7.6,163062,55.5,232000000.0,330364265.0,John Carter,Riya,42,Hot,Blue,2026-08-08
M1523,The Final Mission 59,Mystery,Korean,Canada,2009,128.0,UA,8.5,418,34.7,110000000.0,586356926.0,M. Wilson,Riya,58,Rainy,Green,2024-12-18
M1163,The Last Letter 56,Romance,Tamil,USA,2018,181.0,PG-13,5.9,9324,98.1,126000000.0,30110363.0,David Miller,Kiran,56,Cloudy,Black,2024-06-08
M3135,City of Dreams 34,Fantasy,Japanese,Canada,2007,189.0,R,7.8,462,57.2,44000000.0,90994321.0,Priya Kumar,Daniel,20,Cloudy,Green,2025-07-28
M1496,Parallel Worlds,Thriller,Japanese,Australia,2011,184.0,U,,58465,58.7,217000000.0,990788505.0,David Miller,Alex,16,Rainy,Green,2024-01-14
M2696,Starlight 45,Horror,Malayalam,USA,2022,168.0,PG-13,8.4,140,87.7,25000000.0,85232628.0,David Miller,Sophia,47,Cool,Red,2024-05-25
M2028,Golden Promise 45,Thriller,Japanese,Australia,2003,113.0,UA,7.4,4196,62.9,49000000.0,165901168.0,S. Varma,Sophia,43,Sunny,Green,2025-12-28
M1153,Parallel Worlds 82,Crime,Hindi,Japan,2007,142.0,U,8.3,97072,44.4,15000000.0,76887576.0,M. Wilson,Rahul,62,Rainy,Yellow,2024-10-15
M1368,Code Zero,Fantasy,Kannada,South Korea,2000,89.0,PG-13,7.7,30749,62.2,221000000.0,983378676.0,Priya Kumar,Ananya,31,Hot,Green,2025-08-26
M2569,The Missing Piece,Fantasy,Telugu,South Korea,2019,169.0,A,7.6,45026,69.6,192000000.0,863695671.0,John Carter,Aarav,61,Rainy,Yellow,2025-02-17
M0065,Chasing Tomorrow,Animation,Korean,Japan,2015,85.0,R,7.4,130562,100.0,219000000.0,798213134.0,M. Wilson,Kiran,15,Cool,Blue,2024-11-22
M2063,Mystery Lake 79,,Telugu,UK,2010,163.0,A,7.4,24242,79.2,50000000.0,227377634.0,David Miller,Meera,62,Cloudy,Black,2024-01-06
M1181,The Great Escape,Romance,Korean,Australia,2001,168.0,R,3.8,290869,55.1,45000000.0,222203142.0,Arjun Rao,Ananya,64,Hot,Black,2025-01-01
M3113,Wild Frontier 97,Mystery,Japanese,UK,2016,130.0,U,5.2,2269,68.7,89000000.0,457121741.0,David Miller,Aarav,29,Cool,Black,2024-01-27
M0493,Secret Agent,Thriller,Hindi,Australia,2015,115.0,PG,5.6,172664,86.7,226000000.0,382406091.0,S. Varma,Sophia,58,Hot,Blue,2024-12-09
M0380,Parallel Worlds,Animation,Tamil,India,2002,187.0,UA,6.9,5193,25.5,141000000.0,107163218.0,David Miller,Aarav,54,Cloudy,Blue,2024-01-22
M2236,Ocean of Stars,Fantasy,English,South Korea,2023,168.0,U,5.0,686313,84.6,187000000.0,309096355.0,Raj Mehta,Meera,59,Cool,Blue,2024-07-04
M0764,The Forgotten Code,Fantasy,Telugu,South Korea,2018,153.0,R,7.3,15811,86.8,238000000.0,835488160.0,Raj Mehta,Riya,15,Hot,Yellow,2024-11-12
M2265,The Last Letter,Animation,Tamil,Australia,2008,114.0,PG-13,5.2,1556,66.7,78000000.0,148492588.0,Priya Kumar,Alex,36,Cloudy,Blue,2025-07-26
M0792,Road to Victory,Action,Japanese,India,2025,189.0,A,6.4,18472,71.0,139000000.0,400208303.0,Ananya Sen,Daniel,49,Hot,Black,2026-03-27
M1077,Ocean of Stars,Thriller,Korean,India,1995,130.0,PG-13,6.3,675984,70.4,13000000.0,28893376.0,John Carter,Alex,55,Sunny,Black,2026-04-18
M0879,The Silent Witness,Crime,Telugu,Japan,2019,125.0,PG-13,7.3,212,70.0,202000000.0,461257043.0,M. Wilson,Alex,63,Hot,Green,2024-05-16
M0338,Family Ties 55,Thriller,Japanese,Japan,1997,94.0,PG,8.5,148989,76.3,4000000.0,16024209.0,Raj Mehta,Sophia,18,Rainy,Blue,2025-07-03
M2768,Neon Nights 80,Sci-Fi,Kannada,France,2012,140.0,PG-13,5.7,194,57.3,32000000.0,174672322.0,Ananya Sen,Vikram,36,Cool,Black,2024-08-14
M2344,Shadow Protocol 64,Fantasy,Malayalam,Japan,2022,102.0,PG-13,7.0,3977,61.6,146000000.0,795882089.0,John Carter,Riya,57,Rainy,Red,2025-07-17
M1017,Neon Nights,Thriller,Telugu,India,2017,141.0,A,5.8,4008,86.6,126000000.0,165231167.0,Priya Kumar,Rahul,20,Rainy,Blue,2024-08-16
M1276,A New Beginning 79,Fantasy,English,Canada,1890,143.0,PG-13,8.3,28444,87.9,186000000.0,299522729.0,S. Varma,Kiran,48,Cool,Yellow,2024-08-17
M0456,Code Zero,Animation,Kannada,USA,1999,101.0,PG-13,5.5,443,6.6,78000000.0,406551613.0,S. Varma,Riya,13,Hot,Green,2025-03-18
M3343,The Forgotten Code,Crime,Kannada,France,2013,93.0,PG-13,7.5,41431,55.1,232000000.0,1146141764.0,S. Varma,Daniel,52,Cool,Red,2024-11-19
M0816,Mystery Lake,Romance,Malayalam,South Korea,2012,188.0,PG,7.0,25171,22.4,58000000.0,291520197.0,John Carter,Sophia,52,Hot,Green,2026-09-21
M2318,Kingdom of Ash 89,Comedy,Japanese,India,1995,186.0,A,6.6,961,91.8,100000000.0,216269692.0,Ananya Sen,Rahul,29,Cool,Blue,2024-12-14
M0996,Echoes of Time 82,Adventure,Malayalam,South Korea,2000,125.0,PG-13,7.6,125,48.8,55000000.0,114433485.0,Priya Kumar,Kiran,37,Rainy,Red,2026-05-11
M1982,Rainy Day,Comedy,Hindi,Japan,2021,115.0,U,7.2,20745,42.5,72000000.0,77052982.0,Ananya Sen,Rahul,41,Rainy,Yellow,2024-11-11
M0202,Kingdom of Ash 16,Romance,Japanese,USA,2004,157.0,PG-13,6.3,40513,88.2,14000000.0,18009834.0,Raj Mehta,Sophia,33,Rainy,Black,2026-07-12
M0162,Beyond the Valley,Fantasy,Telugu,India,2020,120.0,PG-13,7.3,459649,52.9,44000000.0,51063551.0,Raj Mehta,Riya,65,Sunny,Blue,2025-03-27
M1580,Secret Agent,Romance,Tamil,Australia,1998,146.0,U,5.9,2467,72.7,40000000.0,133606394.0,M. Wilson,Aarav,47,Hot,Green,2026-05-06
M2778,Road to Victory,Thriller,Telugu,India,2019,143.0,R,6.6,491717,49.4,126000000.0,170599449.0,John Carter,Meera,34,Cool,Yellow,2024-06-22
M2450,Chasing Tomorrow 27,Romance,English,Japan,2023,122.0,PG-13,7.6,448,67.9,150000000.0,600528241.0,Arjun Rao,Sophia,31,Sunny,Yellow,2025-04-22
M0703,The Last Letter 6,Mystery,Malayalam,France,2014,144.0,UA,9.3,451219,49.7,26000000.0,14020074.0,Ananya Sen,Meera,48,Hot,Blue,2024-08-04
M1501,Parallel Worlds,Sci-Fi,,France,1997,142.0,PG,4.9,439905,60.6,133000000.0,269506140.0,John Carter,Aarav,35,Sunny,Blue,2024-03-03
M1130,Shadow Protocol 30,Drama,Hindi,USA,2005,188.0,U,5.6,138,69.0,182000000.0,87276816.0,M. Wilson,Kiran,42,Sunny,Yellow,2024-10-07
M2614,The Missing Piece,Horror,Malayalam,Australia,2013,122.0,A,7.5,61680,29.6,44000000.0,178593967.0,M. Wilson,Rahul,26,Hot,Yellow,2026-03-19
M3462,Hidden Truth,Romance,Korean,Japan,2005,121.0,U,5.9,70106,80.4,221000000.0,339260151.0,S. Varma,Meera,60,Hot,Green,2025-10-20
M1022,A New Beginning 9,Animation,English,USA,1999,170.0,PG-13,9.2,81028,46.0,180000000.0,257542355.0,John Carter,Alex,46,Sunny,Green,2024-06-08
M3074,The Missing Piece,Comedy,Japanese,Japan,1997,170.0,PG-13,5.9,976,70.8,202000000.0,1024259265.0,S. Varma,Vikram,62,Rainy,Green,2026-05-21
M3460,Wild Frontier,Action,Kannada,Australia,2001,149.0,A,6.4,937,76.4,109000000.0,564374356.0,David Miller,Alex,38,Hot,Green,2025-02-22
M1586,Broken Compass 82,Animation,English,USA,2009,187.0,PG,8.1,3984,66.9,13000000.0,35809449.0,David Miller,Rahul,22,Cool,Red,2026-07-18
M1956,Echoes of Time,Action,Korean,Australia,2006,106.0,A,6.3,199994,39.0,150000000.0,305281510.0,S. Varma,Vikram,44,Rainy,Blue,2026-06-24
M3153,Starlight 30,Horror,Japanese,Australia,2019,85.0,PG,8.4,154639,63.4,232000000.0,1172703764.0,M. Wilson,Kiran,36,Cool,Red,2026-10-09
M2254,The Great Escape,Horror,Malayalam,South Korea,2015,124.0,R,6.4,294204,85.6,76000000.0,111963502.0,David Miller,Riya,36,Hot,Yellow,2024-08-20
M0035,Ocean of Stars,Romance,Malayalam,Japan,2002,110.0,A,6.9,158,100.0,113000000.0,189481367.0,Arjun Rao,Vikram,22,Rainy,Black,2026-03-23
M0776,Mystery Lake 73,,Korean,India,2009,79.0,PG-13,6.9,8065,76.2,248000000.0,577840535.0,Arjun Rao,Daniel,52,Cool,Green,2024-08-06
M2557,Lost in Mumbai,Comedy,Kannada,USA,2005,138.0,R,8.7,270,73.4,53000000.0,246089093.0,M. Wilson,Rahul,49,Hot,Green,2026-10-12
M3500,Hidden Truth 62,Mystery,Kannada,USA,2003,154.0,A,7.2,212,92.5,37000000.0,60996553.0,Priya Kumar,Aarav,51,Sunny,Yellow,2026-01-21
M1479,Echoes of Time,Horror,Kannada,India,2018,168.0,UA,5.1,346403,89.1,126000000.0,417445598.0,Ananya Sen,Aarav,16,Sunny,Blue,2026-09-13
M3004,Code Zero,Crime,Korean,France,2000,134.0,UA,8.3,3796,100.0,81000000.0,200390303.0,S. Varma,Kiran,14,Cloudy,Red,2025-04-17
M1391,Neon Nights 83,Mystery,Tamil,UK,2003,154.0,PG-13,7.4,64663,55.0,,118173526.0,,Rahul,27,Cloudy,Red,2025-08-16
M2140,Kingdom of Ash,Mystery,English,Japan,1999,144.0,PG,7.2,1309,50.4,167000000.0,209461271.0,John Carter,Daniel,39,Cool,Green,2024-11-01
M1364,A New Beginning 38,Sci-Fi,Korean,Canada,2013,172.0,A,7.9,159,41.3,86000000.0,68999864.0,Priya Kumar,Daniel,31,Rainy,Green,2026-05-26
M2946,After the Storm,Thriller,Telugu,France,2010,82.0,PG,7.8,433810,66.5,243000000.0,708936210.0,Raj Mehta,Ananya,39,Hot,Yellow,2026-01-26
M2613,Parallel Worlds 52,Action,Japanese,Canada,2004,85.0,PG,7.0,223195,43.7,72000000.0,273147839.0,David Miller,Ananya,58,Cool,Black,2024-12-12
M3418,Code Zero,Action,Malayalam,UK,1999,188.0,UA,7.4,458,100.0,216000000.0,979047027.0,Priya Kumar,Alex,59,Rainy,Red,2026-12-05
M2825,Golden Promise,Adventure,Kannada,France,2002,77.0,PG,6.2,128,42.7,86000000.0,79675568.0,Arjun Rao,Riya,42,Hot,Green,2024-10-18
M2042,Ocean of Stars 18,Romance,Telugu,Japan,2006,80.0,U,7.2,54998,50.3,83000000.0,333720927.0,,Meera,58,Sunny,Green,2025-06-18
M0242,Code Zero,Horror,English,Japan,2017,105.0,A,6.8,3162,69.7,13000000.0,49427697.0,John Carter,Daniel,44,Sunny,Red,2024-05-24
M2062,Digital Hearts,Fantasy,Malayalam,USA,2004,154.0,PG,7.6,65482,62.6,240000000.0,160096996.0,S. Varma,Sophia,30,Hot,Black,2024-09-20
M2364,Chasing Tomorrow 30,Horror,English,UK,2010,90.0,PG,,352751,70.9,40000000.0,53584784.0,S. Varma,Meera,29,Cool,Blue,2025-05-04
M0601,Starlight 94,Fantasy,Malayalam,UK,2020,101.0,R,9.8,109,80.7,61000000.0,162241965.0,Ananya Sen,Ananya,40,Rainy,Yellow,2024-05-10
M2436,Hidden Truth,Animation,Malayalam,South Korea,2023,80.0,PG,6.7,249627,88.9,39000000.0,82097286.0,S. Varma,Rahul,36,Cool,Green,not available
M1298,Hidden Truth 16,Horror,Tamil,UK,2000,185.0,A,6.5,128346,90.8,107000000.0,359059733.0,John Carter,Meera,53,Cool,Green,2024-08-10
M2215,A New Beginning 70,Fantasy,Malayalam,South Korea,2001,183.0,R,5.1,7840,60.2,8000000.0,36799515.0,Ananya Sen,Alex,54,Rainy,Red,2025-06-20
M2889,Secret Agent,Romance,Malayalam,UK,2004,84.0,A,9.2,527082,45.5,32000000.0,148800314.0,Arjun Rao,Riya,29,Hot,Green,2025-11-13
M2069,Crimson Sky,Mystery,Hindi,South Korea,1996,164.0,U,6.2,1080,44.6,40000000.0,82170679.0,Ananya Sen,Alex,39,Sunny,Black,2024-01-09
M0647,Midnight Train,Crime,Japanese,India,2024,157.0,A,5.4,793,43.3,132000000.0,27431085.0,Raj Mehta,Alex,42,Cloudy,Green,2025-02-01
M3557,Rainy Day,Horror,Telugu,India,2019,95.0,PG,4.8,891,72.1,72000000.0,392460681.0,S. Varma,Alex,50,Sunny,Green,2024-09-07
M3203,Beyond the Valley 53,Crime,English,Australia,1996,137.0,A,6.0,83501,24.5,88000000.0,438395541.0,Ananya Sen,Alex,14,Hot,Green,2026-05-16
M1529,Code Zero 99,Comedy,Japanese,Japan,2000,157.0,R,4.9,219155,88.0,38000000.0,95144179.0,M. Wilson,Rahul,51,Sunny,Black,2024-07-06
M2880,Crimson Sky 14,Action,Korean,France,2024,142.0,A,6.6,109,75.1,201000000.0,774359198.0,S. Varma,Aarav,23,Cloudy,Yellow,2024-04-12
M1268,Love in Monsoon 16,Mystery,Japanese,India,2011,105.0,PG,5.6,15983,37.9,61000000.0,93775943.0,David Miller,Alex,26,Rainy,Yellow,2026-01-23
M1900,Ocean of Stars 66,Sci-Fi,English,USA,1995,158.0,PG,5.5,3829,100.0,87000000.0,330741351.0,M. Wilson,Daniel,29,Cool,Red,2024-05-23
M0563,Beyond the Valley,Thriller,Kannada,France,2020,182.0,PG,6.0,664,82.2,50000000.0,263723725.0,M. Wilson,Vikram,28,Rainy,Blue,2024-03-10
M3590,The Missing Piece 56,Adventure,Japanese,South Korea,1995,105.0,A,5.6,13112,52.3,28000000.0,70928495.0,David Miller,Vikram,45,Hot,Yellow,2024-08-07
M2735,Family Ties 17,Sci-Fi,Malayalam,South Korea,2006,120 mins,PG-13,8.0,968,73.1,104000000.0,201148013.0,Arjun Rao,Daniel,60,Cloudy,Blue,2024-01-24
M3006,Dream Catcher 69,Adventure,Korean,UK,2009,138.0,U,6.9,12566,80.0,13000000.0,56391469.0,Raj Mehta,Alex,45,Hot,Red,2025-08-17
M0190,Broken Compass,Comedy,Tamil,South Korea,2018,131.0,U,9.1,112,87.5,140000000.0,520344730.0,M. Wilson,Daniel,35,Sunny,Black,2024-04-07
M1807,Crimson Sky,Mystery,Tamil,UK,2011,127.0,U,6.3,109158,75.1,163000000.0,558344999.0,Ananya Sen,Riya,44,Rainy,Black,2025-06-05
M0976,The Forgotten Code,Adventure,,India,2019,179.0,R,7.0,33092,38.3,111000000.0,49017748.0,Arjun Rao,Sophia,50,Cloudy,Yellow,2026-02-19
M2748,Neon Nights 82,Mystery,Hindi,France,2002,169.0,PG-13,4.8,790696,53.0,163000000.0,94550718.0,John Carter,Ananya,34,Rainy,Red,2026-12-14
M3548,Neon Nights 19,Drama,Tamil,Australia,2003,171.0,UA,6.5,84827,86.0,26000000.0,80718957.0,Raj Mehta,Meera,32,Sunny,Yellow,2025-06-07
M2048,Hidden Truth 73,Mystery,Korean,Japan,1996,112.0,R,7.0,11937,48.3,40000000.0,64472059.0,S. Varma,Alex,41,Hot,Blue,2025-04-22
M2559,The Missing Piece 19,Comedy,English,UK,2007,169.0,UA,8.1,344502,58.5,70000000.0,201863890.0,David Miller,Sophia,18,Cloudy,Green,2025-08-19
M1083,Chasing Tomorrow,,Hindi,France,2015,119.0,UA,8.8,2599,81.6,8000000.0,36537500.0,David Miller,Ananya,52,Hot,Yellow,2026-12-03
M0475,City of Dreams,Action,Korean,USA,2022,144.0,PG,7.0,59175,91.4,140000000.0,261247783.0,M. Wilson,Sophia,37,Hot,Black,2024-01-06
M2905,Kingdom of Ash,Thriller,Hindi,Japan,1996,131.0,R,7.7,1956,100.0,153000000.0,470469304.0,M. Wilson,Riya,52,Cool,Green,2024-06-02
M0748,Hidden Truth,Animation,Telugu,Australia,2013,161.0,UA,,1678,52.0,131000000.0,193873886.0,Ananya Sen,Vikram,32,Cloudy,Blue,2025-10-23
M2301,Wild Frontier,Mystery,Kannada,Japan,2019,153.0,PG-13,7.7,9207,59.9,194000000.0,516691120.0,M. Wilson,Meera,31,Cloudy,Red,2025-04-25
M0022,Broken Compass,Romance,Malayalam,Australia,1999,109.0,A,7.3,93199,52.1,73000000.0,231758147.0,Raj Mehta,Riya,53,Hot,Green,2024-01-11
M3386,Hidden Truth,Sci-Fi,English,Canada,2008,146.0,U,7.6,208469,68.2,193000000.0,107823260.0,John Carter,Aarav,13,Cloudy,Green,2025-09-01
M0460,Mystery Lake 36,Horror,Korean,Japan,2023,163.0,U,6.0,439,49.0,35000000.0,68254894.0,John Carter,Daniel,46,Sunny,Yellow,2024-11-06
M1185,Beyond the Valley 45,Animation,Kannada,South Korea,2004,185.0,PG-13,6.9,210,52.5,43000000.0,43815297.0,Priya Kumar,Alex,40,Cloudy,Green,2026-10-10
M2325,Dream Catcher,Action,Malayalam,USA,2021,180.0,A,5.0,916,86.2,65000000.0,16102451.0,M. Wilson,Ananya,46,Sunny,Black,2025-10-19
M0956,Digital Hearts,Drama,Kannada,Canada,2017,187.0,PG,6.7,4888,63.5,139000000.0,466637326.0,S. Varma,Rahul,42,Hot,Black,2025-08-12
M1216,Wild Frontier,Romance,Malayalam,Australia,2006,122.0,U,6.3,48121,85.1,73000000.0,135635551.0,David Miller,Daniel,42,Hot,Blue,2024-01-18
M2434,Rainy Day 76,Crime,Malayalam,,2016,88.0,A,6.4,1480,82.2,167000000.0,222668801.0,Arjun Rao,Daniel,13,Sunny,Red,2026-06-23
M2854,Midnight Train,Drama,Tamil,Australia,2001,101.0,PG-13,8.7,13586,87.4,79000000.0,101741327.0,Arjun Rao,Ananya,22,Hot,Black,2024-08-08
M3486,Ocean of Stars 41,Adventure,English,France,1998,108.0,PG,6.5,29287,59.5,41000000.0,142011123.0,S. Varma,Vikram,32,Rainy,Yellow,2025-08-09
M1516,After the Storm 2,Horror,English,USA,2005,104.0,A,6.6,4909,35.1,80000000.0,355069349.0,M. Wilson,Rahul,29,Rainy,Black,2026-10-26
M2392,Digital Hearts 13,Sci-Fi,Kannada,Japan,2022,80.0,PG-13,5.6,117591,90.8,45000000.0,89836288.0,Raj Mehta,Rahul,61,Rainy,Green,2025-06-11
M0770,Family Ties 28,Drama,Tamil,South Korea,2023,127.0,R,9.2,44102,54.9,181000000.0,394136527.0,Ananya Sen,Riya,36,Rainy,Blue,2024-12-15
M3381,Starlight,Romance,Korean,France,2010,153.0,UA,7.6,62503,71.6,131000000.0,719031352.0,S. Varma,Daniel,55,Cloudy,Green,2026-09-04
M1686,Wild Frontier 19,Crime,Kannada,Australia,2021,77.0,UA,8.9,378216,77.5,17000000.0,66965248.0,M. Wilson,Kiran,55,Rainy,Blue,2025-10-16
M0131,Love in Monsoon 45,Animation,Kannada,UK,1998,91.0,UA,4.2,29663,63.2,250000000.0,368192944.0,S. Varma,Kiran,15,Sunny,Blue,2024-12-11
M2920,Hidden Truth,Thriller,Kannada,UK,2012,149.0,U,5.5,104,54.4,36000000.0,104338892.0,M. Wilson,Vikram,64,Sunny,Black,2024-05-15
M3172,Golden Promise 96,Animation,Telugu,France,2023,163.0,PG-13,5.6,362,54.0,72000000.0,375042221.0,M. Wilson,Rahul,49,Cloudy,Blue,2024-11-13
M3445,Chasing Tomorrow 43,Sci-Fi,Telugu,Canada,2024,187.0,PG,9.4,126328,55.6,9000000.0,37637358.0,David Miller,Daniel,38,Cloudy,Green,2025-01-10
M2136,Chasing Tomorrow,Thriller,Japanese,UK,2002,115.0,A,7.3,65954,68.4,178000000.0,215277130.0,Raj Mehta,Ananya,21,Rainy,Red,2025-08-16
M1483,Starlight 30,Romance,Korean,USA,1996,77.0,U,5.6,859,54.2,236000000.0,569995009.0,Ananya Sen,Meera,18,Sunny,Yellow,2024-06-03
M0331,A New Beginning 10,Fantasy,English,India,1997,101.0,PG,6.4,155625,92.5,43000000.0,35995643.0,Arjun Rao,Riya,29,Cool,Red,2024-11-13
M1239,Wild Frontier 35,Sci-Fi,Japanese,UK,2014,80.0,PG-13,7.4,33622,86.4,226000000.0,198937542.0,M. Wilson,Alex,49,Sunny,Black,2024-10-27
M0467,Kingdom of Ash 10,Comedy,English,Canada,2000,184.0,R,6.9,413,82.1,129000000.0,501586227.0,Ananya Sen,Daniel,23,Cool,Blue,2026-02-07
M2170,Secret Agent 46,Crime,Japanese,UK,1999,159.0,U,7.2,408687,38.3,220000000.0,215281399.0,Priya Kumar,Sophia,31,Cool,Red,2026-09-28
M1639,Beyond the Valley 99,Drama,Korean,Australia,2022,146.0,PG,8.3,7481,67.7,236000000.0,514007777.0,David Miller,Daniel,23,Hot,Black,2024-10-23
M3093,The Last Horizon,Animation,Korean,India,2012,153.0,PG-13,7.3,120869,69.9,150000000.0,185237213.0,Arjun Rao,Riya,13,Hot,Blue,2025-10-24
M1096,Shadow Protocol,Horror,Korean,France,2009,93.0,R,7.7,2159,76.7,38000000.0,94946038.0,John Carter,Meera,55,Rainy,Red,2024-07-12
M1131,Journey Home 19,Sci-Fi,Kannada,Canada,2002,150.0,U,6.7,196871,53.4,24000000.0,38178345.0,S. Varma,Aarav,59,Sunny,Blue,2026-09-16
M1295,Lost in Mumbai 65,Mystery,Malayalam,India,2024,117.0,R,6.6,58299,88.9,231000000.0,942231792.0,Arjun Rao,Ananya,19,Sunny,Blue,2025-09-13
M0861,Crimson Sky,Romance,Telugu,Australia,2014,188.0,A,8.2,151263,58.3,203000000.0,698868994.0,Ananya Sen,Vikram,43,Rainy,Green,2024-05-03
M3508,Hidden Truth 79,Sci-Fi,Tamil,Canada,2009,82.0,R,6.8,213,56.1,165000000.0,894683956.0,Raj Mehta,Vikram,23,Cloudy,Blue,2025-07-14
M3175,Golden Promise 94,drama,Japanese,France,2009,92.0,U,6.6,688244,47.7,93000000.0,180681808.0,Raj Mehta,Alex,34,Cloudy,Black,2026-03-18
